1.4787,0.2100,1001.2632,smooth_accel_decel3
463502,0.0380,0.0140,0.9456,0.4638,-0.7350,0.2537,1001.2712,smooth_accel_decel3
463562,-0.0005,0.0296,0.8833,-1.2162,-0.3413,-0.0962,1001.2585,smooth_accel_decel3
463622,0.0842,0.0461,10489002,0.0080,0.0020,0.9955,0.1050,0.0088,0.2013,1001.3286,smooth_accel_decel3
489062,0.0073,0.0032,0.9948,0.1838,0.1138,0.2275,1001.3193,smooth_accel_decel3
489122,0.0083,0.0022,0.9943,0.1838,0.1663,0.2887,1001.3215,smooth_accel_decel3
489182,0.0066,0.0041,0.9941,0.2188,0.0000,0.2450,1001.3274,smooth_accel_decel3
489242,0.0086,0.0030,0.9945,0.1225,0.0000,0.2625,1001.3303,smooth_accel_decel3
489302,0.0099,0.0041,0.9962,0.1750,0.0875,0.2713,1001.3333,smooth_accel_decel3
489362,0.0081,0.0019,0.9935,0.2537,0.0613,0.2100,1001.3340,smooth_accel_decel3
489422,0.0070,0.0020,0.9955,0.2188,0.0437,0.2188,1001.3352,smooth_accel_decel3
489482,0.0044,-0.0012,0.9868,0.2537,-0.0088,0.1750,1001.3313,smooth_accel_decel3
489542,0.0030,-0.0002,1.0009,0.2450,0.3237,0.2275,1001.3340,smooth_accel_decel3
489602,-0.0303,-0.0043,0.9265,-0.1050,-0.2800,0.2713,1001.3315,smooth_accel_decel3
489662,0.0198,0.0134,1.0426,0.7613,-0.0350,0.2275,1001.3352,smooth_accel_decel3
489722,0.0062,-0.0037,0.9734,0.1225,0.1750,0.1663,1001.3210,smooth_accel_decel3
489782,-0.0149,0.0029,0.9919,-0.2887,0.5512,0.2713,1001.3308,smooth_accel_decel3
489842,-0.0364,-0.0081,0.9970,0.0787,0.6562,0.2275,1001.3367,smooth_accel_decel3
489902,-0.0488,0.0004,0.9969,0.0350,0.5950,0.2013,1001.3325,smooth_accel_decel3
489962,-0.0587,-0.0032,0.9889,-0.1312,0.1925,0.2625,1001.3235,smooth_accel_decel3
490022,-0.0508,-0.0034,0.9979,0.1312,0.4550,0.2013,1001.3384,smooth_accel_decel3
490082,-0.0522,-0.0054,0.9936,0.2188,0.1400,0.2188,1001.3330,smooth_accel_decel3
490142,-0.0564,-0.0056,0.9925,0.2887,0.0175,0.2450,1001.3159,smooth_accel_decel3
490202,-0.0490,0.0041,0.9977,0.3675,0.0175,0.2713,1001.3293,smooth_accel_decel3
490262,-0.0523,-0.0024,0.9897,0.2887,-0.0437,0.2275,1001.3352,smooth_accel_decel3
490322,-0.0547,-0.0027,0.9901,0.1225,0.1138,0.2537,1001.3264,smooth_accel_decel3
490382,-0.0569,-0.0007,0.9950,0.2537,0.1050,0.2100,1001.3237,smooth_accel_decel3
490442,-0.0588,-0.0013,0.9955,0.0000,0.0613,0.2537,1001.3215,smooth_accel_decel3
490502,-0.0632,-0.0037,0.9933,0.0437,0.2100,0.2975,1001.3335,smooth_accel_decel3
490562,-0.0689,-0.0045,0.9953,0.3325,0.1138,0.2450,1001.3477,smooth_accel_decel3
490622,-0.0757,-0.0079,0.9946,0.1663,0.1138,0.1663,1001.3345,smooth_accel_decel3
490682,-0.0761,-0.0048,0.9931,0.2100,0.0962,0.1225,1001.3271,smooth_accel_decel3
490742,-0.0835,-0.0070,1.0009,0.3413,0.1400,0.1312,1001.3279,smooth_accel_decel3
490802,-0.0967,-0.0005,0.9933,0.4112,0.1312,0.2188,1001.3257,smooth_accel_decel3
490862,-0.1015,-0.0034,0.9953,0.3413,0.2188,0.2188,1001.3318,smooth_accel_decel3
490922,-0.1122,0.0042,0.9923,0.2887,0.4988,0.3325,1001.3269,smooth_accel_decel3
490982,-0.1234,-0.0088,0.9980,0.3675,0.7613,0.3675,1001.3210,smooth_accel_decel3
491042,-0.1344,-0.0102,1.0000,0.3413,0.9450,0.1400,1001.3330,smooth_accel_decel3
491102,-0.1399,-0.0046,0.9891,0.1400,0.5688,0.0700,1001.3303,smooth_accel_decel3
491162,-0.1318,-0.0007,0.9958,0.3150,0.4375,0.2537,1001.3313,smooth_accel_decel3
491222,-0.1335,-0.0037,0.9902,0.2800,0.3762,0.4112,1001.3374,smooth_accel_decel3
491282,-0.1388,-0.0046,0.9970,0.7000,0.1138,0.1225,1001.3198,smooth_accel_decel3
491342,-0.1381,0.0056,0.9943,0.9187,0.1400,-0.0175,1001.3262,smooth_accel_decel3
491402,-0.1419,0.0015,0.9889,0.6737,0.1488,0.0875,1001.3269,smooth_accel_decel3
491462,-0.1388,-0.0193,0.9800,0.5688,-0.1663,0.2013,1001.3186,smooth_accel_decel3
491522,-0.1537,-0.0063,0.9821,0.3500,0.0262,0.0000,1001.3237,smooth_accel_decel3
491582,-0.1407,-0.0036,0.9714,0.3850,-0.9887,0.1225,1001.3162,smooth_accel_decel3
491642,-0.1362,-0.0120,0.9995,0.7788,-0.6475,0.0175,1001.3213,smooth_accel_decel3
491702,-0.1493,-0.0222,0.9877,0.2625,0.1663,-0.1663,1001.3184,smooth_accel_decel3
491762,-0.1504,0.0014,0.9690,0.3237,-0.2362,0.0525,1001.3142,smooth_accel_decel3
491822,-0.1098,-0.0281,1.0251,1.2687,0.4988,0.2362,1001.3176,smooth_accel_decel3
491882,-0.1122,0.0396,1.0372,1.5750,0.3762,0.0700,1001.3088,smooth_accel_decel3
491942,-0.1384,0.0170,0.9872,0.0700,0.1488,-0.0787,1001.3176,smooth_accel_decel3
492002,-0.1357,0.0099,0.9979,0.0262,0.1225,0.0787,1001.3074,smooth_accel_decel3
492062,-0.1607,-0.0202,1.0033,0.5075,-0.2800,0.0700,1001.3093,smooth_accel_decel3
492122,-0.1599,0.0061,0.9759,0.8750,-0.9275,-0.2975,1001.3130,smooth_accel_decel3
492182,-0.1408,0.0271,1.0003,1.0850,-0.2887,-0.4112,1001.3083,smooth_accel_decel3
492242,-0.1345,-0.0032,1.0000,1.1463,-0.2537,0.2013,1001.3008,smooth_accel_decel3
492302,-0.1419,0.0231,1.0385,1.1725,-0.1663,0.1312,1001.3091,smooth_accel_decel3
492362,-0.1606,0.0320,0.9648,-0.1050,-0.5775,0.3063,1001.2971,smooth_accel_decel3
492422,-0.1237,-0.0500,1.0354,0.4988,0.9450,0.0437,1001.3037,smooth_accel_decel3
492482,-0.1742,-0.0049,0.9738,0.3675,0.8662,-0.3587,1001.2927,smooth_accel_decel3
492542,-0.1260,-0.0124,0.9791,0.4112,-0.5250,0.1138,1001.2944,smooth_accel_decel3
492602,-0.1310,-0.0210,1.0484,0.2800,0.7000,0.1575,1001.3003,smooth_accel_decel3
492662,-0.1501,-0.0039,0.9782,-0.3325,-0.2100,0.2625,1001.2861,smooth_accel_decel3
492722,-0.1912,-0.0334,0.9476,0.8662,-0.4025,0.1050,1001.2896,smooth_accel_decel3
492782,-0.1588,0.0122,0.9618,0.4725,-1.0063,0.1925,1001.2859,smooth_accel_decel3
492842,-0.1455,-0.0320,1.0573,0.6388,0.8838,-0.1225,1001.2871,smooth_accel_decel3
492902,-0.1591,0.0456,0.9748,0.7175,0.8662,-0.4638,1001.2822,smooth_accel_decel3
492962,-0.1432,0.0509,1.0487,-0.1138,-1.1638,-0.0262,1001.2822,smooth_accel_decel3
493022,-0.1708,0.0645,0.9551,1.8200,-1.0850,0.3587,1001.2764,smooth_accel_decel3
493082,-0.1044,0.0076,1.0025,-1.2075,-1.0762,0.2450,1001.2668,smooth_accel_decel3
493142,-0.1501,0.0268,0.9013,-0.2975,-0.0350,-0.6037,1001.2698,smooth_accel_decel3
493202,-0.1677,-0.0256,0.9765,-0.7613,-0.8750,-0.0088,1001.2678,smooth_accel_decel3
493262,-0.1647,-0.0459,1.0194,-0.1575,0.5337,0.2975,1001.2778,smooth_accel_decel3
493322,-0.1376,0.0350,1.0509,0.3938,1.3300,-0.0525,1001.2754,smooth_accel_decel3
493382,-0.1365,0.0462,0.9755,0.9887,-0.3938,-0.1312,1001.2656,smooth_accel_decel3
493442,-0.1379,-0.0022,0.9823,1.3737,-0.3150,0.0088,1001.2705,smooth_accel_decel3
493502,-0.2079,0.0551,0.9135,-1.1025,-1.3563,0.4988,1001.2605,smooth_accel_decel3
493562,-0.1557,-0.0583,0.8647,-0.0962,-1.9863,-0.1838,1001.2544,smooth_accel_decel3
493622,-0.0861,0.0384,0.9796,2.9575,-0.5425,-0.6562,1001.2593,smooth_accel_decel3
493682,-0.0869,-0.0290,0.9775,-1.0762,0.5600,0.4550,1001.2485,smooth_accel_decel3
493742,-0.2206,0.1311,0.8638,-0.3850,0.6475,0.2887,1001.2515,smooth_accel_decel3
493802,-0.2026,-0.0537,0.9975,-0.6825,0.5863,-0.3413,1001.2512,smooth_accel_decel3
493862,-0.1749,-0.0129,1.0355,-3.7538,-0.0875,-0.2362,1001.2480,smooth_accel_decel3
493922,-0.1044,0.0214,1.0807,-0.8925,-0.2013,-0.5425,1001.2400,smooth_accel_decel3
493982,-0.1883,0.0576,0.8799,-0.0525,2.6862,-0.8838,1001.2368,smooth_accel_decel3
494042,-0.1205,0.0029,1.0047,-3.1850,-0.7262,-0.9187,1001.2351,smooth_accel_decel3
494102,-0.1103,0.0039,1.0347,-4.6112,0.5163,0.6037,1001.2239,smooth_accel_decel3
494162,-0.1998,-0.0888,0.8112,1.0237,-0.8662,-0.9538,1001.2383,smooth_accel_decel3
494222,-0.1011,-0.0700,1.0560,1.3125,3.5875,-1.0500,1001.2227,smooth_accel_decel3
494282,-0.1568,-0.1071,0.9596,1.6275,-0.3150,-1.0325,1001.2192,smooth_accel_decel3
494342,-0.0990,-0.0129,1.0247,3.4738,1.2862,-0.5600,1001.2258,smooth_accel_decel3
494402,-0.2009,0.0152,1.0731,2.7650,0.9100,-0.4375,1001.2185,smooth_accel_decel3
494462,-0.2184,-0.0625,0.9120,0.0262,-1.6100,-0.8925,1001.2170,smooth_accel_decel3
494522,-0.0373,0.0085,0.9303,-4.0600,-2.7825,0.2188,1001.1980,smooth_accel_decel3
494582,-0.1008,0.1064,1.0258,-1.8813,0.3587,0.8750,1001.1965,smooth_accel_decel3
494642,-0.2029,-0.0232,1.0657,-0.4288,4.0600,-0.5075,1001.1985,smooth_accel_decel3
494702,-0.3347,-0.0559,0.7562,-0.8225,-0.8575,-0.6825,1001.1895,smooth_accel_decel3
494762,-0.1191,-0.0781,1.1761,3.7713,0.3762,0.0000,1001.1995,smooth_accel_decel3
494822,-0.1301,-0.1115,1.0743,2.2662,2.9488,0.0437,1001.2017,smooth_accel_decel3
494882,-0.2240,-0.0137,0.9572,2.5025,-1.4700,0.8050,1001.1936,smooth_accel_decel3
494942,-0.2269,0.1274,0.8931,4.4887,-3.4300,-0.2013,1001.1853,smooth_accel_decel3
495002,-0.2828,-0.0046,0.9030,1.3913,-0.7437,0.6388,1001.1724,smooth_accel_decel3
495062,-0.1274,-0.0942,0.9957,1.4612,-2.1613,0.1050,1001.1675,smooth_accel_decel3
495122,-0.0273,0.1124,1.0721,-0.1838,0.4638,1.0237,1001.1602,smooth_accel_decel3
495182,-0.1323,0.1384,0.8890,0.0613,-0.3063,0.1838,1001.1689,smooth_accel_decel3
495242,-0.1227,0.0112,1.0997,1.8375,2.8087,-0.4638,1001.1555,smooth_accel_decel3
495302,-0.0696,-0.0495,0.8799,-0.4025,2.0738,-0.2188,1001.1606,smooth_accel_decel3
495362,-0.1447,0.0320,1.0924,0.7788,2.7738,0.2887,1001.1536,smooth_accel_decel3
495422,-0.2169,-0.0432,0.9741,0.4900,1.0500,-0.5950,1001.1475,smooth_accel_decel3
495482,-0.2485,-0.0978,1.0338,-0.1050,3.7625,-0.4288,1001.1477,smooth_accel_decel3
495542,-0.1261,0.0153,0.9859,1.7763,0.3762,-0.7437,1001.1360,smooth_accel_decel3
495602,-0.0315,0.0281,1.1006,0.3850,-2.0125,0.8662,1001.1423,smooth_accel_decel3
495662,-0.0681,0.0876,0.9173,2.6688,-3.6837,0.9975,1001.1558,smooth_accel_decel3
495722,-0.1572,0.0579,1.1219,0.3675,0.5425,-0.0262,1001.1296,smooth_accel_decel3
495782,-0.0040,0.0176,0.8976,-1.0675,-3.3425,1.6363,1001.1367,smooth_accel_decel3
495842,-0.1010,-0.0564,1.0928,2.1700,3.1325,-0.3587,1001.1194,smooth_accel_decel3
495902,0.0124,0.0523,1.2476,0.1663,4.0687,-0.7700,1001.1143,smooth_accel_decel3
495962,-0.0868,0.0259,0.8976,-0.1925,-3.4738,0.6825,1001.1099,smooth_accel_decel3
496022,-0.0222,-0.0536,1.1042,1.0588,-1.4000,-0.1138,1001.1182,smooth_accel_decel3
496082,-0.2475,0.0322,0.9757,2.5550,-3.0013,0.1050,1001.0996,smooth_accel_decel3
496142,-0.1710,0.0218,0.9676,-0.0613,-2.8175,-0.4025,1001.1030,smooth_accel_decel3
496202,-0.0981,-0.1771,0.9567,3.9288,2.1263,-0.1663,1001.1072,smooth_accel_decel3
496262,-0.1696,-0.0010,0.8732,-1.2513,-2.3712,-0.1575,1001.0894,smooth_accel_decel3
496322,-0.2047,0.0329,1.0352,-0.9625,-0.1663,0.9800,1001.0840,smooth_accel_decel3
496382,-0.1652,0.0164,0.9812,0.9275,1.6013,-0.3587,1001.0779,smooth_accel_decel3
496442,-0.1828,0.0292,0.7908,1.7850,-3.9462,0.3325,1001.0723,smooth_accel_decel3
496502,-0.1128,-0.0176,0.9834,2.6075,-2.0125,0.0525,1001.0723,smooth_accel_decel3
496562,-0.1449,-0.0093,0.8830,1.8987,-1.2513,0.2800,1001.0654,smooth_accel_decel3
496622,-0.1422,-0.0195,0.8447,-1.4000,1.9338,0.0350,1001.0544,smooth_accel_decel3
496682,-0.1684,-0.1096,0.9517,0.2100,0.2800,-0.2800,1001.0461,smooth_accel_decel3
496742,-0.0949,0.0071,1.0031,0.0262,-2.7825,0.0962,1001.0447,smooth_accel_decel3
496802,-0.0975,0.1335,0.9916,1.5050,-0.0787,0.4375,1001.0488,smooth_accel_decel3
496862,-0.0697,-0.0146,0.9445,0.8138,1.4175,-0.4550,1001.0476,smooth_accel_decel3
496922,-0.1277,-0.0346,1.0655,1.8112,0.0875,0.2537,1001.0469,smooth_accel_decel3
496982,-0.1884,0.1150,0.8545,0.3063,-3.1412,0.2275,1001.0386,smooth_accel_decel3
497042,-0.1979,-0.0437,0.9547,-3.0800,3.3250,-0.2188,1001.0315,smooth_accel_decel3
497102,-0.1652,-0.0403,0.9013,1.4963,-1.0412,-0.2800,1001.0205,smooth_accel_decel3
497162,-0.1547,-0.0820,0.9504,0.4550,-1.5662,-0.5075,1001.0149,smooth_accel_decel3
497222,-0.0474,-0.0031,1.1656,1.3038,2.8350,0.6037,1001.0154,smooth_accel_decel3
497282,-0.1016,0.0313,1.0721,0.2713,-2.1000,0.3938,1001.0173,smooth_accel_decel3
497342,-0.1765,-0.0249,0.8830,-0.5775,0.2188,-0.0175,1001.0005,smooth_accel_decel3
497402,-0.1752,-0.0578,0.7559,-0.6825,-2.0475,-0.0962,1000.9890,smooth_accel_decel3
497462,-0.0744,0.0583,1.1619,-2.5550,2.7562,-0.4025,1000.9868,smooth_accel_decel3
497522,-0.1410,0.0678,1.0178,2.3888,-3.1675,-0.1838,1001.0034,smooth_accel_decel3
497582,-0.0615,0.0400,1.2119,0.9538,0.9712,0.1925,1000.9968,smooth_accel_decel3
497642,-0.1197,0.0315,0.8442,-0.1750,0.6037,-0.1663,1000.9917,smooth_accel_decel3
497702,-0.0954,-0.0005,0.9679,1.4175,-1.3825,0.0437,1000.9956,smooth_accel_decel3
497762,-0.1071,-0.0717,0.8604,-0.4462,-2.5638,-0.1925,1000.9937,smooth_accel_decel3
497822,-0.0303,0.0412,1.0385,-0.1312,-2.4413,0.2975,1000.9661,smooth_accel_decel3
497882,-0.0714,-0.0209,0.9774,0.7613,-0.3762,-0.2975,1000.9653,smooth_accel_decel3
497942,-0.0528,0.0748,1.0138,-0.5512,-0.2013,-0.3587,1000.9873,smooth_accel_decel3
498002,-0.0800,0.0629,1.0310,-0.6125,-0.7613,-0.3938,1000.9683,smooth_accel_decel3
498062,-0.1130,-0.0404,0.9607,-2.6163,0.7525,0.0088,1000.9807,smooth_accel_decel3
498122,-0.1637,0.0297,1.0935,-1.3825,4.3400,-0.4375,1000.9370,smooth_accel_decel3
498182,-0.1676,0.0976,1.2310,1.2513,1.4875,-0.0088,1000.9585,smooth_accel_decel3
498242,-0.1542,0.0182,1.0153,-2.2137,-0.4288,-0.2100,1000.9343,smooth_accel_decel3
498302,-0.1120,-0.0634,0.9992,0.2625,-1.9338,0.0262,1000.9412,smooth_accel_decel3
498362,-0.0774,0.0193,1.0540,2.2838,-2.1962,-0.3675,1000.9202,smooth_accel_decel3
498422,-0.0955,0.0334,0.8685,0.6125,-4.3488,-0.0088,1000.9399,smooth_accel_decel3
498482,-0.1286,0.0237,0.9329,-0.7962,3.1850,-0.7088,1000.9197,smooth_accel_decel3
498542,-0.1705,-0.0222,0.8067,-2.1000,-2.1000,-0.1225,1000.9055,smooth_accel_decel3
498602,-0.0901,0.0286,0.9707,0.3938,-0.9362,0.4112,1000.9167,smooth_accel_decel3
498662,-0.0248,-0.0825,1.0421,-2.6775,0.3325,-0.2188,1000.8884,smooth_accel_decel3
498722,-0.1368,-0.1005,0.9044,0.2625,-3.8063,0.3675,1000.8982,smooth_accel_decel3
498782,-0.0160,0.0583,1.1554,4.2087,1.3825,-0.4462,1000.8972,smooth_accel_decel3
498842,-0.0280,-0.1049,0.9692,-1.9162,0.4200,-0.7788,1000.8799,smooth_accel_decel3
498902,-0.0900,0.0542,0.9073,-1.4088,-0.5688,0.6037,1000.8896,smooth_accel_decel3
498962,-0.1205,-0.0229,1.0005,0.5688,1.2775,-0.2275,1000.8870,smooth_accel_decel3
499022,-0.0508,-0.1369,0.9475,0.0700,1.3125,-0.9362,1000.8865,smooth_accel_decel3
499082,-0.0029,0.1785,0.8555,0.7875,-2.6688,-0.2713,1000.8809,smooth_accel_decel3
499142,-0.0288,-0.0598,0.8915,0.5512,-4.2000,0.0613,1000.8879,smooth_accel_decel3
499202,0.0415,0.1550,1.0931,-1.6363,-0.0700,0.5950,1000.8735,smooth_accel_decel3
499262,-0.0476,0.0990,0.9594,-0.2625,2.4588,-0.6300,1000.8660,smooth_accel_decel3
499322,-0.0769,-0.0322,0.8930,-2.4762,-2.2487,-0.1050,1000.8657,smooth_accel_decel3
499382,-0.0571,-0.0291,1.0407,0.4900,-1.0063,-0.0875,1000.8682,smooth_accel_decel3
499442,-0.0571,0.0334,1.0136,0.0787,0.3587,0.3675,1000.8569,smooth_accel_decel3
499502,-0.0244,0.1083,1.0175,-1.7938,1.3388,-0.1400,1000.8604,smooth_accel_decel3
499562,-0.1183,-0.1667,0.9055,0.5075,-1.4000,0.1312,1000.8638,smooth_accel_decel3
499622,-0.0100,-0.0654,1.0713,0.8400,-1.5312,-0.2800,1000.8752,smooth_accel_decel3
499682,-0.0232,0.0986,1.0463,0.9013,-0.7262,0.3500,1000.8635,smooth_accel_decel3
499742,-0.0986,-0.0632,0.8537,0.1488,0.7437,-0.1050,1000.8435,smooth_accel_decel3
499802,-0.0397,-0.0205,0.9147,-2.2575,-0.9013,-0.1750,1000.8572,smooth_accel_decel3
499862,-0.0480,-0.0429,0.9967,0.6913,1.5838,0.3762,1000.8513,smooth_accel_decel3
499922,-0.0053,0.1379,1.0555,0.3938,1.4963,0.0525,1000.8352,smooth_accel_decel3
499982,-0.0005,0.1169,1.0984,-0.5512,2.2400,0.5075,1000.8352,smooth_accel_decel3
500042,-0.0354,0.1149,0.8833,-2.6862,0.7175,0.1663,1000.8394,smooth_accel_decel3
500102,-0.0303,-0.0554,0.8959,-0.0525,-3.2812,-0.1138,1000.8513,smooth_accel_decel3
500162,0.0070,0.1652,1.0897,1.1988,-0.7962,0.1663,1000.8320,smooth_accel_decel3
500222,-0.0191,0.0656,0.9567,-0.2188,-1.5575,0.2362,1000.8369,smooth_accel_decel3
500282,0.0267,0.0586,1.0970,-0.3762,-1.6275,0.0613,1000.8245,smooth_accel_decel3
500342,0.0536,0.0183,1.0676,-0.9450,0.1050,0.1225,1000.8186,smooth_accel_decel3
500402,-0.0607,0.0059,0.9507,0.6388,-2.1613,-0.4462,1000.8384,smooth_accel_decel3
500462,-0.1152,-0.0540,0.8989,-1.9075,2.1175,0.0350,1000.8481,smooth_accel_decel3
500522,-0.0434,0.1557,0.9714,-2.9838,1.2075,0.1312,1000.8342,smooth_accel_decel3
500582,-0.0630,-0.0640,0.8484,2.4938,0.0962,0.2537,1000.8152,smooth_accel_decel3
500642,-0.1105,0.1403,0.8225,-4.0950,0.6737,0.3413,1000.8291,smooth_accel_decel3
500702,0.0913,-0.0043,1.2014,-6.9037,1.4350,-0.0613,1000.8279,smooth_accel_decel3
500762,-0.0439,-0.1472,0.9986,-0.8838,2.2400,-0.1575,1000.8347,smooth_accel_decel3
500822,-0.0526,-0.2752,0.8564,4.9437,-0.1750,1.0063,1000.8271,smooth_accel_decel3
500882,-0.0420,0.1352,1.1554,2.6950,-0.2713,2.3625,1000.8484,smooth_accel_decel3
500942,-0.0324,0.1252,1.0387,6.6325,-5.3288,0.6562,1000.8274,smooth_accel_decel3
501002,0.1650,-0.0412,0.9508,5.0312,-0.1750,0.2362,1000.8457,smooth_accel_decel3
501062,-0.0911,0.2691,0.9608,4.3050,13.6412,-0.1312,1000.8486,smooth_accel_decel3
501122,-0.0376,0.2091,0.6764,-3.0800,-5.9062,0.8487,1000.8264,smooth_accel_decel3
501182,-0.1786,0.0132,0.8247,0.1838,-5.8538,-1.3125,1000.8254,smooth_accel_decel3
501242,-0.1559,-0.1950,0.4138,3.4738,-7.1750,-0.3850,1000.8345,smooth_accel_decel3
501302,-0.1441,0.3899,0.8474,-4.1213,-1.8900,0.9450,1000.8589,smooth_accel_decel3
501362,-0.1685,0.0822,1.2046,-8.2338,1.0325,-0.2013,1000.8547,smooth_accel_decel3
501422,-0.0634,-0.2338,1.1131,1.1638,3.6137,0.0700,1000.8125,smooth_accel_decel3
501482,-0.0852,-0.1039,0.6545,2.2925,3.6050,0.2975,1000.8445,smooth_accel_decel3
501542,-0.1548,0.1330,1.4628,-7.6475,0.6125,0.4638,1000.8306,smooth_accel_decel3
501602,0.0849,-0.2832,1.2459,-2.2400,2.6163,-0.2275,1000.8164,smooth_accel_decel3
501662,-0.1510,-0.0798,0.5910,-1.6275,-5.4950,-0.8662,1000.8369,smooth_accel_decel3
501722,0.0260,0.0181,0.9889,-2.0300,-2.7650,-0.2625,1000.8218,smooth_accel_decel3
501782,0.0944,0.0586,1.1100,1.0938,0.9100,-0.2188,1000.8201,smooth_accel_decel3
501842,0.0742,0.0226,0.9819,-1.0500,0.4375,0.4550,1000.8186,smooth_accel_decel3
501902,-0.0156,-0.0266,0.9739,1.3212,-1.1200,1.3300,1000.8083,smooth_accel_decel3
501962,-0.0205,0.0525,1.1546,1.7413,3.5438,-0.1225,1000.8323,smooth_accel_decel3
502022,0.0066,-0.0275,0.9250,-0.3325,-0.2450,0.1312,1000.8271,smooth_accel_decel3
502082,0.1805,-0.0742,1.0836,-0.4725,0.4900,0.1750,1000.8328,smooth_accel_decel3
502142,0.0239,0.0456,0.9567,0.5775,-0.1050,0.4288,1000.8298,smooth_accel_decel3
502202,0.1588,0.1340,1.2724,0.9450,-1.2862,-0.0525,1000.8394,smooth_accel_decel3
502262,0.2223,0.0955,1.3776,2.2487,-1.1988,0.5775,1000.8281,smooth_accel_decel3
502322,0.0539,0.0503,1.0125,0.8400,0.3850,0.5250,1000.8313,smooth_accel_decel3
502382,0.0134,0.0473,0.9633,-0.8050,1.3388,0.4725,1000.8416,smooth_accel_decel3
502442,0.0423,-0.0342,0.9572,1.6275,-0.7525,0.0700,1000.8511,smooth_accel_decel3
502502,0.0732,0.0390,0.9660,1.0412,0.1838,0.2975,1000.8428,smooth_accel_decel3
502562,0.0584,0.0044,1.0756,-2.6250,0.3237,0.0613,1000.8552,smooth_accel_decel3
502622,0.0715,0.0817,0.9143,-3.2287,3.1063,0.7350,1000.8643,smooth_accel_decel3
502682,0.0595,-0.0430,0.9238,-0.4550,-2.1437,-0.3237,1000.8630,smooth_accel_decel3
502742,0.0146,-0.0679,0.9532,0.6650,1.6013,0.4288,1000.8787,smooth_accel_decel3
502802,0.1011,0.0901,1.1644,-1.0325,0.6037,0.7088,1000.8655,smooth_accel_decel3
502862,0.0922,0.0210,0.9465,-1.5137,0.0613,0.5863,1000.8757,smooth_accel_decel3
502922,0.0808,0.0093,0.9647,-1.1900,-1.2513,1.4525,1000.8618,smooth_accel_decel3
502982,0.0915,-0.0037,1.0274,0.5863,-0.3500,0.9450,1000.8687,smooth_accel_decel3
503042,0.1193,-0.0139,1.1017,0.0175,-2.6337,0.5600,1000.8613,smooth_accel_decel3
503102,0.0337,0.0661,0.8806,1.4000,2.7300,0.2100,1000.8723,smooth_accel_decel3
503162,0.0581,-0.0344,0.8904,0.2975,4.3663,-0.5688,1000.8711,smooth_accel_decel3
503222,0.1615,0.1139,1.2486,2.2487,2.2575,0.2713,1000.8723,smooth_accel_decel3
503282,0.0786,-0.0090,1.0390,0.9975,-3.3163,0.0700,1000.8745,smooth_accel_decel3
503342,0.0784,-0.0554,1.0310,0.9625,-1.0237,0.7700,1000.8743,smooth_accel_decel3
503402,-0.0232,0.0528,0.8625,-1.2687,2.1962,0.4988,1000.8669,smooth_accel_decel3
503462,-0.0584,-0.1081,0.7735,1.4963,-2.0387,-0.0962,1000.8850,smooth_accel_decel3
503522,0.0154,0.0219,1.0182,-1.8288,0.5600,0.5163,1000.8762,smooth_accel_decel3
503582,0.1238,0.0795,1.1705,-3.0975,1.9775,0.3587,1000.8967,smooth_accel_decel3
503642,0.0474,0.0078,1.1305,0.5250,0.1138,-0.3850,1000.8918,smooth_accel_decel3
503702,0.1373,0.0473,1.1100,2.8963,3.9200,-0.0787,1000.8877,smooth_accel_decel3
503762,0.1037,-0.0957,1.0394,0.6825,4.0250,-0.6737,1000.8982,smooth_accel_decel3
503822,0.0042,0.0487,0.7828,-3.1500,-1.7237,0.6212,1000.8894,smooth_accel_decel3
503882,0.0210,-0.0081,1.0375,0.4812,-0.7700,0.2975,1000.9033,smooth_accel_decel3
503942,0.0842,-0.0088,0.8679,-0.3938,-0.0088,-0.5075,1000.8926,smooth_accel_decel3
504002,0.0484,-0.1890,0.8647,0.2625,-3.5700,-0.3587,1000.9185,smooth_accel_decel3
504062,0.0437,-0.1491,0.9145,2.2925,-1.4262,-0.3325,1000.9023,smooth_accel_decel3
504122,0.0532,0.1437,1.0256,3.7975,0.1750,0.1312,1000.9089,smooth_accel_decel3
504182,0.1396,0.0637,1.1756,1.2513,0.2713,0.8400,1000.9065,smooth_accel_decel3
504242,0.0849,-0.0298,0.9126,-1.0237,-3.4650,0.3762,1000.9075,smooth_accel_decel3
504302,0.0510,-0.0115,1.0690,-2.1875,1.8288,0.5425,1000.9263,smooth_accel_decel3
504362,0.0764,0.0534,1.0524,1.3125,1.7062,0.0437,1000.9421,smooth_accel_decel3
504422,0.1122,0.1474,1.2584,4.1213,5.9587,-0.4375,1000.9355,smooth_accel_decel3
504482,-0.0139,0.0774,0.8718,1.6275,1.9863,-0.3938,1000.9500,smooth_accel_decel3
504542,0.1666,-0.0163,1.1538,-0.2713,-0.8487,0.1663,1000.9426,smooth_accel_decel3
504602,0.1157,-0.0996,1.1838,3.6488,-0.9800,1.1113,1000.9556,smooth_accel_decel3
504662,0.0083,0.0562,1.0022,-0.4638,-0.3675,0.1838,1000.9465,smooth_accel_decel3
504722,0.1227,-0.1455,0.9740,-0.9013,-3.7100,0.9712,1000.9482,smooth_accel_decel3
504782,0.0535,-0.1339,1.0119,-0.6737,2.8963,-0.0875,1000.9368,smooth_accel_decel3
504842,0.1158,0.1541,0.9731,-0.7700,1.3913,0.6388,1000.9517,smooth_accel_decel3
504902,-0.0222,-0.1213,0.7698,-4.8738,4.3750,0.0962,1000.9500,smooth_accel_decel3
504962,0.0334,-0.0281,0.9493,1.6712,5.2063,-0.8400,1000.9507,smooth_accel_decel3
505022,-0.0180,-0.0059,0.8549,2.3275,1.0850,-0.3413,1000.9485,smooth_accel_decel3
505082,0.0749,0.0332,1.0541,3.0450,3.2200,0.1312,1000.9543,smooth_accel_decel3
505142,0.0840,0.0132,1.1012,-1.6625,-2.7125,0.4200,1000.9587,smooth_accel_decel3
505202,0.0530,-0.0140,1.0092,-0.7700,1.4088,0.6212,1000.9478,smooth_accel_decel3
505262,0.1244,-0.0503,1.0097,2.0738,-5.4775,0.1663,1000.9583,smooth_accel_decel3
505322,0.1188,0.0700,1.0753,1.3913,-1.3825,0.4812,1000.9500,smooth_accel_decel3
505382,-0.0051,0.1083,1.0233,2.0387,0.9975,-0.1312,1000.9475,smooth_accel_decel3
505442,0.0895,0.0404,0.9714,-0.5688,-2.6600,0.4812,1000.9500,smooth_accel_decel3
505502,0.1271,-0.0021,1.0511,2.0738,1.5312,0.1400,1000.9609,smooth_accel_decel3
505562,0.0796,0.0988,1.0883,0.3063,1.2775,0.6037,1000.9656,smooth_accel_decel3
505622,0.0383,-0.0933,0.9201,0.7262,0.9362,0.4375,1000.9641,smooth_accel_decel3
505682,-0.0057,0.0199,0.8660,0.7437,2.0912,0.4638,1000.9622,smooth_accel_decel3
505742,-0.0086,-0.0037,1.0192,0.0875,2.3363,0.2188,1000.9661,smooth_accel_decel3
505802,0.0705,-0.0522,1.0346,1.9600,0.1400,0.2100,1000.9697,smooth_accel_decel3
505862,0.0237,0.0271,0.8969,0.6825,-1.8375,0.5863,1000.9790,smooth_accel_decel3
505922,0.0419,-0.0205,1.0001,0.8313,-0.2188,0.4288,1000.9695,smooth_accel_decel3
505982,0.0525,0.1059,1.0733,1.3212,0.7175,0.3675,1000.9783,smooth_accel_decel3
506042,0.0356,0.0408,0.9761,-0.2275,-1.9600,0.5250,1000.9768,smooth_accel_decel3
506102,0.0301,-0.1630,0.9579,-0.6562,0.1925,0.3587,1000.9724,smooth_accel_decel3
506162,0.0220,0.0839,0.8322,1.4875,1.2950,0.4638,1000.9797,smooth_accel_decel3
506222,0.0005,-0.0720,0.8669,-1.6100,0.0700,-0.0088,1000.9800,smooth_accel_decel3
506282,0.0586,-0.0666,0.9279,0.2275,0.8925,0.3500,1000.9941,smooth_accel_decel3
506342,0.0756,-0.0705,0.9780,3.2900,0.2188,0.6475,1000.9712,smooth_accel_decel3
506402,0.0356,0.0146,0.8352,0.4550,1.0938,0.8400,1000.9810,smooth_accel_decel3
506462,0.0034,-0.0905,0.9210,0.5337,1.8550,0.1400,1000.9919,smooth_accel_decel3
506522,0.0447,0.0244,1.0550,0.3675,-0.6125,0.7613,1000.9968,smooth_accel_decel3
506582,0.0005,-0.1022,0.9530,0.4812,-1.3563,0.3938,1000.9878,smooth_accel_decel3
506642,-0.0776,0.0264,0.6881,1.7850,1.5400,1.0850,1000.9968,smooth_accel_decel3
506702,0.0854,0.0400,1.0957,0.2275,0.8750,0.6037,1000.9844,smooth_accel_decel3
506762,0.0630,0.0609,1.0330,1.4438,-0.8400,0.7262,1001.0117,smooth_accel_decel3
506822,0.0766,-0.0310,0.9736,1.1375,-0.6125,0.4550,1001.0085,smooth_accel_decel3
506882,0.0691,0.0335,1.0626,-1.2162,1.6275,-0.0962,1000.9941,smooth_accel_decel3
506942,0.0690,0.0065,0.8979,0.8750,-1.3300,-0.1400,1001.0054,smooth_accel_decel3
507002,0.0668,-0.0085,0.9492,1.5925,-1.1900,0.2537,1000.9998,smooth_accel_decel3
507062,0.1850,0.0915,1.1951,3.5438,1.3737,0.4025,1001.0112,smooth_accel_decel3
507122,0.0339,0.0730,0.9926,1.7587,-0.8838,0.2100,1001.0168,smooth_accel_decel3
507182,0.2254,0.0592,1.3415,0.1138,1.2425,-0.1488,1001.0205,smooth_accel_decel3
507242,0.0969,0.1349,1.1280,-1.2162,0.9538,1.1988,1001.0178,smooth_accel_decel3
507302,0.0343,-0.1325,0.8852,-1.8725,1.5838,-0.0262,1001.0278,smooth_accel_decel3
507362,0.0371,-0.0698,1.0352,2.7213,3.2550,0.3063,1001.0417,smooth_accel_decel3
507422,0.0247,0.0810,1.0307,0.2013,0.2450,0.3500,1001.0381,smooth_accel_decel3
507482,0.1564,0.1327,1.3825,1.7325,4.0075,0.3063,1001.0381,smooth_accel_decel3
507542,0.0293,0.0871,1.0370,0.3587,3.4825,0.6388,1001.0569,smooth_accel_decel3
507602,0.0293,-0.0134,0.8181,-1.6537,1.9688,0.9800,1001.0403,smooth_accel_decel3
507662,0.0642,-0.0032,0.9402,-0.7962,-1.7850,0.5337,1001.0452,smooth_accel_decel3
507722,0.0222,0.0117,0.9134,-0.4988,0.2362,0.1488,1001.0486,smooth_accel_decel3
507782,0.2237,0.1098,1.2134,-0.2800,1.6888,0.2887,1001.0256,smooth_accel_decel3
507842,0.0634,0.0356,0.9823,-0.2625,-0.7088,-0.1488,1001.0415,smooth_accel_decel3
507902,0.1179,0.0218,1.0731,-0.1050,2.0738,-0.3675,1001.0459,smooth_accel_decel3
507962,0.0507,0.0422,1.0393,0.9625,-0.8662,0.7175,1001.0312,smooth_accel_decel3
508022,-0.0228,-0.0004,1.0576,-0.6825,3.8763,-0.3587,1001.0413,smooth_accel_decel3
508082,0.1285,0.0473,1.2307,3.0187,0.4025,-0.0262,1001.0566,smooth_accel_decel3
508142,0.1317,0.0852,1.1644,1.5312,1.2775,-0.4462,1001.0491,smooth_accel_decel3
508202,0.0750,0.0344,0.9850,-1.7237,-0.7350,-0.5512,1001.0393,smooth_accel_decel3
508262,0.0572,0.0856,1.0895,2.4150,2.9050,0.7175,1001.0461,smooth_accel_decel3
508322,0.0801,0.0595,1.0946,-0.5512,-0.4638,-0.6475,1001.0498,smooth_accel_decel3
508382,0.0847,-0.0925,1.0490,-1.4612,-1.5838,0.2537,1001.0442,smooth_accel_decel3
508442,-0.0214,-0.0141,0.8206,2.4325,-1.7587,-0.3150,1001.0444,smooth_accel_decel3
508502,0.0419,0.0390,0.9761,-2.9750,0.2625,-0.4812,1001.0420,smooth_accel_decel3
508562,0.0556,-0.0497,0.9711,-1.3038,1.5662,0.1488,1001.0391,smooth_accel_decel3
508622,0.0264,0.0190,0.9315,-0.3587,3.3863,-0.0787,1001.0225,smooth_accel_decel3
508682,0.0540,-0.0278,0.9077,1.2250,-0.8225,0.6825,1001.0417,smooth_accel_decel3
508742,-0.0173,0.0132,0.9133,0.8225,0.7175,0.7088,1001.0361,smooth_accel_decel3
508802,0.0124,-0.0327,0.9397,2.2050,1.9950,-0.2362,1001.0479,smooth_accel_decel3
508862,0.0964,0.0915,0.9714,-1.1463,2.2662,-0.1138,1001.0483,smooth_accel_decel3
508922,0.0587,0.0503,0.8849,-0.4812,3.5612,-0.2537,1001.0593,smooth_accel_decel3
508982,0.1159,0.0805,1.0346,-1.6537,2.4413,0.3237,1001.0532,smooth_accel_decel3
509042,0.0581,0.0048,1.0597,-1.3038,2.8963,-0.2887,1001.0474,smooth_accel_decel3
509102,-0.0707,0.0163,0.8996,-2.6775,5.2587,-0.1400,1001.0522,smooth_accel_decel3
509162,0.0371,0.0903,1.0715,0.8138,-3.4125,-0.5425,1001.0649,smooth_accel_decel3
509222,0.1199,0.0209,1.0723,1.8900,1.5225,-0.0700,1001.0437,smooth_accel_decel3
509282,0.1987,0.1251,1.1758,-2.2750,2.3187,0.0787,1001.0515,smooth_accel_decel3
509342,0.0624,0.0379,0.7689,-0.4112,-1.6888,0.5075,1001.0469,smooth_accel_decel3
509402,-0.0065,0.0154,0.7506,-1.0237,-1.9338,0.3675,1001.0608,smooth_accel_decel3
509462,0.1224,0.0193,1.1366,0.5600,3.5963,-0.2975,1001.0557,smooth_accel_decel3
509522,0.0754,0.0268,1.0116,-0.1138,0.5950,-0.3063,1001.0588,smooth_accel_decel3
509582,0.0476,-0.1796,0.8359,-0.0088,-1.3913,0.0088,1001.0447,smooth_accel_decel3
509642,-0.0234,0.0666,0.9565,2.0650,2.2225,0.4288,1001.0693,smooth_accel_decel3
509702,0.0805,0.0187,1.0441,0.3938,2.3800,-0.0613,1001.0813,smooth_accel_decel3
509762,0.0546,0.0617,0.9711,-0.9800,-1.8813,0.4288,1001.0745,smooth_accel_decel3
509822,0.0710,-0.0039,1.0026,0.4550,-0.6125,0.3413,1001.0742,smooth_accel_decel3
509882,0.0461,-0.0480,0.9502,-0.2887,0.9625,0.2450,1001.0750,smooth_accel_decel3
509942,0.0381,-0.0352,0.9755,2.4588,-0.9887,0.0613,1001.0862,smooth_accel_decel3
510002,0.1523,0.0391,1.1126,1.4088,1.9162,0.6212,1001.0811,smooth_accel_decel3
510062,0.0569,0.0764,1.1910,0.5163,-0.8575,0.5512,1001.0767,smooth_accel_decel3
510122,0.0883,-0.0199,1.1597,-1.0063,-0.6825,0.4200,1001.0693,smooth_accel_decel3
510182,0.0407,0.1215,1.1264,1.5400,-1.6625,0.9187,1001.0891,smooth_accel_decel3
510242,0.0248,-0.0488,0.9955,0.9538,-2.2137,0.2625,1001.0833,smooth_accel_decel3
510302,-0.0509,0.1133,0.9879,1.6975,3.3512,-0.0525,1001.0889,smooth_accel_decel3
510362,0.0037,-0.1144,0.8515,-1.8200,-1.0500,-0.0525,1001.0764,smooth_accel_decel3
510422,0.1005,0.0007,0.9465,-0.5950,-2.0650,0.8225,1001.0957,smooth_accel_decel3
510482,0.1076,0.0217,1.1393,1.2862,-3.6925,0.7613,1001.1091,smooth_accel_decel3
510542,0.0419,-0.0193,0.9968,-2.6688,0.8925,0.4200,1001.0928,smooth_accel_decel3
510602,0.0345,-0.0325,0.9219,-0.2537,-0.2013,0.6475,1001.1003,smooth_accel_decel3
510662,0.0387,0.0068,0.9052,-0.1838,-1.1812,0.2800,1001.1001,smooth_accel_decel3
510722,0.0328,-0.0112,0.9295,0.2013,-1.0412,0.1312,1001.0955,smooth_accel_decel3
510782,0.1001,-0.0322,1.1380,0.0088,2.6250,0.5163,1001.0696,smooth_accel_decel3
510842,0.0295,0.0229,1.0231,-0.2450,0.0175,0.4288,1001.0798,smooth_accel_decel3
510902,0.0556,0.0443,1.1519,2.0125,0.8838,0.0000,1001.0813,smooth_accel_decel3
510962,0.1143,-0.0022,0.9769,-1.6013,1.1025,-0.2625,1001.0566,smooth_accel_decel3
511022,-0.0061,-0.0703,0.9227,-0.8575,-1.6013,0.4638,1001.0798,smooth_accel_decel3
511082,0.0207,-0.0440,0.9520,-0.5950,-2.9925,0.2100,1001.0667,smooth_accel_decel3
511142,0.0914,0.0217,1.1309,0.5250,-0.5950,-0.1488,1001.0830,smooth_accel_decel3
511202,0.0900,0.0109,1.1075,1.6363,0.0875,0.2450,1001.0713,smooth_accel_decel3
511262,0.0744,-0.0176,0.9604,0.5425,0.9975,-0.2013,1001.0747,smooth_accel_decel3
511322,0.0468,-0.0326,0.9933,-0.6475,1.3300,0.1925,1001.0720,smooth_accel_decel3
511382,0.1252,0.0663,1.1063,0.7437,-1.0675,0.8400,1001.0869,smooth_accel_decel3
511442,0.0763,0.1100,0.9592,0.5775,-0.3325,0.6037,1001.0823,smooth_accel_decel3
511502,0.1141,0.0407,0.9311,0.2275,1.0500,0.0525,1001.0869,smooth_accel_decel3
511562,0.1139,0.1317,1.0587,1.4000,-0.1750,0.4725,1001.0825,smooth_accel_decel3
511622,0.0881,0.0404,1.0097,1.8725,-0.5337,-0.0700,1001.0847,smooth_accel_decel3
511682,0.0773,0.1377,1.0507,0.9712,1.2075,-0.1312,1001.0923,smooth_accel_decel3
511742,0.0246,0.0325,1.0016,2.1875,0.9887,-0.2013,1001.0903,smooth_accel_decel3
511802,0.0380,0.0146,0.9798,0.2800,2.1962,-0.5250,1001.0981,smooth_accel_decel3
511862,0.1036,0.0087,1.0367,-0.2800,-2.6512,0.3938,1001.0938,smooth_accel_decel3
511922,0.0730,-0.0225,1.0859,-1.1200,2.7562,0.3150,1001.0999,smooth_accel_decel3
511982,0.0532,0.1327,1.1314,-0.3675,3.3250,0.2537,1001.0955,smooth_accel_decel3
512042,0.0748,-0.0461,0.8947,1.9162,-0.3500,-0.0787,1001.1011,smooth_accel_decel3
512102,0.0595,0.0296,0.9796,-0.3237,-1.6537,-0.1138,1001.1030,smooth_accel_decel3
512162,0.0691,0.0270,1.0014,-0.1050,-0.8838,-0.1838,1001.1013,smooth_accel_decel3
512222,0.0201,-0.0112,0.9958,0.3500,0.9100,0.1925,1001.1011,smooth_accel_decel3
512282,-0.0340,-0.1640,0.8544,-1.1550,0.5600,-0.1225,1001.1008,smooth_accel_decel3
512342,0.0142,-0.0268,0.8931,-0.8662,-0.4812,-0.2188,1001.1067,smooth_accel_decel3
512402,0.0537,0.0120,1.0921,0.4462,0.9450,0.3150,1001.0964,smooth_accel_decel3
512462,0.0644,0.0196,0.9836,1.3125,0.5163,-0.3938,1001.1025,smooth_accel_decel3
512522,0.0415,-0.0586,0.9465,-1.1375,3.8325,0.2975,1001.1130,smooth_accel_decel3
512582,0.0742,0.1105,1.0002,0.0875,0.1138,0.5688,1001.1182,smooth_accel_decel3
512642,0.0680,-0.0010,1.0143,-0.3413,-1.7237,0.4638,1001.1233,smooth_accel_decel3
512702,0.0163,0.0454,1.1361,1.5838,2.9225,0.0350,1001.1362,smooth_accel_decel3
512762,0.0622,0.1532,0.9446,0.2013,-0.5163,0.0875,1001.1340,smooth_accel_decel3
512822,0.1152,0.0379,1.0450,-0.6650,0.0088,0.3237,1001.1387,smooth_accel_decel3
512882,0.0320,0.0520,0.8777,0.4288,-0.2275,0.1050,1001.1426,smooth_accel_decel3
512942,0.0395,-0.0570,0.9294,-1.4262,-0.4288,0.7088,1001.1531,smooth_accel_decel3
513002,0.0917,0.0289,1.0260,0.8138,1.1025,0.3413,1001.1650,smooth_accel_decel3
513062,0.1035,0.0041,1.0773,-0.4900,0.6737,0.1312,1001.1648,smooth_accel_decel3
513122,0.0178,0.0361,0.9836,1.7675,0.2188,0.1138,1001.1724,smooth_accel_decel3
513182,0.0249,-0.0268,1.0917,0.0962,3.0887,0.0437,1001.1709,smooth_accel_decel3
513242,0.0296,-0.0276,0.8861,-1.0588,-3.6575,0.4375,1001.1709,smooth_accel_decel3
513302,0.0483,0.1193,1.1104,2.8525,-0.2887,0.2537,1001.1653,smooth_accel_decel3
513362,0.0942,0.1196,1.0623,-1.4525,1.4612,0.0613,1001.1655,smooth_accel_decel3
513422,0.1058,-0.0515,0.9884,-0.6125,1.3913,0.4462,1001.1648,smooth_accel_decel3
513482,0.0417,0.1006,1.0027,1.4350,1.3125,0.0262,1001.1641,smooth_accel_decel3
513542,0.0383,-0.0439,1.0640,-1.2950,0.6125,-0.2800,1001.1699,smooth_accel_decel3
513602,0.0483,-0.0586,1.0106,1.4350,0.3762,0.3237,1001.1738,smooth_accel_decel3
513662,0.0730,0.1051,1.0918,-2.5725,2.9750,0.3675,1001.1677,smooth_accel_decel3
513722,0.0347,-0.0117,0.9370,0.4638,2.0300,0.1575,1001.1760,smooth_accel_decel3
513782,0.0557,0.0405,0.9801,1.6363,0.9013,-0.1050,1001.1780,smooth_accel_decel3
513842,-0.0434,-0.0102,0.9216,0.9362,0.1750,0.1925,1001.1787,smooth_accel_decel3
513902,0.0598,-0.0117,0.9155,-0.3150,-1.5050,0.1312,1001.1777,smooth_accel_decel3
513962,0.0520,0.0327,1.0972,1.3913,0.9450,0.4462,1001.1826,smooth_accel_decel3
514022,-0.0092,-0.0174,0.8064,-0.6212,-2.1525,0.5512,1001.1860,smooth_accel_decel3
514082,-0.0239,-0.0703,0.9099,-2.3275,-1.1113,0.5250,1001.1833,smooth_accel_decel3
514142,-0.0305,-0.0811,1.0025,2.1088,1.5312,0.3150,1001.1873,smooth_accel_decel3
514202,0.0157,0.0293,0.9679,1.0412,0.4025,-0.2537,1001.1865,smooth_accel_decel3
514262,0.0263,-0.0389,0.8861,1.1375,-1.6100,0.3063,1001.1880,smooth_accel_decel3
514322,0.0856,-0.0220,0.9643,-0.3063,-3.2550,0.7875,1001.2009,smooth_accel_decel3
514382,0.0564,0.0037,1.0455,1.7938,0.8925,0.0088,1001.2017,smooth_accel_decel3
514442,0.1132,0.0852,1.0055,1.1638,1.3212,0.6475,1001.2009,smooth_accel_decel3
514502,0.0834,-0.0366,0.9445,0.9625,-0.6300,0.3850,1001.2092,smooth_accel_decel3
514562,0.1066,0.0608,1.0212,-1.2162,-1.1113,0.2188,1001.2041,smooth_accel_decel3
514622,0.1144,0.0015,0.9753,-0.4900,-0.3413,0.5775,1001.2063,smooth_accel_decel3
514682,0.1582,0.0291,1.1670,0.5600,1.4175,0.7437,1001.2031,smooth_accel_decel3
514742,0.0376,0.0432,0.9931,-0.1575,2.5287,0.3675,1001.2161,smooth_accel_decel3
514802,0.1144,-0.0334,1.0255,-1.3737,-0.8925,0.4725,1001.2068,smooth_accel_decel3
514862,-0.0180,-0.0149,0.7793,0.7875,-2.1962,0.4812,1001.2026,smooth_accel_decel3
514922,0.0810,0.1283,0.9664,-0.2100,0.2013,-0.2362,1001.2117,smooth_accel_decel3
514982,0.0947,-0.0886,0.9939,-2.8350,-0.6650,0.0175,1001.2114,smooth_accel_decel3
515042,0.1549,0.1539,1.1095,1.5400,-0.3500,0.3413,1001.2197,smooth_accel_decel3
515102,0.0130,0.0254,0.9113,-0.3762,-0.2625,-0.2450,1001.2136,smooth_accel_decel3
515162,0.0811,-0.0420,0.9297,-0.2362,-2.0125,-0.0175,1001.2180,smooth_accel_decel3
515222,0.0847,0.0769,0.9457,-0.0613,-0.8750,0.2713,1001.2190,smooth_accel_decel3
515282,0.0749,-0.0207,1.0853,-1.8637,2.1700,0.3150,1001.2266,smooth_accel_decel3
515342,0.0183,-0.0101,1.0114,0.7962,2.5113,-0.2537,1001.2363,smooth_accel_decel3
515402,0.0741,0.0422,1.0004,-0.0175,-0.6125,-0.1400,1001.2302,smooth_accel_decel3
515462,0.1635,0.0754,1.1563,-0.0613,3.2638,-0.0962,1001.2410,smooth_accel_decel3
515522,0.0908,-0.0554,0.8960,-0.4288,-2.1437,0.2275,1001.2415,smooth_accel_decel3
515582,0.0717,0.0378,1.0038,-0.5250,0.7000,0.1750,1001.2485,smooth_accel_decel3
515642,0.1022,-0.0236,1.0136,-0.1838,-2.3012,0.2537,1001.2405,smooth_accel_decel3
515702,0.0905,0.1035,1.0092,-0.0875,0.4288,-0.1225,1001.2351,smooth_accel_decel3
515762,0.1138,-0.0042,1.0038,0.6475,0.3237,0.0350,1001.2366,smooth_accel_decel3
515822,0.1228,0.0340,1.0197,0.2625,2.1962,0.3237,1001.2314,smooth_accel_decel3
515882,0.0905,0.0122,0.9961,0.7437,0.2100,0.2537,1001.2412,smooth_accel_decel3
515942,0.0520,-0.0493,0.9753,-0.0875,-0.5337,0.2013,1001.2356,smooth_accel_decel3
516002,0.0795,0.0583,1.0634,-0.0962,0.5337,0.5337,1001.2407,smooth_accel_decel3
516062,0.0052,0.0137,0.8987,-0.0525,-1.1638,0.3938,1001.2349,smooth_accel_decel3
516122,0.1252,-0.0773,1.0332,0.5163,-0.7788,0.1400,1001.2449,smooth_accel_decel3
516182,0.0939,0.0193,0.9740,1.3388,1.3563,0.0000,1001.2375,smooth_accel_decel3
516242,0.1152,0.0259,0.9850,-1.8987,0.1138,0.3325,1001.2400,smooth_accel_decel3
516302,0.0952,-0.0106,1.1133,-1.7062,2.5375,0.7350,1001.2410,smooth_accel_decel3
516362,0.0664,0.0259,0.9470,0.3237,-0.0350,0.0525,1001.2332,smooth_accel_decel3
516422,0.0952,0.0640,0.9681,-0.7700,-0.2362,0.2713,1001.2388,smooth_accel_decel3
516482,0.0991,-0.0185,1.0216,0.7788,0.1838,-0.1488,1001.2402,smooth_accel_decel3
516542,0.1430,-0.0135,1.0463,-0.7613,0.1488,0.2975,1001.2446,smooth_accel_decel3
516602,0.1061,0.0931,0.9595,0.5425,2.0475,0.4462,1001.2471,smooth_accel_decel3
516662,0.1459,0.0015,0.9436,-1.4262,-0.6125,0.4900,1001.2468,smooth_accel_decel3
516722,0.1120,0.0286,1.0463,0.5337,1.2513,0.2975,1001.2612,smooth_accel_decel3
516782,0.0566,0.0966,1.0112,-0.6388,0.6212,-0.1050,1001.2654,smooth_accel_decel3
516842,0.1103,-0.0340,1.0077,-0.7700,0.7262,0.5425,1001.2598,smooth_accel_decel3
516902,0.0444,0.0295,0.9557,1.2250,-0.5512,0.3325,1001.2537,smooth_accel_decel3
516962,0.0612,0.0120,0.9775,0.0437,0.1050,0.2275,1001.2573,smooth_accel_decel3
517022,0.1273,0.0115,1.0504,0.9712,0.8662,0.3237,1001.2634,smooth_accel_decel3
517082,0.0256,0.0259,0.9728,0.8138,0.5512,0.1225,1001.2673,smooth_accel_decel3
517142,0.0671,0.0076,0.9883,-0.1050,-0.7788,0.1575,1001.2629,smooth_accel_decel3
517202,0.0959,0.0449,1.0231,-0.0088,0.5600,0.3237,1001.2756,smooth_accel_decel3
517262,0.0503,0.0569,0.9279,0.0088,0.5425,0.3500,1001.2651,smooth_accel_decel3
517322,0.0710,0.0479,0.9813,-0.1750,-0.4025,-0.1575,1001.2722,smooth_accel_decel3
517382,0.0778,0.0160,0.9723,1.2687,-0.8400,0.0175,1001.2708,smooth_accel_decel3
517442,0.0900,-0.0254,0.9660,-0.0613,-0.2537,-0.2013,1001.2783,smooth_accel_decel3
517502,0.1069,0.0556,0.9238,-0.6737,2.0038,0.0175,1001.2861,smooth_accel_decel3
517562,0.0886,0.0014,1.0038,-0.2713,-0.1575,0.2537,1001.2878,smooth_accel_decel3
517622,0.0556,-0.0007,1.0138,0.0437,-0.3150,0.2713,1001.2810,smooth_accel_decel3
517682,0.0732,0.0020,1.0551,-0.1750,0.3413,0.1312,1001.2771,smooth_accel_decel3
517742,0.0930,-0.0032,0.9716,1.1638,-0.0700,0.2362,1001.2866,smooth_accel_decel3
517802,0.0481,0.0359,0.9392,-0.0962,0.1575,0.5600,1001.3044,smooth_accel_decel3
517862,0.0346,-0.0019,0.9423,-0.3675,-1.2250,0.0350,1001.2866,smooth_accel_decel3
517922,0.0977,0.0227,0.9833,0.3675,-1.9950,0.0962,1001.2993,smooth_accel_decel3
517982,0.0556,0.0488,1.0190,-0.0525,-0.2275,0.1925,1001.2883,smooth_accel_decel3
518042,0.0786,0.0022,0.9231,0.1050,0.2625,-0.0088,1001.2961,smooth_accel_decel3
518102,0.1071,0.0024,1.0085,0.1925,0.4112,0.0262,1001.2949,smooth_accel_decel3
518162,0.0854,0.0234,0.9804,0.1050,0.0525,0.2100,1001.3020,smooth_accel_decel3
518222,0.0254,-0.0489,0.9428,-0.9362,1.1988,0.3150,1001.3081,smooth_accel_decel3
518282,0.0608,0.0551,0.9850,1.0412,1.6363,0.1225,1001.3003,smooth_accel_decel3
518342,0.0437,-0.0215,0.9301,0.6825,-0.0875,0.2887,1001.2949,smooth_accel_decel3
518402,0.0515,0.0761,0.9861,0.5950,0.1050,-0.1050,1001.3037,smooth_accel_decel3
518462,0.0435,0.0027,0.9722,0.5512,0.6737,0.1838,1001.2942,smooth_accel_decel3
518522,0.0514,-0.0051,1.0006,-0.0437,-0.3850,0.3150,1001.2917,smooth_accel_decel3
518582,-0.0087,0.0544,0.9748,0.0613,-0.6737,0.2887,1001.2988,smooth_accel_decel3
518642,0.0669,-0.0179,0.9884,-0.0525,-0.1838,0.1925,1001.2969,smooth_accel_decel3
518702,0.0552,0.0508,1.0006,0.6037,-0.2537,0.3938,1001.3074,smooth_accel_decel3
518762,0.0588,0.0539,1.0041,-0.4462,0.5163,0.2713,1001.3013,smooth_accel_decel3
518822,0.0649,-0.0010,1.0373,0.4988,1.4175,-0.0613,1001.2991,smooth_accel_decel3
518882,0.0974,0.0681,1.0704,0.5250,1.2250,0.0175,1001.3013,smooth_accel_decel3
518942,0.0559,-0.0531,0.9445,-0.2362,-1.3388,0.2800,1001.3074,smooth_accel_decel3
519002,0.0253,-0.0217,0.9406,0.2975,0.0700,0.4375,1001.3086,smooth_accel_decel3
519062,0.0490,0.0493,1.0063,1.1463,-0.2100,0.1312,1001.3044,smooth_accel_decel3
519122,0.0472,-0.0049,0.9867,0.8050,1.1550,0.2537,1001.3098,smooth_accel_decel3
519182,-0.0012,0.0034,0.9119,-0.0613,-0.2100,0.0175,1001.3147,smooth_accel_decel3
519242,0.0719,0.0432,1.0377,1.4175,0.6212,0.0262,1001.3066,smooth_accel_decel3
519302,0.0790,0.0630,1.0674,0.1663,0.0088,0.1138,1001.3079,smooth_accel_decel3
519362,0.0400,0.0487,1.0241,0.0875,1.0325,0.1138,1001.3105,smooth_accel_decel3
519422,0.0010,-0.0080,0.9833,0.5950,1.0938,0.2100,1001.3252,smooth_accel_decel3
519482,0.0420,0.0312,0.9985,-0.4288,0.1138,0.1575,1001.3159,smooth_accel_decel3
519542,0.0608,0.0478,0.9938,0.4375,0.2013,0.4288,1001.3298,smooth_accel_decel3
519602,0.0186,-0.0120,0.9980,-0.1750,0.0262,0.3675,1001.3164,smooth_accel_decel3
519662,-0.0203,0.0381,1.0073,0.6125,0.8050,0.4725,1001.3181,smooth_accel_decel3
519722,-0.0709,0.0188,0.9665,-0.1225,0.4112,0.3938,1001.3264,smooth_accel_decel3
519782,-0.0351,-0.0182,1.0226,0.8225,1.6275,-0.2013,1001.3140,smooth_accel_decel3
519842,-0.0486,0.0144,1.0397,0.5250,1.3475,0.0350,1001.3179,smooth_accel_decel3
519902,-0.1021,0.0024,0.9620,0.8313,-0.4112,-0.0700,1001.3066,smooth_accel_decel3
519962,-0.0476,-0.0129,0.9864,0.5950,0.3938,0.4375,1001.3157,smooth_accel_decel3
520022,-0.0720,-0.0142,1.0350,0.4025,0.2713,0.5600,1001.3137,smooth_accel_decel3
520082,-0.0703,0.0773,1.0499,0.4025,0.5250,0.3938,1001.3135,smooth_accel_decel3
520142,-0.0666,0.0114,1.0468,-0.9100,1.0412,0.2625,1001.3079,smooth_accel_decel3
520202,-0.1337,0.0329,0.9798,0.4638,0.8050,0.3413,1001.3206,smooth_accel_decel3
520262,-0.1557,-0.0245,0.9787,-0.7175,0.5250,0.3675,1001.3076,smooth_accel_decel3
520322,-0.2057,0.0237,0.9406,-0.2450,1.5050,0.4288,1001.3079,smooth_accel_decel3
520382,-0.1389,-0.0293,0.9807,-1.0500,1.3737,0.3675,1001.3013,smooth_accel_decel3
520442,-0.1069,0.0503,0.9958,-0.4112,1.2950,-0.0700,1001.3040,smooth_accel_decel3
520502,-0.1499,-0.0081,0.9438,-0.2100,-0.7788,0.2537,1001.3013,smooth_accel_decel3
520562,-0.1530,-0.0359,0.9494,-0.3237,-1.2075,0.3413,1001.2952,smooth_accel_decel3
520622,-0.1810,-0.0066,0.9155,0.9625,-0.3850,0.0700,1001.3020,smooth_accel_decel3
520682,-0.1425,0.0129,0.9878,0.7525,0.0787,0.1312,1001.3037,smooth_accel_decel3
520742,-0.0874,0.0092,1.0660,-0.0875,0.9538,0.2362,1001.2893,smooth_accel_decel3
520802,-0.1121,0.0929,1.0610,0.5512,0.8925,0.0175,1001.2974,smooth_accel_decel3
520862,-0.1854,-0.0378,0.9779,1.1725,1.2687,0.0875,1001.2847,smooth_accel_decel3
520922,-0.1720,-0.0314,0.9909,-0.0175,2.1875,0.2275,1001.2878,smooth_accel_decel3
520982,-0.1564,0.0781,0.9797,1.0938,0.9275,0.2887,1001.2808,smooth_accel_decel3
521042,-0.1434,-0.0288,0.9709,-0.7437,0.3675,0.3237,1001.2771,smooth_accel_decel3
521102,-0.1450,-0.0224,0.9792,0.3325,1.8987,0.2887,1001.2761,smooth_accel_decel3
521162,-0.1366,0.0165,0.9911,-0.3587,-1.8463,0.4812,1001.2639,smooth_accel_decel3
521222,-0.1066,-0.0117,1.0655,1.4963,1.0938,-0.0875,1001.2629,smooth_accel_decel3
521282,-0.0901,-0.0165,1.1168,1.3212,1.2600,0.2362,1001.2571,smooth_accel_decel3
521342,-0.1265,-0.0044,1.0028,-0.3762,0.0875,0.3237,1001.2534,smooth_accel_decel3
521402,-0.2208,-0.0708,0.8765,0.1400,0.4550,0.1838,1001.2598,smooth_accel_decel3
521462,-0.1471,0.0315,1.0384,1.8725,-1.6100,-0.0700,1001.2520,smooth_accel_decel3
521522,-0.1444,-0.0387,0.9414,1.4175,-0.8925,-0.1838,1001.2446,smooth_accel_decel3
521582,-0.0595,0.0298,1.1251,0.0525,-0.9887,-0.0262,1001.2397,smooth_accel_decel3
521642,-0.1643,0.0000,0.9670,-0.6475,0.0787,0.4462,1001.2544,smooth_accel_decel3
521702,-0.2191,-0.0093,0.7864,-0.0962,-2.1788,0.2887,1001.2251,smooth_accel_decel3
521762,-0.1631,0.0069,1.1116,1.5488,0.4812,0.1663,1001.2302,smooth_accel_decel3
521822,-0.1176,-0.0229,1.1049,0.5863,0.4900,0.0000,1001.2305,smooth_accel_decel3
521882,-0.0886,0.0085,1.0297,-0.9013,-0.7613,0.3413,1001.2334,smooth_accel_decel3
521942,-0.0927,0.0483,1.0787,1.2162,0.6650,0.4988,1001.2336,smooth_accel_decel3
522002,-0.1140,-0.0157,0.9687,-1.0325,2.4237,0.0525,1001.2300,smooth_accel_decel3
522062,-0.1234,0.0425,1.0089,0.0175,0.2013,0.2537,1001.2271,smooth_accel_decel3
522122,-0.1654,-0.0015,0.8871,0.8313,-2.6862,-0.0262,1001.2358,smooth_accel_decel3
522182,-0.0800,0.0117,1.0348,1.3038,-1.9338,0.0000,1001.2202,smooth_accel_decel3
522242,-0.1573,0.0254,0.9620,0.3850,1.3388,0.3063,1001.2095,smooth_accel_decel3
522302,-0.1415,0.0769,0.9018,-1.7062,-1.7500,-0.0175,1001.2158,smooth_accel_decel3
522362,-0.1013,-0.0242,1.0895,1.0500,2.9137,0.2713,1001.2090,smooth_accel_decel3
522422,-0.1410,0.1147,1.0918,1.4525,1.6712,0.3938,1001.2146,smooth_accel_decel3
522482,-0.1987,-0.0327,0.9329,-0.2713,2.7037,0.1050,1001.2078,smooth_accel_decel3
522542,-0.1572,0.0113,0.9145,0.9450,-1.3650,0.3850,1001.2009,smooth_accel_decel3
522602,-0.0884,0.1398,1.1244,1.8463,2.0213,-0.2450,1001.2097,smooth_accel_decel3
522662,-0.0920,-0.0010,1.1177,0.5250,0.8400,0.4550,1001.2041,smooth_accel_decel3
522722,-0.1440,-0.0102,1.1139,-0.7525,2.4150,-0.0787,1001.1946,smooth_accel_decel3
522782,-0.1608,-0.0246,0.9658,0.4200,-0.8662,-0.0262,1001.2034,smooth_accel_decel3
522842,-0.0994,0.0302,1.0209,-0.2275,-1.5050,0.4725,1001.1924,smooth_accel_decel3
522902,-0.1125,0.0231,1.0629,1.8900,0.0437,0.0787,1001.1809,smooth_accel_decel3
522962,-0.1459,0.0339,1.0021,-0.4112,0.8662,0.4112,1001.1843,smooth_accel_decel3
523022,-0.1998,-0.0489,0.8931,0.2188,2.6950,-0.0613,1001.1858,smooth_accel_decel3
523082,-0.1703,-0.0422,0.9106,3.4300,0.3850,0.6650,1001.1692,smooth_accel_decel3
523142,-0.1113,0.0950,1.1100,0.6650,1.2162,0.6913,1001.1677,smooth_accel_decel3
523202,-0.1215,-0.0457,1.0270,0.4900,1.3038,0.4288,1001.1619,smooth_accel_decel3
523262,-0.0744,0.1249,1.2042,0.5337,0.5600,0.5250,1001.1636,smooth_accel_decel3
523322,-0.1471,0.0212,0.9553,0.0000,-0.8662,0.5863,1001.1548,smooth_accel_decel3
523382,-0.0870,0.0835,1.0263,-0.3237,-0.6825,0.3938,1001.1462,smooth_accel_decel3
523442,-0.0634,0.0686,1.0723,0.0962,-1.1287,0.7175,1001.1489,smooth_accel_decel3
523502,-0.0327,0.1599,1.1287,2.8438,-0.3762,0.0962,1001.1453,smooth_accel_decel3
523562,-0.0209,-0.0064,1.0529,-0.1312,1.1375,0.4638,1001.1335,smooth_accel_decel3
523622,-0.1269,0.0852,0.9972,-1.7850,0.5337,0.0787,1001.1409,smooth_accel_decel3
523682,-0.2183,-0.0235,0.8336,0.3237,-0.7175,0.9800,1001.1309,smooth_accel_decel3
523742,-0.0999,-0.0476,0.9175,-0.6825,-2.9225,0.5863,1001.1150,smooth_accel_decel3
523802,-0.0779,0.0732,1.1042,0.8750,-1.5050,0.5163,1001.1113,smooth_accel_decel3
523862,-0.0366,0.0778,1.0117,-1.0237,-0.7962,-0.3413,1001.1106,smooth_accel_decel3
523922,-0.0325,0.0198,1.1554,0.8225,0.2625,0.2975,1001.1113,smooth_accel_decel3
523982,-0.0534,0.0949,1.0002,-3.6837,-1.3913,0.2800,1001.1040,smooth_accel_decel3
524042,0.0046,0.1730,1.0828,-0.7700,-3.1063,0.4900,1001.1155,smooth_accel_decel3
524102,-0.2280,0.0457,1.0264,-0.0700,-2.2313,-0.3938,1001.1101,smooth_accel_decel3
524162,-0.1559,-0.0135,0.9471,1.8813,0.7875,0.1925,1001.1106,smooth_accel_decel3
524222,-0.1652,-0.0076,1.1192,0.9275,3.8937,-0.1312,1001.1008,smooth_accel_decel3
524282,-0.2250,-0.0019,0.9512,0.3063,1.2775,0.3500,1001.0850,smooth_accel_decel3
524342,-0.1466,0.0266,0.9504,2.6775,2.3100,0.0000,1001.0764,smooth_accel_decel3
524402,-0.2011,0.1635,0.8982,-1.1375,-0.1488,-0.1925,1001.0781,smooth_accel_decel3
524462,-0.1347,-0.0852,0.9764,0.3063,0.6825,0.7175,1001.0759,smooth_accel_decel3
524522,-0.1411,0.0023,0.9080,1.1550,-4.5413,0.4900,1001.0708,smooth_accel_decel3
524582,-0.0876,0.0542,0.9799,-1.1725,0.4725,0.0088,1001.0662,smooth_accel_decel3
524642,-0.1852,0.0090,1.1029,2.5463,-2.8612,0.4200,1001.0417,smooth_accel_decel3
524702,-0.0517,0.0773,1.0785,3.4213,-1.5137,0.3413,1001.0459,smooth_accel_decel3
524762,-0.1788,0.0598,0.9135,0.4550,-0.9013,0.6825,1001.0312,smooth_accel_decel3
524822,-0.1767,0.1064,1.0114,0.2275,0.4638,0.5950,1001.0247,smooth_accel_decel3
524882,0.0013,0.0242,1.1034,-0.8487,1.8900,0.5075,1001.0212,smooth_accel_decel3
524942,-0.1681,0.0754,0.8401,-1.3825,-1.6800,0.9100,1001.0061,smooth_accel_decel3
525002,-0.1129,-0.0637,1.0101,0.3063,-1.9425,0.4812,1001.0149,smooth_accel_decel3
525062,-0.1036,-0.0224,1.0957,2.7300,-2.0825,0.2713,1001.0266,smooth_accel_decel3
525122,-0.0353,-0.0320,1.1270,-3.3250,2.3625,0.3413,1001.0007,smooth_accel_decel3
525182,0.0088,0.0816,1.1566,-0.3150,0.7350,0.7350,1001.0059,smooth_accel_decel3
525242,-0.0852,0.0988,1.0065,-0.5075,1.8813,0.4725,1000.9958,smooth_accel_decel3
525302,-0.0996,0.0495,1.0211,-2.0475,2.8263,1.0588,1001.0088,smooth_accel_decel3
525362,-0.1240,0.0310,1.2102,0.3325,1.1025,0.1225,1000.9998,smooth_accel_decel3
525422,-0.1068,0.1201,1.0812,1.7850,-3.0013,0.5425,1000.9790,smooth_accel_decel3
525482,-0.1140,0.0312,0.9726,-2.4237,-1.0412,0.4112,1000.9731,smooth_accel_decel3
525542,-0.0667,0.0588,1.0329,-0.7350,1.0675,0.2013,1000.9746,smooth_accel_decel3
525602,-0.1518,0.0432,0.7576,-0.3325,-2.2050,0.3150,1000.9932,smooth_accel_decel3
525662,-0.0891,0.0727,0.9118,-1.4787,-0.2450,0.3587,1000.9832,smooth_accel_decel3
525722,-0.0659,-0.0307,1.0546,0.3938,1.6363,0.0000,1000.9902,smooth_accel_decel3
525782,-0.1049,0.0240,1.0593,1.0150,1.5050,-0.6475,1000.9946,smooth_accel_decel3
525842,0.0115,0.0811,1.0624,-1.6187,-0.8925,0.3150,1000.9707,smooth_accel_decel3
525902,-0.0763,-0.0327,1.0196,1.8288,0.6562,0.5950,1000.9614,smooth_accel_decel3
525962,-0.2752,-0.0978,0.8586,1.4612,-0.5775,0.1138,1000.9622,smooth_accel_decel3
526022,-0.1493,-0.0790,0.8891,-1.5050,-0.1488,0.9362,1000.9458,smooth_accel_decel3
526082,-0.0683,0.0198,1.1918,0.2275,0.9800,0.6825,1000.9548,smooth_accel_decel3
526142,0.0001,0.0756,1.1011,0.8575,-2.8525,-0.5163,1000.9492,smooth_accel_decel3
526202,-0.0706,-0.0357,0.9299,1.3125,-1.0500,0.5250,1000.9514,smooth_accel_decel3
526262,-0.0444,0.0164,1.0534,-2.3975,0.1225,0.7262,1000.9666,smooth_accel_decel3
526322,-0.0996,-0.0808,1.0170,-2.3537,-0.7350,0.7613,1000.9402,smooth_accel_decel3
526382,-0.0808,-0.0017,0.9259,-3.0712,-2.0825,0.3063,1000.9612,smooth_accel_decel3
526442,-0.1268,-0.0293,0.9517,1.5312,-6.0113,0.0000,1000.9504,smooth_accel_decel3
526502,-0.0323,0.0404,0.8792,1.2337,-4.0775,0.5250,1000.9353,smooth_accel_decel3
526562,-0.1023,-0.0259,0.8906,-1.1200,-1.4875,0.6475,1000.9478,smooth_accel_decel3
526622,-0.0891,0.0149,0.9162,1.5750,2.3450,-0.2625,1000.9299,smooth_accel_decel3
526682,-0.0243,0.1403,1.0931,1.7150,3.9462,0.3762,1000.9177,smooth_accel_decel3
526742,-0.0554,0.0144,0.9484,0.0000,3.0975,0.2887,1000.9307,smooth_accel_decel3
526802,-0.0290,-0.2001,0.9004,-3.2287,0.3325,-0.1312,1000.9207,smooth_accel_decel3
526862,-0.0173,-0.0146,1.1088,2.1875,0.1575,0.1312,1000.9292,smooth_accel_decel3
526922,0.0449,-0.0415,1.2093,-3.0013,-0.1225,0.8400,1000.9326,smooth_accel_decel3
526982,0.0034,0.0703,1.1553,-2.4150,-3.2113,1.0850,1000.9297,smooth_accel_decel3
527042,-0.0881,0.0056,0.9981,0.5512,1.3388,0.4550,1000.9128,smooth_accel_decel3
527102,0.0759,0.0417,1.0101,0.7175,-2.8525,0.4900,1000.9109,smooth_accel_decel3
527162,0.1164,0.3057,1.2327,1.6975,-1.1550,1.4700,1000.9214,smooth_accel_decel3
527222,-0.0005,0.0326,1.2005,-0.3413,-0.5863,-0.6125,1000.9236,smooth_accel_decel3
527282,0.0117,0.1871,1.0577,0.7350,-1.5225,-0.0875,1000.8997,smooth_accel_decel3
527342,0.0362,0.0883,1.0292,-0.9275,1.1725,0.4462,1000.9133,smooth_accel_decel3
527402,-0.0451,0.1363,0.8938,-1.7062,5.0837,-0.0787,1000.9114,smooth_accel_decel3
527462,-0.1649,-0.0741,0.8440,-0.6300,3.6837,0.6125,1000.9045,smooth_accel_decel3
527522,-0.1291,-0.2243,0.9703,5.3812,2.3537,-0.9538,1000.8892,smooth_accel_decel3
527582,-0.1110,-0.0813,0.8641,-1.2862,-2.8438,-0.1925,1000.9028,smooth_accel_decel3
527642,-0.0296,0.0021,1.1460,-3.9025,-0.9187,-0.5512,1000.9038,smooth_accel_decel3
527702,0.0227,0.1740,1.1514,4.0338,1.1113,1.1113,1000.8984,smooth_accel_decel3
527762,-0.1115,-0.1749,0.7344,-2.6337,2.3625,-0.9712,1000.9158,smooth_accel_decel3
527822,-0.0493,-0.2043,1.0270,0.5425,-0.1838,0.3413,1000.8818,smooth_accel_decel3
527882,-0.1241,-0.0176,0.8700,0.3413,1.5050,0.4025,1000.8997,smooth_accel_decel3
527942,0.0013,0.0115,1.1053,2.2487,3.0625,0.0000,1000.8904,smooth_accel_decel3
528002,0.0400,0.0575,1.2778,0.5950,-0.5600,0.4812,1000.8997,smooth_accel_decel3
528062,0.1049,-0.0816,1.3522,0.6212,-0.5425,0.6388,1000.8853,smooth_accel_decel3
528122,-0.0378,0.1428,1.1919,4.4275,-1.0850,-0.1750,1000.8943,smooth_accel_decel3
528182,-0.0037,-0.0598,1.0338,-2.4762,-1.6625,0.3413,1000.8989,smooth_accel_decel3
528242,0.0655,-0.0669,1.0577,0.1488,0.9450,0.0700,1000.8960,smooth_accel_decel3
528302,0.1318,0.0890,1.4121,3.1588,-1.1463,0.9013,1000.8916,smooth_accel_decel3
528362,-0.0156,0.0727,0.9768,-1.2337,0.6212,0.6737,1000.8967,smooth_accel_decel3
528422,-0.0343,-0.0304,1.1492,-2.0825,2.4062,0.0962,1000.8723,smooth_accel_decel3
528482,-0.0497,-0.0395,0.8583,-1.7325,1.0588,0.1663,1000.8833,smooth_accel_decel3
528542,0.0686,0.0958,1.3900,3.6837,1.0325,0.3237,1000.8767,smooth_accel_decel3
528602,-0.0107,0.0827,1.0885,-2.6075,1.1638,0.4112,1000.8909,smooth_accel_decel3
528662,0.0163,0.1562,0.9855,-0.2362,0.3063,0.3413,1000.8833,smooth_accel_decel3
528722,-0.0306,-0.0716,0.9589,0.2450,-0.8313,-0.0350,1000.8906,smooth_accel_decel3
528782,0.0412,0.0620,1.1255,1.7938,-0.5163,0.3762,1000.8896,smooth_accel_decel3
528842,0.1019,0.1256,1.1797,-1.5312,1.4787,0.8838,1000.9031,smooth_accel_decel3
528902,0.0475,0.0903,1.0509,2.4062,3.5787,0.8925,1000.8987,smooth_accel_decel3
528962,-0.0775,0.0512,0.7607,-0.3500,-2.2925,0.5075,1000.8701,smooth_accel_decel3
529022,0.0160,-0.0322,1.0064,-2.9313,-1.2950,-0.4288,1000.8835,smooth_accel_decel3
529082,0.0551,-0.0097,1.0936,-0.7175,2.4675,-0.0700,1000.8779,smooth_accel_decel3
529142,0.0139,0.0212,1.0634,-1.5312,-1.8813,0.7088,1000.8948,smooth_accel_decel3
529202,0.0914,0.0837,1.2770,-0.6475,0.2537,1.6187,1000.8896,smooth_accel_decel3
529262,-0.0525,-0.0666,0.7640,-0.6825,-1.2862,-0.4900,1000.8809,smooth_accel_decel3
529322,-0.0776,-0.1138,0.6769,-2.6950,-2.1525,-0.6913,1000.8735,smooth_accel_decel3
529382,0.4160,-0.0310,1.4572,-6.2650,3.1237,0.1838,1000.8650,smooth_accel_decel3
529442,0.0220,-0.2056,1.1570,4.2438,6.6937,0.0350,1000.8958,smooth_accel_decel3
529502,-0.0601,-0.0974,0.7874,1.2687,6.7025,-0.8575,1000.8887,smooth_accel_decel3
529562,-0.0461,-0.0510,0.9593,-2.4237,8.2425,0.7088,1000.8672,smooth_accel_decel3
529622,0.0992,-0.0224,1.0635,-1.6363,1.4700,1.0588,1000.8857,smooth_accel_decel3
529682,-0.0510,0.0459,0.9165,4.2875,-1.1113,-0.0787,1000.8916,smooth_accel_decel3
529742,-0.0842,-0.1380,0.8186,0.2275,-1.2775,-0.9187,1000.8855,smooth_accel_decel3
529802,-0.0578,-0.1181,0.7701,-1.2513,-5.3025,-0.4638,1000.8726,smooth_accel_decel3
529862,0.0209,-0.0012,1.0699,4.5150,-7.0437,0.4200,1000.8755,smooth_accel_decel3
529922,0.0981,0.0752,1.1764,2.2137,-0.5600,0.3850,1000.8242,smooth_accel_decel3
529982,0.1347,0.0654,1.0041,0.8662,-2.2225,0.5775,1000.8621,smooth_accel_decel3
530042,-0.0224,-0.0412,0.8464,1.4088,-2.8700,0.6037,1000.8928,smooth_accel_decel3
530102,0.0480,-0.0068,0.9484,1.4963,-1.2862,-0.6475,1000.8665,smooth_accel_decel3
530162,0.1085,0.1108,1.0928,-1.4963,3.7275,-0.0437,1000.8735,smooth_accel_decel3
530222,0.1259,-0.0409,0.9961,-2.0563,2.6862,0.2100,1000.8813,smooth_accel_decel3
530282,0.1246,0.0140,1.0831,2.2925,-0.6125,0.4550,1000.8792,smooth_accel_decel3
530342,0.0788,0.1301,1.1380,3.2987,5.1712,0.0350,1000.8948,smooth_accel_decel3
530402,-0.0700,-0.1074,0.9210,1.2862,1.0063,-0.1663,1000.9119,smooth_accel_decel3
530462,0.0547,-0.0832,1.0296,1.3563,-0.7875,-0.3325,1000.9241,smooth_accel_decel3
530522,-0.0659,-0.0569,0.6896,2.9662,-4.4012,0.0262,1000.9026,smooth_accel_decel3
530582,0.1503,-0.1462,1.0348,-8.9250,-7.3587,0.7525,1000.9148,smooth_accel_decel3
530642,0.1118,0.1383,1.0171,-0.3762,-1.7587,1.1287,1000.9041,smooth_accel_decel3
530702,0.0708,-0.1034,1.0385,-1.1638,0.5075,-0.0787,1000.8997,smooth_accel_decel3
530762,-0.0015,-0.0817,0.7945,2.9662,-0.1925,-0.0437,1000.9202,smooth_accel_decel3
530822,0.1149,0.0656,1.0034,1.8813,-0.1575,-0.2800,1000.9307,smooth_accel_decel3
530882,0.0279,0.0324,0.9253,-2.2662,6.0988,0.2713,1000.9324,smooth_accel_decel3
530942,0.0054,0.0549,0.8267,-1.2600,0.4025,1.4000,1000.9170,smooth_accel_decel3
531002,-0.0005,-0.1913,0.8420,-1.3563,-2.9838,0.0700,1000.9143,smooth_accel_decel3
531062,-0.0500,-0.1491,0.8384,1.5750,-0.5250,-0.3325,1000.9231,smooth_accel_decel3
531122,-0.0169,-0.0646,0.8213,0.6913,2.1875,-0.0350,1000.9333,smooth_accel_decel3
531182,0.0979,0.0696,0.9454,0.9625,-1.6450,0.3237,1000.9297,smooth_accel_decel3
531242,0.1298,-0.0266,1.1580,-3.3338,0.4025,0.8313,1000.9299,smooth_accel_decel3
531302,-0.0485,-0.1462,0.8101,-1.6363,0.7350,0.7088,1000.9336,smooth_accel_decel3
531362,0.0064,-0.0117,1.0045,0.9625,-0.1488,0.4550,1000.9351,smooth_accel_decel3
531422,-0.0066,0.0185,0.9723,2.0125,0.4638,0.2800,1000.9229,smooth_accel_decel3
531482,0.0369,0.0179,0.8672,0.2013,-1.3825,0.4462,1000.9424,smooth_accel_decel3
531542,-0.0425,-0.0059,0.7893,3.5175,-3.5963,0.2713,1000.9219,smooth_accel_decel3
531602,0.1052,0.1244,0.9615,1.8288,1.0412,-0.3413,1000.9243,smooth_accel_decel3
531662,0.0486,-0.0129,0.9694,1.5488,0.9887,-0.0875,1000.9163,smooth_accel_decel3
531722,0.0284,-0.1175,0.9687,2.8963,1.4000,-0.5425,1000.9304,smooth_accel_decel3
531782,-0.0113,-0.0847,0.8215,0.9013,-2.1263,-0.2362,1000.9126,smooth_accel_decel3
531842,0.0005,0.0143,0.8882,1.1200,-0.9712,0.0613,1000.9202,smooth_accel_decel3
531902,0.0753,0.0381,1.0487,2.0912,0.6037,0.0787,1000.9387,smooth_accel_decel3
531962,0.1429,0.0854,1.0653,-1.0762,1.9512,0.1750,1000.9348,smooth_accel_decel3
532022,0.0002,0.0744,0.7456,0.1925,-0.8925,-0.2013,1000.9568,smooth_accel_decel3
532082,0.2193,0.0023,1.3747,0.7788,-0.8050,-0.4375,1000.9395,smooth_accel_decel3
532142,0.0878,0.0939,1.1539,7.2975,-0.4200,0.3675,1000.9685,smooth_accel_decel3
532202,-0.0140,0.1071,0.8830,-2.5287,-0.5600,0.0262,1000.9519,smooth_accel_decel3
532262,-0.0237,-0.1000,0.8153,-0.1225,0.0525,1.0588,1000.9463,smooth_accel_decel3
532322,0.0747,-0.0877,0.9551,-2.2487,3.5700,-0.1225,1000.9492,smooth_accel_decel3
532382,0.0456,0.0117,0.8194,-2.3537,4.9612,0.1050,1000.9602,smooth_accel_decel3
532442,-0.0051,-0.1735,1.0187,3.9025,2.4762,-1.3475,1000.9690,smooth_accel_decel3
532502,0.1313,0.1879,1.1875,4.6550,-2.3100,0.8925,1000.9556,smooth_accel_decel3
532562,0.1252,0.0391,1.0568,-2.0125,-3.9025,-0.0787,1000.9666,smooth_accel_decel3
532622,-0.0185,0.1911,0.9454,0.5775,0.0437,0.0525,1000.9800,smooth_accel_decel3
532682,0.0879,-0.1429,1.0324,-0.7613,1.4525,0.5250,1000.9680,smooth_accel_decel3
532742,0.0481,0.0307,0.9426,3.3688,1.4350,-0.2362,1000.9597,smooth_accel_decel3
532802,0.0694,0.0627,1.0590,1.7413,3.3950,0.2188,1000.9741,smooth_accel_decel3
532862,-0.0296,-0.0669,0.8555,-0.6300,1.1812,-0.2100,1000.9624,smooth_accel_decel3
532922,0.0461,0.1760,1.0314,-0.2713,-2.7300,0.6388,1000.9800,smooth_accel_decel3
532982,-0.0007,0.0137,1.0185,-1.5137,-3.3688,0.7788,1000.9702,smooth_accel_decel3
533042,0.0349,-0.0206,0.8814,1.4612,-3.2550,0.3762,1000.9756,smooth_accel_decel3
533102,0.1183,0.0417,1.1544,0.0350,-0.6037,0.5075,1000.9790,smooth_accel_decel3
533162,0.0298,0.0584,0.9264,-3.5000,0.4638,0.6212,1000.9785,smooth_accel_decel3
533222,0.1201,0.1471,1.1012,0.1925,-2.3800,0.9362,1000.9746,smooth_accel_decel3
533282,0.0898,0.1086,1.0239,-3.3250,1.6013,0.1400,1000.9768,smooth_accel_decel3
533342,0.1289,0.0178,1.0697,-0.3063,0.5075,0.3413,1000.9722,smooth_accel_decel3
533402,0.1105,0.0034,1.1153,-0.5688,-1.1638,-0.2450,1000.9875,smooth_accel_decel3
533462,0.0864,0.0432,1.0277,-2.7037,0.2362,0.5775,1000.9934,smooth_accel_decel3
533522,0.0354,0.0586,1.0530,-2.1525,-0.1663,0.3762,1000.9929,smooth_accel_decel3
533582,0.0810,-0.0005,0.9806,-0.0088,-1.6450,0.2625,1000.9883,smooth_accel_decel3
533642,0.0199,-0.0152,0.8916,-1.3737,-1.5400,0.0525,1000.9895,smooth_accel_decel3
533702,-0.0061,-0.0995,0.8804,-1.8200,0.3500,-0.0875,1000.9949,smooth_accel_decel3
533762,0.0964,0.0561,1.0782,-1.8813,-0.8750,-0.2275,1000.9895,smooth_accel_decel3
533822,0.1660,0.0412,1.1216,-1.1725,-0.3063,-0.0350,1000.9858,smooth_accel_decel3
533882,0.1622,0.0840,1.1843,-1.8463,2.6512,0.3063,1000.9880,smooth_accel_decel3
533942,0.0423,0.1193,0.9715,-1.3825,1.1812,0.6562,1000.9846,smooth_accel_decel3
534002,0.0595,0.0117,0.9767,-2.2050,-1.2513,-0.0875,1000.9902,smooth_accel_decel3
534062,0.0566,-0.0169,0.9384,-3.3775,-1.5925,-0.2275,1001.0134,smooth_accel_decel3
534122,0.0996,0.0053,1.1017,-3.5787,-1.5662,-0.0437,1001.0151,smooth_accel_decel3
534182,0.0149,-0.0734,0.8821,-4.7775,-1.7413,-0.5425,1001.0164,smooth_accel_decel3
534242,0.0642,-0.0500,0.9059,1.1638,0.9275,-0.1750,1001.0486,smooth_accel_decel3
534302,0.0181,-0.0473,0.9271,0.2100,0.7788,-0.5337,1001.0417,smooth_accel_decel3
534362,0.0886,0.0367,1.0372,-0.4725,1.6013,0.0875,1001.0283,smooth_accel_decel3
534422,0.0290,0.0619,0.9774,-1.8112,3.3425,0.0262,1001.0242,smooth_accel_decel3
534482,0.0717,0.0527,1.0756,0.3150,-1.4963,-0.2188,1001.0361,smooth_accel_decel3
534542,0.0076,-0.1446,0.8696,-0.8838,-0.4462,-0.6913,1001.0508,smooth_accel_decel3
534602,0.1555,-0.0749,0.9725,0.3762,-3.9200,-0.2100,1001.0403,smooth_accel_decel3
534662,0.1721,0.1950,1.1512,-3.6575,-3.0712,0.6913,1001.0315,smooth_accel_decel3
534722,0.1545,-0.0539,1.0426,-1.7587,-0.3150,-0.3237,1001.0276,smooth_accel_decel3
534782,0.1786,0.0614,1.2249,2.8438,-0.5425,0.4462,1001.0315,smooth_accel_decel3
534842,0.0046,-0.0400,1.0650,1.4963,1.3913,0.1750,1001.0391,smooth_accel_decel3
534902,-0.0444,-0.1369,1.0329,-1.9600,4.7775,-0.9362,1001.0420,smooth_accel_decel3
534962,0.0202,0.0090,1.1229,-2.0475,3.7625,1.3212,1001.0234,smooth_accel_decel3
535022,-0.0900,-0.0576,1.0682,0.8400,6.4575,-0.2100,1001.0583,smooth_accel_decel3
535082,-0.0183,0.0839,1.0616,0.7175,-1.1463,-0.7350,1001.0508,smooth_accel_decel3
535142,0.0425,-0.1152,1.0775,0.4288,-0.7350,-0.9013,1001.0535,smooth_accel_decel3
535202,0.1247,0.0171,1.0927,2.8525,-2.1350,0.0437,1001.0583,smooth_accel_decel3
535262,0.1676,0.0615,1.1932,3.8500,-1.7150,-0.4988,1001.0491,smooth_accel_decel3
535322,0.0768,0.0151,0.9487,0.2537,2.5725,-0.2100,1001.0452,smooth_accel_decel3
535382,-0.0234,0.0278,0.9867,-1.3388,2.3975,-0.1138,1001.0488,smooth_accel_decel3
535442,0.1218,-0.0386,1.1148,-0.4988,1.2862,0.3500,1001.0615,smooth_accel_decel3
535502,-0.0091,-0.0168,0.7973,2.7213,0.7175,-0.1050,1001.0566,smooth_accel_decel3
535562,0.1000,-0.0013,1.0924,0.6475,1.3038,0.1138,1001.0657,smooth_accel_decel3
535622,0.0907,0.0149,1.0134,-1.1725,1.7938,0.3237,1001.0613,smooth_accel_decel3
535682,0.0371,-0.1210,0.9174,0.7700,0.8575,0.0613,1001.0520,smooth_accel_decel3
535742,0.0786,0.1132,1.1026,1.4438,0.3413,0.2713,1001.0615,smooth_accel_decel3
535802,-0.0041,-0.1420,0.9787,3.2725,1.0150,0.2537,1001.0835,smooth_accel_decel3
535862,0.0830,-0.0725,0.9635,-3.0450,-1.4000,0.7875,1001.0435,smooth_accel_decel3
535922,0.1381,-0.0503,1.0943,-1.7587,-3.4213,1.4088,1001.0679,smooth_accel_decel3
535982,0.0586,-0.0027,0.9155,-1.1812,-1.6013,0.5337,1001.0776,smooth_accel_decel3
536042,0.1243,0.0434,1.1841,-0.8575,-1.7237,0.4638,1001.0667,smooth_accel_decel3
536102,0.1615,-0.0827,0.8257,-3.2638,-4.0950,1.0850,1001.0847,smooth_accel_decel3
536162,0.0419,0.0945,1.1053,1.2162,-2.0387,0.9625,1001.0854,smooth_accel_decel3
536222,0.0978,-0.0234,0.9313,-3.2725,0.2625,0.3500,1001.0615,smooth_accel_decel3
536282,0.1266,0.0483,1.0951,1.6450,4.3400,0.6037,1001.0728,smooth_accel_decel3
536342,0.0051,0.0200,1.0258,8.3475,10.6488,-0.4462,1001.0779,smooth_accel_decel3
536402,-0.0368,0.0386,0.9279,0.9975,5.6875,-0.6212,1001.0615,smooth_accel_decel3
536462,0.0515,-0.0130,0.9643,-3.3512,-1.3300,1.3563,1001.0840,smooth_accel_decel3
536522,0.0501,0.0059,1.1385,-1.1725,-0.9013,0.7613,1001.0662,smooth_accel_decel3
536582,-0.0461,-0.0171,0.9450,-0.1138,-0.3063,-0.1750,1001.0691,smooth_accel_decel3
536642,0.2448,-0.1208,1.1598,1.4612,-0.7788,0.4988,1001.0862,smooth_accel_decel3
536702,0.1817,-0.1095,0.8926,1.9863,-14.3675,0.8575,1001.1008,smooth_accel_decel3
536762,0.0244,0.1620,1.0946,-0.8225,1.7763,0.3325,1001.0493,smooth_accel_decel3
536822,0.0905,-0.1044,0.9377,1.9950,-0.6913,0.3762,1001.0759,smooth_accel_decel3
536882,0.0415,-0.0688,0.8860,-1.0150,-5.1975,0.6650,1001.0876,smooth_accel_decel3
536942,0.0679,0.0341,0.9199,-1.3212,0.4200,1.2687,1001.0901,smooth_accel_decel3
537002,0.0642,-0.0261,0.9511,-1.6187,-0.6300,0.7437,1001.0942,smooth_accel_decel3
537062,0.1612,-0.0388,1.1287,-0.1400,-0.1138,0.4288,1001.0952,smooth_accel_decel3
537122,0.0768,0.1459,1.2016,-0.2625,2.8438,1.0237,1001.0845,smooth_accel_decel3
537182,0.1429,-0.0038,1.0063,-2.0038,2.5988,0.7175,1001.0986,smooth_accel_decel3
537242,0.0783,0.0259,0.9548,-0.5600,-1.3563,0.7788,1001.0994,smooth_accel_decel3
537302,0.1084,0.0346,1.1289,0.5863,-1.6625,0.3500,1001.1094,smooth_accel_decel3
537362,0.0100,0.0503,0.9126,-1.4787,-0.2100,0.6037,1001.1145,smooth_accel_decel3
537422,0.0712,0.0029,1.1070,2.0387,3.5875,0.4112,1001.1145,smooth_accel_decel3
537482,0.0542,-0.0863,1.1062,0.2188,-2.9488,0.4900,1001.1111,smooth_accel_decel3
537542,0.1613,0.1044,1.0668,1.4000,1.5225,0.2100,1001.1003,smooth_accel_decel3
537602,0.0517,-0.0696,0.9478,-0.9100,2.6950,-0.1925,1001.0996,smooth_accel_decel3
537662,0.1502,0.0922,1.0492,1.2600,-0.3587,0.4288,1001.0977,smooth_accel_decel3
537722,0.0866,0.0770,1.0624,1.8987,1.8025,-0.2100,1001.1196,smooth_accel_decel3
537782,0.0925,-0.0618,1.0047,-0.1400,0.7000,-0.2013,1001.1111,smooth_accel_decel3
537842,0.0295,0.0576,0.9983,0.6562,1.2600,0.2013,1001.1082,smooth_accel_decel3
537902,0.1297,0.1006,1.2505,1.0762,1.3563,0.9625,1001.0986,smooth_accel_decel3
537962,0.1123,-0.0779,1.3084,-0.7262,0.1838,0.7613,1001.1165,smooth_accel_decel3
538022,-0.0395,-0.0054,0.8880,-0.9275,-1.6975,0.6475,1001.1230,smooth_accel_decel3
538082,0.0386,-0.0725,0.9648,-0.5863,-0.3850,1.1025,1001.1101,smooth_accel_decel3
538142,-0.0190,0.1267,0.8830,-1.4525,2.6163,0.0525,1001.1160,smooth_accel_decel3
538202,0.0679,0.0331,0.9814,1.4088,1.9250,0.1488,1001.1062,smooth_accel_decel3
538262,0.1289,0.0872,1.3062,4.9963,-0.1050,-0.3325,1001.1155,smooth_accel_decel3
538322,-0.0119,-0.0561,0.8713,3.6925,-0.1750,-0.4288,1001.1130,smooth_accel_decel3
538382,0.0312,-0.1344,0.9432,0.3150,-0.5688,-0.0175,1001.1284,smooth_accel_decel3
538442,0.0361,0.0507,1.1165,1.4787,3.4213,0.2887,1001.1230,smooth_accel_decel3
538502,0.2147,0.0024,1.1131,0.6737,-3.7362,0.0525,1001.1287,smooth_accel_decel3
538562,0.0801,0.0739,1.0382,0.7000,-0.5950,0.6475,1001.1138,smooth_accel_decel3
538622,0.0142,0.0212,1.1187,0.1663,1.7325,-0.0962,1001.1311,smooth_accel_decel3
538682,0.0644,-0.0315,0.8259,2.6862,-2.4588,-0.3675,1001.1204,smooth_accel_decel3
538742,0.0996,0.1296,1.1359,0.3675,-1.0850,0.9712,1001.1306,smooth_accel_decel3
538802,0.0734,0.1387,1.0263,-0.5688,1.3475,-0.3063,1001.1440,smooth_accel_decel3
538862,0.1294,-0.0873,0.9543,1.1375,-0.4812,0.2450,1001.1233,smooth_accel_decel3
538922,0.1264,0.0816,1.0216,0.1400,-2.9662,0.5775,1001.1331,smooth_accel_decel3
538982,0.0968,0.0224,1.1068,1.4525,4.2438,-0.6650,1001.1230,smooth_accel_decel3
539042,0.0642,0.0168,0.9857,-0.9450,2.0912,0.9187,1001.1313,smooth_accel_decel3
539102,-0.0435,0.0444,0.7236,-0.0262,-2.4062,-0.6037,1001.1294,smooth_accel_decel3
539162,0.1032,-0.2562,0.9797,-1.0237,1.7325,-0.3150,1001.1321,smooth_accel_decel3
539222,-0.0300,0.1123,0.8720,1.8987,3.4213,0.8313,1001.1316,smooth_accel_decel3
539282,0.0683,-0.0657,0.9762,-1.4262,3.3075,-1.0150,1001.1362,smooth_accel_decel3
539342,-0.0270,-0.0764,0.9376,0.9450,0.0613,-0.1663,1001.1492,smooth_accel_decel3
539402,-0.0950,-0.1388,0.8718,-4.0600,-1.3737,-0.2713,1001.1387,smooth_accel_decel3
539462,-0.0166,-0.0447,0.8825,0.9013,2.7300,-0.0700,1001.1392,smooth_accel_decel3
539522,-0.0088,0.0022,1.0314,-4.3137,-2.7037,1.7850,1001.1455,smooth_accel_decel3
539582,0.1723,-0.0087,1.3545,0.2800,4.6200,0.2800,1001.1614,smooth_accel_decel3
539642,0.0693,-0.0361,0.8375,1.1725,-3.7100,0.3063,1001.1631,smooth_accel_decel3
539702,0.0708,0.0661,0.9531,-5.3200,0.3938,1.7587,1001.1445,smooth_accel_decel3
539762,0.0856,0.0222,1.1156,2.1000,2.2925,0.1312,1001.1606,smooth_accel_decel3
539822,0.1191,0.0783,1.0701,1.6888,-0.2188,0.0875,1001.1489,smooth_accel_decel3
539882,0.0569,-0.0603,1.0158,-0.1663,0.8838,1.0063,1001.1548,smooth_accel_decel3
539942,0.0256,-0.0198,0.9086,1.0850,1.1463,0.8313,1001.1614,smooth_accel_decel3
540002,-0.0223,-0.0414,0.8313,-2.9838,-1.9950,0.7088,1001.1741,smooth_accel_decel3
540062,0.1118,-0.0852,1.1543,-0.1050,2.5375,0.6300,1001.1675,smooth_accel_decel3
540122,0.0205,0.1215,0.9736,-2.2575,2.0825,0.7613,1001.1702,smooth_accel_decel3
540182,0.0600,-0.0088,1.0286,-0.7875,1.8288,0.7788,1001.1729,smooth_accel_decel3
540242,0.0107,-0.0156,0.8525,-1.4875,-0.0787,0.5163,1001.1704,smooth_accel_decel3
540302,0.0733,0.0268,1.0518,1.7325,1.7150,0.6388,1001.1643,smooth_accel_decel3
540362,0.0320,-0.1374,0.9953,0.0175,0.3500,0.1138,1001.1621,smooth_accel_decel3
540422,0.0564,0.0179,0.9844,0.8925,1.1988,0.4900,1001.1753,smooth_accel_decel3
540482,0.1377,0.0446,1.1785,-1.9950,2.5725,0.4025,1001.1702,smooth_accel_decel3
540542,0.0834,-0.0244,1.0695,0.2537,2.1175,0.2013,1001.1697,smooth_accel_decel3
540602,0.0812,0.0680,1.0556,0.1400,1.9075,-0.0262,1001.1763,smooth_accel_decel3
540662,0.0334,-0.0810,0.8159,-1.1900,-1.8900,0.7437,1001.1799,smooth_accel_decel3
540722,0.1332,0.0788,1.0904,-0.5425,-1.0850,0.6737,1001.1753,smooth_accel_decel3
540782,0.1457,0.0602,1.1831,-0.8050,1.5838,0.6650,1001.1707,smooth_accel_decel3
540842,0.0657,0.0220,0.9706,0.1225,-1.6888,0.6212,1001.1899,smooth_accel_decel3
540902,0.0317,-0.0481,0.9269,0.2100,-0.8313,0.2188,1001.1882,smooth_accel_decel3
540962,0.0612,-0.0533,0.9909,1.7500,0.4112,0.2887,1001.1934,smooth_accel_decel3
541022,0.1129,0.0056,1.0153,-0.6825,-2.0475,0.3762,1001.1799,smooth_accel_decel3
541082,0.0083,-0.1035,0.9171,1.5838,0.8138,0.1225,1001.1870,smooth_accel_decel3
541142,0.0407,-0.0759,0.9387,-0.4200,1.2950,-0.2188,1001.1821,smooth_accel_decel3
541202,0.1307,-0.0881,1.0397,0.4462,0.3762,0.1050,1001.1875,smooth_accel_decel3
541262,0.0498,-0.0716,1.0360,1.5488,-0.8313,0.8838,1001.1877,smooth_accel_decel3
541322,0.0500,0.0012,1.0099,-0.1663,-1.8550,0.4462,1001.1929,smooth_accel_decel3
541382,0.0300,0.0910,0.9260,-2.2662,1.4875,0.2800,1001.1992,smooth_accel_decel3
541442,0.1460,-0.0010,1.0810,-1.4438,1.5838,0.7788,1001.1953,smooth_accel_decel3
541502,0.1457,0.0418,1.1126,-2.8175,2.6512,1.0675,1001.1926,smooth_accel_decel3
541562,-0.0356,0.0317,0.8320,-0.3938,1.5838,-0.3850,1001.1912,smooth_accel_decel3
541622,0.0098,-0.0259,0.8777,0.1575,-1.3475,0.1750,1001.1812,smooth_accel_decel3
541682,0.0334,-0.1041,0.9565,2.8525,2.3537,0.0787,1001.1946,smooth_accel_decel3
541742,0.1089,-0.0808,1.1151,1.8813,3.4300,-0.4112,1001.2068,smooth_accel_decel3
541802,0.0168,0.1268,1.0463,-3.4300,0.9362,0.6300,1001.1958,smooth_accel_decel3
541862,0.0911,-0.0564,1.1324,0.6125,-2.5287,-0.4900,1001.2146,smooth_accel_decel3
541922,0.0708,-0.0905,0.8341,-3.2462,-2.1175,0.6212,1001.2039,smooth_accel_decel3
541982,0.0903,-0.0508,1.0102,-1.7500,-1.1025,0.2450,1001.2012,smooth_accel_decel3
542042,-0.0014,-0.0291,0.9329,1.0938,-0.9625,0.0262,1001.2012,smooth_accel_decel3
542102,0.0415,0.0137,1.0393,1.4700,0.1575,-0.2188,1001.2046,smooth_accel_decel3
542162,0.0656,-0.0908,0.9565,3.2287,-1.1550,-0.5425,1001.2092,smooth_accel_decel3
542222,0.0583,0.0346,1.0728,2.5638,3.2812,0.4112,1001.2034,smooth_accel_decel3
542282,0.1674,0.1516,1.2218,0.4812,1.7062,0.2188,1001.2000,smooth_accel_decel3
542342,0.1498,0.0925,0.9457,-0.0787,-0.2887,0.8838,1001.2104,smooth_accel_decel3
542402,0.0893,0.0203,1.0813,-1.1900,-0.3237,0.6300,1001.2090,smooth_accel_decel3
542462,-0.0159,0.0317,0.9801,4.8562,-1.3388,-0.3850,1001.2190,smooth_accel_decel3
542522,0.0630,-0.0378,0.9934,0.4550,-0.8487,-0.4025,1001.2087,smooth_accel_decel3
542582,0.0203,-0.1061,0.8664,2.4938,0.4550,0.3325,1001.2197,smooth_accel_decel3
542642,0.1038,-0.0479,1.0124,3.0187,-1.6625,0.3675,1001.2249,smooth_accel_decel3
542702,0.0073,-0.0242,0.8809,-0.7000,-1.2950,0.4900,1001.2175,smooth_accel_decel3
542762,0.1022,0.0835,1.1265,-0.1925,2.1700,0.3150,1001.2205,smooth_accel_decel3
542822,0.0284,-0.0888,0.8991,-0.2362,0.0962,0.2013,1001.2217,smooth_accel_decel3
542882,0.0284,-0.0110,0.8975,1.8463,-0.1050,-0.0437,1001.2300,smooth_accel_decel3
542942,0.0971,-0.0864,0.9914,-1.0237,-0.1050,-0.5075,1001.2285,smooth_accel_decel3
543002,0.0768,0.0171,0.9851,-1.4612,-2.5638,0.0437,1001.2266,smooth_accel_decel3
543062,0.0892,0.0423,1.0226,2.6512,-0.4200,0.0000,1001.2439,smooth_accel_decel3
543122,0.0966,0.0322,1.0798,3.4213,0.5337,-0.1138,1001.2451,smooth_accel_decel3
543182,0.0732,-0.0478,1.0065,0.5863,-0.6212,-0.2713,1001.2417,smooth_accel_decel3
543242,0.1299,-0.0795,1.0436,-0.9275,-0.6913,0.1225,1001.2244,smooth_accel_decel3
543302,0.1523,0.0737,1.1121,-1.2513,1.0412,0.0437,1001.2388,smooth_accel_decel3
543362,0.0642,0.0074,0.9465,-0.7088,0.0787,-0.0962,1001.2373,smooth_accel_decel3
543422,0.0504,-0.0100,0.8896,-1.1200,-1.9162,0.2013,1001.2324,smooth_accel_decel3
543482,0.0989,-0.0159,1.0050,1.1550,-0.9625,0.1400,1001.2375,smooth_accel_decel3
543542,0.1276,-0.0342,1.0624,0.5863,-0.3413,0.5950,1001.2385,smooth_accel_decel3
543602,-0.0223,-0.0034,0.8972,3.9025,-1.6800,0.1750,1001.2395,smooth_accel_decel3
543662,0.0839,0.0569,1.0758,4.3750,2.0387,-0.4200,1001.2410,smooth_accel_decel3
543722,0.0952,0.0537,0.9051,0.8400,-3.8937,0.6562,1001.2417,smooth_accel_decel3
543782,0.0564,0.0429,1.1170,0.9712,0.1575,0.8050,1001.2427,smooth_accel_decel3
543842,0.0874,0.0586,0.9470,-0.5688,-0.5250,-0.2362,1001.2441,smooth_accel_decel3
543902,0.1589,-0.0732,0.9917,-3.6400,-2.0038,0.9100,1001.2373,smooth_accel_decel3
543962,0.1359,0.0045,1.0687,-0.7613,-1.9425,0.5163,1001.2419,smooth_accel_decel3
544022,0.1135,-0.0810,1.0831,2.8087,-0.4375,0.1050,1001.2285,smooth_accel_decel3
544082,0.0329,0.0772,0.8087,-0.4550,-3.1412,0.3675,1001.2417,smooth_accel_decel3
544142,0.0725,-0.0076,1.0489,-0.3587,1.5050,0.2450,1001.2312,smooth_accel_decel3
544202,-0.0498,-0.0093,0.7754,-0.0525,-0.2100,0.9450,1001.2324,smooth_accel_decel3
544262,0.0884,0.0137,1.0036,-2.8175,-0.5688,0.8838,1001.2456,smooth_accel_decel3
544322,0.0235,-0.0608,0.9866,1.6800,1.4175,-0.3063,1001.2429,smooth_accel_decel3
544382,0.0900,0.0903,1.0287,-0.0525,-0.9362,-0.3938,1001.2327,smooth_accel_decel3
544442,0.0659,-0.1315,1.0960,-1.5225,0.3500,0.0175,1001.2300,smooth_accel_decel3
544502,0.0508,0.0903,0.9362,2.1788,0.5250,0.0525,1001.2378,smooth_accel_decel3
544562,0.0841,-0.0081,0.8560,-2.5900,-2.5463,0.5775,1001.2429,smooth_accel_decel3
544622,0.1671,0.0966,1.0814,-1.1988,3.4125,0.5075,1001.2378,smooth_accel_decel3
544682,0.0680,0.1357,1.0191,1.1725,0.3237,0.0962,1001.2393,smooth_accel_decel3
544742,0.0366,-0.0349,0.9819,-2.6950,0.3150,0.1400,1001.2495,smooth_accel_decel3
544802,0.0612,-0.1074,1.0723,-1.4000,2.9225,-0.5688,1001.2478,smooth_accel_decel3
544862,0.0852,-0.0019,1.0726,1.6975,0.7788,0.1838,1001.2400,smooth_accel_decel3
544922,0.1128,0.1005,0.9384,-1.7150,-2.9750,0.7437,1001.2524,smooth_accel_decel3
544982,0.0537,-0.0290,1.0497,0.0437,0.3500,0.0613,1001.2546,smooth_accel_decel3
545042,0.0012,0.0937,0.9878,1.4438,1.5400,-0.2537,1001.2507,smooth_accel_decel3
545102,0.1532,-0.0836,1.0039,0.5512,-0.9800,-0.1225,1001.2568,smooth_accel_decel3
545162,0.0524,-0.1083,1.0468,1.1025,1.8200,0.1750,1001.2559,smooth_accel_decel3
545222,0.0459,0.0750,1.0202,-1.2600,-0.3063,-0.0350,1001.2556,smooth_accel_decel3
545282,0.0289,-0.1252,1.0067,0.1225,2.6512,0.3413,1001.2563,smooth_accel_decel3
545342,0.0507,-0.0091,1.0046,-1.2162,-2.0125,-0.3675,1001.2517,smooth_accel_decel3
545402,0.1180,-0.1086,1.1044,0.5250,1.3737,0.0787,1001.2603,smooth_accel_decel3
545462,0.0162,-0.0060,0.9392,0.3587,-2.1263,-0.0962,1001.2549,smooth_accel_decel3
545522,0.0734,-0.0445,1.0614,1.2600,-2.6250,0.4200,1001.2668,smooth_accel_decel3
545582,0.0107,-0.0522,0.9618,-0.0525,1.7325,0.5337,1001.2712,smooth_accel_decel3
545642,0.0708,-0.0564,1.0390,1.5400,-0.8575,-0.2188,1001.2673,smooth_accel_decel3
545702,0.0698,0.0171,1.0627,-0.6300,0.4025,0.8138,1001.2627,smooth_accel_decel3
545762,0.1276,0.0113,1.2012,-1.6537,2.2925,0.6650,1001.2720,smooth_accel_decel3
545822,0.0278,-0.0002,1.0023,-0.6125,-0.6212,0.4112,1001.2622,smooth_accel_decel3
545882,0.0749,0.0856,1.1136,0.1663,-1.4175,0.4725,1001.2659,smooth_accel_decel3
545942,0.1145,-0.0874,1.0446,0.2275,-0.0175,-0.3762,1001.2637,smooth_accel_decel3
546002,0.0885,-0.0049,1.1042,0.9625,1.7500,0.4462,1001.2681,smooth_accel_decel3
546062,0.0436,0.0073,0.9416,1.1375,1.7237,0.0437,1001.2666,smooth_accel_decel3
546122,0.1039,0.0096,1.0321,0.8838,-2.3100,0.5163,1001.2646,smooth_accel_decel3
546182,0.0180,0.0251,0.9489,-0.4988,-1.1025,0.1312,1001.2725,smooth_accel_decel3
546242,0.0608,-0.0264,0.9617,-0.7088,-0.0088,0.3063,1001.2634,smooth_accel_decel3
546302,0.0820,0.1021,1.0892,0.3675,-0.7088,0.5075,1001.2666,smooth_accel_decel3
546362,0.0420,-0.0204,0.9701,-0.6475,2.1000,-0.2450,1001.2688,smooth_accel_decel3
546422,0.0566,-0.0206,1.0238,0.7350,2.4938,0.1312,1001.2686,smooth_accel_decel3
546482,0.0793,0.0362,0.9723,-1.3300,2.1437,0.3587,1001.2686,smooth_accel_decel3
546542,0.0334,-0.0614,0.9213,-0.8050,1.6363,0.1575,1001.2734,smooth_accel_decel3
546602,0.0734,0.0226,1.0293,-0.1663,1.3125,0.1750,1001.2744,smooth_accel_decel3
546662,0.0210,-0.0446,0.9206,-0.2713,-0.1925,-0.1400,1001.2847,smooth_accel_decel3
546722,0.0707,-0.0278,1.0174,-0.8400,0.5688,-0.2975,1001.2766,smooth_accel_decel3
546782,-0.0181,-0.0159,1.0046,0.8400,0.5600,-0.1225,1001.2732,smooth_accel_decel3
546842,0.0425,0.0027,1.0504,0.0088,-0.2450,0.2275,1001.2773,smooth_accel_decel3
546902,-0.0044,-0.0883,0.9939,-1.0850,-0.2713,0.1488,1001.2815,smooth_accel_decel3
546962,0.0207,0.0205,1.0350,1.5050,0.1312,0.0000,1001.2754,smooth_accel_decel3
547022,0.0754,0.0317,1.0249,-1.0063,-0.1925,0.1225,1001.2842,smooth_accel_decel3
547082,0.0857,0.0405,1.0488,0.4200,-1.2775,0.1138,1001.2832,smooth_accel_decel3
547142,0.0451,-0.0740,0.9489,0.8575,-1.9863,-0.0525,1001.2651,smooth_accel_decel3
547202,0.0791,0.0381,1.0075,0.6388,-1.0588,0.0700,1001.2849,smooth_accel_decel3
547262,0.0202,0.0118,0.8852,-0.5775,-1.0762,0.2975,1001.2825,smooth_accel_decel3
547322,0.1076,0.0010,1.0528,-0.9362,-0.2100,0.0350,1001.2903,smooth_accel_decel3
547382,0.0918,0.0359,0.9477,-0.5075,-0.7525,-0.0175,1001.2781,smooth_accel_decel3
547442,0.0608,-0.0310,0.9841,-0.6388,-0.0875,-0.0437,1001.2803,smooth_accel_decel3
547502,0.0330,0.0281,0.9128,-0.0875,0.0088,-0.3500,1001.2883,smooth_accel_decel3
547562,0.0273,-0.0044,0.9713,0.0962,0.4375,-0.1838,1001.2881,smooth_accel_decel3
547622,0.0364,-0.0983,0.9624,0.2450,-0.0700,-0.1925,1001.2825,smooth_accel_decel3
547682,0.0552,-0.0192,0.9943,1.0500,0.7175,-0.5688,1001.2747,smooth_accel_decel3
547742,0.0242,0.0054,0.9702,1.0150,-0.5425,-0.4288,1001.2927,smooth_accel_decel3
547802,0.0576,0.0297,1.0135,0.2450,-0.3500,-0.5075,1001.2842,smooth_accel_decel3
547862,0.0466,0.0182,1.0060,-0.1575,1.3038,-0.8138,1001.2864,smooth_accel_decel3
547922,0.0451,-0.0195,0.9511,-1.5750,0.1925,-0.5337,1001.2786,smooth_accel_decel3
547982,0.0656,-0.0166,1.0390,0.4725,-0.2188,-0.6825,1001.2922,smooth_accel_decel3
548042,0.0949,0.0185,1.0477,0.5250,-0.2537,-0.9275,1001.2913,smooth_accel_decel3
548102,0.0905,0.0364,1.0344,0.7700,0.7788,-0.6825,1001.2898,smooth_accel_decel3
548162,-0.0291,-0.0801,0.9394,-0.6388,0.7437,-0.6475,1001.2979,smooth_accel_decel3
548222,0.0010,-0.0023,0.9536,0.4288,0.3500,-0.6300,1001.2935,smooth_accel_decel3
