timestamp,a_x,a_y,a_z,dps_x,dps_y,dps_z,pressure,target,time_sec
202562,-0.0093,0.0209,0.9875,0.105,-0.0875,0.035,994.1938,stationary,0.0
202622,0.0095,0.0195,0.9906,0.2013,0.28,0.0,994.1892,stationary,0.06
202682,-0.0059,0.0249,0.9931,0.1925,0.2362,0.245,994.1912,stationary,0.12
202742,0.0059,0.0232,0.9923,0.1575,0.0875,0.28,994.1938,stationary,0.18
202802,-0.0009,0.0203,0.9958,0.2275,0.0962,0.3063,994.1912,stationary,0.24
202862,-0.0032,0.0239,0.9961,0.0613,0.0262,0.2537,994.1875,stationary,0.3
202922,0.0061,0.0198,0.996,0.2362,-0.0088,0.2713,994.1956,stationary,0.36
202982,-0.0095,0.0259,0.9941,0.1838,0.07,0.1925,994.1912,stationary,0.42
203042,0.0041,0.0236,0.9941,0.1925,0.0437,0.1925,994.1936,stationary,0.48
203102,-0.0071,0.0251,0.9925,0.2625,0.0437,0.2625,994.1877,stationary,0.54
203162,0.0005,0.0232,0.9939,0.1312,0.0613,0.28,994.1863,stationary,0.6
203222,0.001,0.0232,0.9945,0.2537,0.1488,0.2275,994.1863,stationary,0.66
203282,-0.0032,0.0242,0.9935,0.0962,0.0,0.245,994.1917,stationary,0.72
203342,0.0054,0.0212,0.9934,0.245,0.0875,0.2013,994.1794,stationary,0.78
203402,-0.0081,0.0271,0.9938,0.21,0.1225,0.28,994.1885,stationary,0.84
203462,0.002,0.0223,0.9941,0.1663,0.1138,0.2362,994.1819,stationary,0.9
203522,-0.0029,0.0234,0.9941,0.1663,0.1663,0.2887,994.189,stationary,0.96
203582,-0.0002,0.0234,0.9941,0.1312,-0.035,0.245,994.1956,stationary,1.02
203642,0.0013,0.0224,0.9933,0.2537,0.0787,0.245,994.1912,stationary,1.08
203702,-0.0041,0.0246,0.9941,0.1575,0.0437,0.2362,994.1812,stationary,1.14
203762,0.0024,0.0234,0.9941,0.1663,0.2275,0.35,994.188,stationary,1.2
203822,-0.0061,0.0257,0.995,0.175,0.0962,0.2013,994.1931,stationary,1.26
203882,0.0034,0.022,0.9938,0.21,0.1312,0.175,994.1821,stationary,1.32
203942,-0.0024,0.0241,0.9958,0.175,0.035,0.2625,994.1865,stationary,1.38
204002,-0.0002,0.0219,0.9953,0.1575,0.105,0.1925,994.1943,stationary,1.44
204062,0.0005,0.0244,0.995,0.2975,0.14,0.2188,994.187,stationary,1.5
204122,-0.0039,0.0242,0.9955,0.21,-0.0262,0.2537,994.1838,stationary,1.56
204182,0.0024,0.0239,0.9953,0.21,0.1138,0.28,994.1812,stationary,1.62
204242,-0.0044,0.0254,0.9945,0.1138,0.035,0.21,994.1907,stationary,1.68
204302,0.0024,0.0239,0.9931,0.1488,0.1225,0.2362,994.1829,stationary,1.74
204362,-0.0024,0.0224,0.9958,0.1925,0.1575,0.3237,994.1877,stationary,1.8
204422,-0.0015,0.024,0.9953,0.1225,0.0613,0.245,994.1873,stationary,1.86
204482,0.0009,0.0249,0.9933,0.14,0.14,0.2362,994.1973,stationary,1.92
204542,-0.0044,0.0244,0.9945,0.1138,0.105,0.245,994.1797,stationary,1.98
204602,0.0027,0.023,0.995,0.14,0.0525,0.1925,994.1917,stationary,2.04
204662,-0.0038,0.0254,0.9951,0.14,0.1312,0.245,994.1738,stationary,2.1
204722,0.0017,0.0231,0.9938,0.1663,0.1138,0.2537,994.1885,stationary,2.16
204782,-0.0022,0.0239,0.9945,0.0437,0.1225,0.2537,994.1875,stationary,2.22
204842,-0.0017,0.0244,0.995,0.175,0.0787,0.2975,994.1858,stationary,2.28
204902,0.001,0.0234,0.9958,0.2275,0.14,0.3063,994.1807,stationary,2.34
204962,-0.0038,0.0246,0.995,0.2188,0.1225,0.2537,994.1802,stationary,2.4
205022,0.0084,0.0268,1.0008,0.175,0.1925,0.035,994.1953,stationary,2.46
205082,-0.0062,0.0253,0.9958,0.2537,-0.0437,0.14,994.1853,stationary,2.52
205142,-0.0059,0.0307,0.9881,0.1488,0.0437,0.1225,994.1848,stationary,2.58
205202,0.002,-0.0002,0.9889,0.28,0.3413,0.2537,994.1895,stationary,2.64
205262,-0.0129,0.0325,0.997,0.0962,-0.0262,0.1575,994.1938,stationary,2.7
205322,-0.0015,0.0257,0.9996,0.1138,0.2625,0.105,994.1851,stationary,2.76
205382,-0.0005,0.0222,0.999,0.1575,0.2362,0.0787,994.1926,stationary,2.82
205442,0.0105,0.0182,0.9921,0.2887,0.14,0.0088,994.1995,stationary,2.88
205502,-0.0037,0.0244,1.0007,0.1575,0.2537,0.1575,994.1912,stationary,2.94
205562,0.0032,0.0199,0.989,0.1838,-0.0613,0.21,994.1841,stationary,3.0
205622,0.003,0.0219,0.9997,0.2188,0.105,0.2975,994.187,stationary,3.06
205682,-0.0029,0.0285,0.9943,0.245,0.1225,0.35,994.1963,stationary,3.12
205742,0.0051,0.0191,0.9992,0.1663,0.07,0.245,994.1938,stationary,3.18
205802,-0.0051,0.0242,0.9935,0.1312,0.0787,0.1838,994.1895,stationary,3.24
205862,0.0022,0.0197,0.9969,0.1312,0.0175,0.2362,994.186,stationary,3.3
205922,-0.0037,0.0249,0.9936,0.1488,0.1575,0.2362,994.1853,stationary,3.36
205982,-0.0024,0.0228,0.9952,0.21,0.0613,0.2362,994.1948,stationary,3.42
206042,0.0023,0.0239,0.9938,0.14,0.14,0.2275,994.1953,stationary,3.48
206102,-0.0053,0.0244,0.9965,0.2713,0.0,0.2275,994.179,stationary,3.54
206162,0.0029,0.0228,0.9942,0.1312,0.0962,0.2275,994.1875,stationary,3.6
206222,-0.0032,0.0239,0.9936,0.3413,0.0525,0.2887,994.1904,stationary,3.66
206282,0.0012,0.0217,0.9963,0.1925,0.07,0.1838,994.1873,stationary,3.72
206342,-0.0016,0.0239,0.9929,0.175,0.1225,0.21,994.1956,stationary,3.78
206402,-0.0012,0.0222,0.9944,0.07,0.0088,0.2625,994.186,stationary,3.84
206462,0.0012,0.0254,0.9931,0.0875,0.1312,0.2625,994.1895,stationary,3.9
206522,-0.0054,0.0222,0.9955,0.1575,-0.0175,0.28,994.1824,stationary,3.96
206582,0.0024,0.0237,0.9926,0.2537,0.0525,0.2362,994.1938,stationary,4.02
206642,-0.0027,0.0232,0.9935,0.1663,0.035,0.245,994.1963,stationary,4.08
206702,0.0017,0.0236,0.9931,0.1838,0.0613,0.2537,994.1931,stationary,4.14
206762,-0.0021,0.0246,0.9938,0.2188,0.07,0.2537,994.1948,stationary,4.2
206822,0.0001,0.0228,0.9944,0.1138,0.0613,0.1925,994.187,stationary,4.26
206882,0.0002,0.0244,0.995,0.175,0.0525,0.245,994.1904,stationary,4.32
206942,-0.0021,0.0246,0.9946,0.07,0.035,0.2362,994.1895,stationary,4.38
207002,0.0017,0.0234,0.9945,0.1488,0.0613,0.2362,994.1951,stationary,4.44
207062,-0.0053,0.0235,0.9931,0.2188,0.1312,0.2537,994.1841,stationary,4.5
207122,0.0027,0.0234,0.9938,0.2362,0.0088,0.21,994.1882,stationary,4.56
207182,-0.0037,0.0236,0.9941,0.28,0.0525,0.2013,994.1941,stationary,4.62
207242,0.0005,0.0244,0.9929,0.14,0.0437,0.2275,994.1831,stationary,4.68
207302,0.0,0.0242,0.9953,0.21,0.0787,0.315,994.1919,stationary,4.74
207362,-0.0018,0.0236,0.9962,0.2275,0.1225,0.2188,994.197,stationary,4.8
207422,0.0016,0.0241,0.9953,0.2275,0.0088,0.2537,994.1912,stationary,4.86
207482,-0.0041,0.0242,0.9924,0.14,0.035,0.175,994.1826,stationary,4.92
207542,0.0001,0.0232,0.9943,0.1838,0.1663,0.2362,994.1926,stationary,4.98
207602,-0.0017,0.0232,0.9953,0.21,0.035,0.1925,994.1897,stationary,5.04
207662,-0.0018,0.0239,0.995,0.1663,0.07,0.2013,994.1833,stationary,5.1
207722,-0.0019,0.0242,0.9967,0.1575,0.0962,0.2713,994.1858,stationary,5.16
207782,-0.0012,0.0229,0.9941,0.21,0.035,0.2013,994.1919,stationary,5.22
207842,0.0,0.0231,0.9947,0.14,0.14,0.2188,994.1946,stationary,5.28
207902,-0.0027,0.0247,0.9931,0.2013,0.1138,0.21,994.1897,stationary,5.34
207962,0.0008,0.0232,0.997,0.1838,0.0787,0.245,994.1909,stationary,5.4
208022,-0.0014,0.0246,0.994,0.0437,0.0088,0.245,994.187,stationary,5.46
208082,-0.0003,0.0241,0.9935,0.2013,0.0962,0.2188,994.1997,stationary,5.52
208142,-0.0013,0.0241,0.9943,0.2887,0.1138,0.2188,994.1968,stationary,5.58
208202,-0.0022,0.0229,0.9935,0.2625,0.0175,0.1138,994.1865,stationary,5.64
208262,0.0012,0.0236,0.995,0.1575,0.0875,0.2625,994.2017,stationary,5.7
208322,-0.0027,0.0254,0.9941,0.2537,-0.0088,0.245,994.1873,stationary,5.76
208382,0.001,0.0232,0.9944,0.14,0.0875,0.245,994.196,stationary,5.82
208442,-0.002,0.0239,0.9942,0.1663,0.0875,0.245,994.1968,stationary,5.88
208502,0.0001,0.0242,0.9953,0.1663,0.14,0.21,994.189,stationary,5.94
208562,-0.0012,0.0241,0.9946,0.175,0.0787,0.28,994.1843,stationary,6.0
208622,-0.0009,0.0227,0.9956,0.1925,0.0613,0.245,994.1897,stationary,6.06
208682,-0.0008,0.0242,0.9941,0.21,0.0962,0.21,994.1914,stationary,6.12
208742,-0.0029,0.0237,0.9948,0.1925,0.0175,0.21,994.1853,stationary,6.18
208802,-0.001,0.0224,0.9953,0.1312,0.1488,0.2625,994.1853,stationary,6.24
208862,-0.0013,0.0241,0.995,0.14,0.0525,0.2713,994.1924,stationary,6.3
208922,0.0,0.0237,0.9935,0.1838,0.0525,0.2625,994.1892,stationary,6.36
208982,-0.0013,0.0242,0.9941,0.245,0.1312,0.2362,994.1877,stationary,6.42
209042,-0.001,0.0232,0.9925,0.0088,0.0787,0.2975,994.1895,stationary,6.48
209102,0.0,0.0242,0.995,0.0962,0.0437,0.2188,994.1882,stationary,6.54
209162,-0.0001,0.0225,0.9943,0.2013,0.0613,0.2625,994.1799,stationary,6.6
209222,0.0004,0.023,0.9933,0.1575,0.1138,0.2188,994.1826,stationary,6.66
209282,-0.0012,0.0246,0.9933,0.21,0.1663,0.2537,994.1912,stationary,6.72
209342,-0.0007,0.0239,0.9943,0.1575,0.1225,0.2188,994.187,stationary,6.78
209402,-0.0005,0.0244,0.9948,0.2188,0.1663,0.2362,994.1948,stationary,6.84
209462,-0.0017,0.0227,0.9938,0.21,0.1312,0.2625,994.1831,stationary,6.9
209522,-0.0013,0.0224,0.9943,0.1925,0.0262,0.2188,994.187,stationary,6.96
209582,-0.001,0.0241,0.995,0.2188,0.105,0.1838,994.1909,stationary,7.02
209642,-0.0016,0.0237,0.997,0.1838,0.1838,0.2362,994.1772,stationary,7.08
209702,-0.0024,0.0241,0.9961,0.1488,0.07,0.2713,994.1904,stationary,7.14
209762,-0.0007,0.0232,0.9938,0.1838,0.21,0.1925,994.189,stationary,7.2
209822,-0.0019,0.0237,0.996,0.1225,0.07,0.2362,994.1848,stationary,7.26
209882,0.0004,0.0242,0.9952,0.1925,0.0525,0.245,994.1824,stationary,7.32
209942,-0.002,0.0234,0.995,0.175,0.105,0.2537,994.1902,stationary,7.38
210002,-0.0017,0.0237,0.9948,0.175,0.0525,0.2887,994.1843,stationary,7.44
210062,-0.0002,0.0237,0.9947,0.1225,0.1225,0.2975,994.1848,stationary,7.5
210122,-0.0007,0.0239,0.9941,0.175,0.2013,0.1838,994.1946,stationary,7.56
210182,0.0001,0.0232,0.9957,0.14,0.1138,0.2362,994.1882,stationary,7.62
210242,-0.001,0.024,0.996,0.0262,0.0525,0.21,994.1873,stationary,7.68
210302,-0.0009,0.0236,0.9958,0.1838,0.0262,0.2013,994.1819,stationary,7.74
210362,-0.0012,0.0237,0.9964,0.2362,0.105,0.2013,994.1892,stationary,7.8
210422,-0.0002,0.0229,0.9958,0.14,0.1138,0.175,994.1882,stationary,7.86
210482,-0.0007,0.0229,0.9955,0.0962,-0.0175,0.2625,994.1924,stationary,7.92
210542,-0.001,0.0246,0.9955,0.1312,0.035,0.2537,994.1912,stationary,7.98
210602,-0.0009,0.0224,0.9944,0.175,0.175,0.245,994.1858,stationary,8.04
210662,-0.0007,0.0239,0.9934,0.2362,0.0875,0.1925,994.2004,stationary,8.1
210722,-0.0012,0.024,0.9948,0.175,0.0787,0.28,994.189,stationary,8.16
210782,-0.0015,0.0229,0.9945,0.2713,0.1312,0.2713,994.1873,stationary,8.22
210842,-0.0015,0.0249,0.9948,0.175,0.1925,0.2188,994.1941,stationary,8.28
210902,-0.0007,0.0246,0.995,0.21,0.0962,0.2537,994.1958,stationary,8.34
210962,-0.0007,0.0248,0.9938,0.1488,0.0875,0.2975,994.1865,stationary,8.4
211022,0.0002,0.0246,0.9953,0.21,0.0262,0.2362,994.1926,stationary,8.46
211082,-0.0024,0.0237,0.9958,0.1312,0.0175,0.28,994.1829,stationary,8.52
211142,-0.0005,0.0234,0.9958,0.2537,0.0437,0.245,994.1816,stationary,8.58
211202,-0.0007,0.0243,0.995,0.2537,0.07,0.2887,994.1943,stationary,8.64
211262,-0.0016,0.0239,0.9936,0.2275,0.0962,0.2362,994.1799,stationary,8.7
211322,-0.0007,0.022,0.9943,0.1488,0.0437,0.21,994.1812,stationary,8.76
211382,-0.0012,0.0235,0.9938,0.21,0.2013,0.21,994.198,stationary,8.82
211442,-0.0012,0.0246,0.9957,0.1663,0.0875,0.1925,994.1965,stationary,8.88
211502,-0.0005,0.0239,0.995,0.2188,0.1312,0.1225,994.1951,stationary,8.94
211562,-0.0002,0.0239,0.9941,0.0875,0.1575,0.1925,994.189,stationary,9.0
211622,-0.0017,0.0229,0.9973,0.2013,0.0613,0.1838,994.1904,stationary,9.06
211682,0.0,0.0242,0.9936,0.2188,0.0613,0.2188,994.1936,stationary,9.12
211742,-0.0012,0.0237,0.9953,0.1925,0.14,0.2537,994.1892,stationary,9.18
211802,-0.0002,0.0239,0.9938,0.1312,0.0088,0.21,994.1885,stationary,9.24
211862,-0.0012,0.0241,0.9963,0.2362,0.0962,0.2537,994.1794,stationary,9.3
211922,-0.0015,0.0234,0.9952,0.1225,0.1225,0.2362,994.1812,stationary,9.36
211982,-0.001,0.0248,0.9941,0.1312,0.0875,0.175,994.1826,stationary,9.42
212042,-0.0009,0.0239,0.995,0.1575,0.0175,0.2275,994.186,stationary,9.48
212102,-0.0018,0.0249,0.9924,0.1663,0.14,0.1663,994.1816,stationary,9.54
212162,-0.0013,0.0239,0.9931,0.21,0.1225,0.2275,994.1814,stationary,9.6
212222,-0.002,0.0237,0.9946,0.1138,0.0262,0.2975,994.1914,stationary,9.66
212282,-0.0012,0.0237,0.9952,0.1925,0.035,0.2625,994.1816,stationary,9.72
212342,-0.0015,0.0248,0.9946,0.2275,0.1225,0.2537,994.1863,stationary,9.78
212402,-0.0022,0.0228,0.9958,0.2975,0.0088,0.245,994.1821,stationary,9.84
212462,-0.0015,0.0249,0.9943,0.1488,0.0875,0.2275,994.1851,stationary,9.9
212522,-0.0013,0.0239,0.9933,0.07,0.0962,0.28,994.1799,stationary,9.96
212582,-0.0014,0.0234,0.9943,0.0875,0.105,0.2713,994.1814,stationary,10.02
212642,-0.002,0.0237,0.995,0.245,0.0613,0.1575,994.179,stationary,10.08
212702,-0.0007,0.0239,0.9935,0.1575,0.035,0.1925,994.1758,stationary,10.14
212762,-0.001,0.0229,0.9948,0.245,0.0525,0.2188,994.1836,stationary,10.2
212822,-0.0005,0.0245,0.995,0.1312,0.0525,0.2013,994.1902,stationary,10.26
212882,-0.0016,0.0224,0.9936,0.0525,0.0787,0.315,994.1831,stationary,10.32
212942,-0.0012,0.0232,0.9963,0.14,0.0875,0.2362,994.187,stationary,10.38
213002,-0.0027,0.0237,0.9946,0.245,0.0613,0.2537,994.1855,stationary,10.44
213062,-0.0018,0.0237,0.9947,0.2275,0.14,0.245,994.1882,stationary,10.5
213122,-0.0007,0.0253,0.9942,0.1925,-0.035,0.175,994.1821,stationary,10.56
213182,-0.0015,0.0247,0.9951,0.1663,0.1225,0.2188,994.1895,stationary,10.62
213242,-0.0012,0.0234,0.9948,0.1663,0.105,0.245,994.1882,stationary,10.68
213302,-0.0012,0.0232,0.9948,0.105,0.14,0.2013,994.1863,stationary,10.74
213362,-0.0009,0.0234,0.9936,0.1575,0.0175,0.2537,994.1907,stationary,10.8
213422,-0.0013,0.0239,0.995,0.1225,0.1225,0.2013,994.1914,stationary,10.86
213482,-0.0024,0.0239,0.9946,0.1838,0.0875,0.2975,994.1794,stationary,10.92
213542,-0.0016,0.0236,0.9955,0.1663,0.0437,0.245,994.1838,stationary,10.98
213602,0.0001,0.0247,0.9944,0.2013,0.0262,0.21,994.1848,stationary,11.04
213662,-0.0012,0.0249,0.9939,0.1225,0.1312,0.1663,994.1863,stationary,11.1
213722,-0.002,0.0242,0.9953,0.1925,0.0437,0.28,994.1812,stationary,11.16
213782,-0.0007,0.0239,0.9933,0.2537,0.0787,0.2537,994.1863,stationary,11.22
213842,-0.0021,0.0246,0.9938,0.1838,0.1225,0.2975,994.1843,stationary,11.28
213902,-0.001,0.0254,0.9947,0.2275,0.1663,0.2625,994.188,stationary,11.34
213962,-0.0017,0.0237,0.9933,0.2188,0.035,0.2537,994.1809,stationary,11.4
214022,-0.0016,0.0239,0.9956,0.0962,-0.0088,0.2625,994.1875,stationary,11.46
214082,-0.0007,0.0242,0.9923,0.2013,0.105,0.28,994.188,stationary,11.52
214142,-0.0008,0.0246,0.9923,0.1575,0.0962,0.2625,994.1831,stationary,11.58
214202,-0.0002,0.0234,0.9941,0.2013,0.14,0.28,994.1804,stationary,11.64
214262,-0.0013,0.0228,0.9941,0.105,0.1138,0.2625,994.1685,stationary,11.7
214322,-0.0014,0.0232,0.9955,0.245,0.1138,0.21,994.1787,stationary,11.76
214382,-0.0017,0.023,0.9947,0.2013,0.0525,0.2887,994.1868,stationary,11.82
214442,-0.001,0.0229,0.9947,0.1663,0.14,0.2537,994.1882,stationary,11.88
214502,-0.0007,0.0242,0.9955,0.1488,0.1488,0.2275,994.1892,stationary,11.94
214562,0.0002,0.0237,0.9928,0.1925,0.035,0.2013,994.1865,stationary,12.0
214622,-0.0002,0.0226,0.9948,0.1838,0.1312,0.2362,994.1829,stationary,12.06
214682,-0.0013,0.024,0.994,0.07,0.0613,0.2188,994.1836,stationary,12.12
214742,-0.001,0.0249,0.9953,0.175,0.105,0.1925,994.1873,stationary,12.18
214802,-0.001,0.0228,0.9928,0.21,0.0088,0.2188,994.179,stationary,12.24
214862,-0.0005,0.0246,0.9953,0.1225,0.0613,0.2188,994.1824,stationary,12.3
214922,-0.0016,0.0242,0.9948,0.1312,0.0437,0.245,994.176,stationary,12.36
214982,-0.0012,0.0242,0.9964,0.1488,0.0175,0.2537,994.1792,stationary,12.42
215042,-0.0012,0.0237,0.9948,0.14,0.0525,0.2713,994.1833,stationary,12.48
215102,-0.0025,0.0237,0.9941,0.1663,0.1312,0.2537,994.1802,stationary,12.54
215162,-0.001,0.0237,0.9955,0.1925,0.1575,0.2625,994.1833,stationary,12.6
215222,-0.0005,0.0239,0.9953,0.2013,0.0088,0.28,994.1768,stationary,12.66
215282,-0.001,0.0244,0.9953,0.14,0.0962,0.2713,994.1816,stationary,12.72
215342,-0.0007,0.0237,0.995,0.0875,0.07,0.2362,994.1853,stationary,12.78
215402,-0.0002,0.0232,0.9941,0.1575,-0.0175,0.2625,994.1843,stationary,12.84
215462,-0.001,0.0237,0.996,0.2362,0.0962,0.2188,994.1743,stationary,12.9
215522,-0.0018,0.0227,0.995,0.1838,0.1138,0.245,994.1799,stationary,12.96
215582,-0.001,0.0239,0.9944,0.1838,0.0262,0.2713,994.1821,stationary,13.02
215642,0.0001,0.0236,0.9943,0.2537,0.105,0.2362,994.1843,stationary,13.08
215702,-0.0005,0.0242,0.995,0.2537,0.0875,0.2188,994.1733,stationary,13.14
215762,-0.0003,0.0242,0.9953,0.1488,0.1488,0.1488,994.177,stationary,13.2
215822,-0.0007,0.0239,0.9955,0.2362,0.1925,0.2537,994.1753,stationary,13.26
215882,-0.0009,0.0231,0.9931,0.2013,0.1225,0.175,994.1753,stationary,13.32
215942,0.0005,0.0245,0.9947,0.14,0.0525,0.2275,994.1809,stationary,13.38
216002,-0.0007,0.0241,0.9957,0.1575,0.07,0.28,994.1809,stationary,13.44
216062,-0.0012,0.0239,0.9943,0.2625,0.0525,0.175,994.1763,stationary,13.5
216122,-0.0009,0.0239,0.9955,0.2188,0.0262,0.2713,994.1726,stationary,13.56
216182,-0.0002,0.0237,0.9947,0.28,0.105,0.245,994.1748,stationary,13.62
216242,-0.0015,0.0236,0.9945,0.1575,-0.0262,0.2013,994.1882,stationary,13.68
216302,-0.001,0.0239,0.9938,0.1663,0.0088,0.2887,994.1802,stationary,13.74
216362,-0.0002,0.0237,0.9955,0.1575,0.105,0.2362,994.1851,stationary,13.8
216422,0.0002,0.0244,0.9955,0.1925,0.07,0.2887,994.1772,stationary,13.86
216482,0.0,0.0232,0.9951,0.2975,0.07,0.245,994.1746,stationary,13.92
216542,-0.0018,0.0239,0.9956,0.1138,0.14,0.2537,994.1658,stationary,13.98
216602,-0.0007,0.0242,0.9936,0.175,0.0787,0.2275,994.1758,stationary,14.04
216662,-0.0002,0.0232,0.9946,0.1575,0.07,0.2188,994.1724,stationary,14.1
216722,-0.0021,0.0229,0.9956,0.0787,-0.0088,0.2275,994.1755,stationary,14.16
216782,-0.0007,0.0239,0.9964,0.1488,0.1663,0.2537,994.1731,stationary,14.22
216842,-0.001,0.0239,0.9943,0.105,-0.0088,0.28,994.1748,stationary,14.28
216902,-0.0002,0.0242,0.9941,0.2188,0.0787,0.2188,994.1721,stationary,14.34
216962,-0.0015,0.0246,0.995,0.1575,0.0437,0.2537,994.1707,stationary,14.4
217022,-0.0024,0.0242,0.9938,0.1838,0.0787,0.2188,994.186,stationary,14.46
217082,-0.0002,0.0242,0.9957,0.2013,0.1138,0.245,994.1675,stationary,14.52
217142,0.0007,0.0243,0.9963,0.2188,0.0613,0.2188,994.1824,stationary,14.58
217202,-0.0002,0.0227,0.9931,0.14,0.2275,0.2362,994.1731,stationary,14.64
217262,-0.0002,0.0251,0.9926,0.2275,0.0437,0.2275,994.179,stationary,14.7
217322,0.0,0.0237,0.993,0.14,0.1225,0.1838,994.1758,stationary,14.76
217382,-0.0015,0.0229,0.9939,0.2275,-0.0175,0.2625,994.1814,stationary,14.82
217442,-0.0002,0.0232,0.9941,0.1925,0.07,0.2275,994.1702,stationary,14.88
217502,-0.0014,0.024,0.9948,0.175,0.1225,0.21,994.167,stationary,14.94
217562,-0.0019,0.0249,0.9958,0.175,0.1312,0.1925,994.1836,stationary,15.0
217622,-0.0003,0.0239,0.9968,0.1575,0.0613,0.2625,994.1736,stationary,15.06
217682,-0.0018,0.0232,0.9944,0.1925,0.0962,0.2275,994.1885,stationary,15.12
217742,-0.0015,0.0245,0.9941,0.2188,0.0875,0.21,994.167,stationary,15.18
217802,-0.0018,0.0234,0.9934,0.175,0.2013,0.2625,994.1638,stationary,15.24
217862,-0.0002,0.0239,0.9941,0.2537,0.0962,0.315,994.1746,stationary,15.3
217922,-0.0005,0.0232,0.9938,0.1663,0.0962,0.2537,994.1755,stationary,15.36
217982,-0.0012,0.0239,0.9938,0.105,0.1312,0.28,994.1746,stationary,15.42
218042,-0.0007,0.0232,0.9955,0.1575,0.1663,0.21,994.1667,stationary,15.48
218102,0.0,0.0242,0.9953,0.14,0.07,0.245,994.1707,stationary,15.54
218162,-0.0012,0.0234,0.9939,0.1575,0.1138,0.245,994.1716,stationary,15.6
218222,-0.001,0.0241,0.9945,0.2275,0.0437,0.2975,994.168,stationary,15.66
218282,-0.0005,0.0219,0.9948,0.2625,0.105,0.1925,994.1782,stationary,15.72
218342,0.0005,0.0247,0.9938,0.1488,0.0525,0.2537,994.1799,stationary,15.78
218402,-0.0001,0.0229,0.9948,0.2625,0.0525,0.2537,994.1721,stationary,15.84
218462,0.0,0.0243,0.9934,0.2625,0.1312,0.2188,994.1787,stationary,15.9
218522,-0.0015,0.0229,0.995,0.105,0.1838,0.245,994.1802,stationary,15.96
218582,-0.0008,0.0232,0.994,0.2013,0.0088,0.2713,994.1775,stationary,16.02
218642,-0.0032,0.0242,0.9953,0.2013,0.14,0.2275,994.168,stationary,16.08
218702,0.0002,0.0232,0.9959,0.0962,0.1312,0.2537,994.1873,stationary,16.14
218762,0.0,0.0239,0.9943,0.0525,0.0613,0.315,994.1743,stationary,16.2
218822,-0.001,0.0236,0.994,0.28,0.0787,0.1925,994.1721,stationary,16.26
218882,-0.0027,0.0239,0.9943,0.1663,0.105,0.2625,994.1677,stationary,16.32
218942,0.0003,0.0234,0.9936,0.1575,0.0613,0.245,994.1802,stationary,16.38
219002,-0.0019,0.0239,0.9953,0.1925,0.035,0.2625,994.1694,stationary,16.44
219062,-0.0019,0.0243,0.9938,0.1312,0.175,0.2275,994.1794,stationary,16.5
219122,-0.001,0.0219,0.9943,0.1575,0.1138,0.3063,994.1741,stationary,16.56
219182,0.0004,0.0246,0.995,0.2625,0.0175,0.2713,994.1775,stationary,16.62
219242,-0.0003,0.0234,0.9946,0.0437,0.0962,0.3063,994.1758,stationary,16.68
219302,-0.001,0.0252,0.9953,0.1663,0.1312,0.245,994.1687,stationary,16.74
219362,-0.0012,0.024,0.9945,0.21,0.0175,0.21,994.1787,stationary,16.8
219422,-0.0005,0.0234,0.995,0.2275,0.14,0.2013,994.1802,stationary,16.86
219482,-0.0012,0.0237,0.9945,0.2275,0.0875,0.1838,994.1797,stationary,16.92
219542,-0.002,0.0237,0.9968,0.1925,0.0875,0.2887,994.1797,stationary,16.98
219602,0.0001,0.0232,0.9953,0.2362,0.0875,0.245,994.1809,stationary,17.04
219662,0.0,0.0247,0.995,0.2013,-0.0262,0.2188,994.1833,stationary,17.1
219722,-0.001,0.0247,0.9943,0.1312,0.1312,0.175,994.1724,stationary,17.16
219782,-0.0012,0.0237,0.9945,0.2275,0.0962,0.245,994.1755,stationary,17.22
219842,0.0005,0.0229,0.9958,0.0962,0.0613,0.2362,994.1738,stationary,17.28
219902,-0.0012,0.0237,0.9941,0.105,-0.035,0.21,994.1819,stationary,17.34
219962,-0.0005,0.0239,0.9944,0.14,0.1488,0.2275,994.1819,stationary,17.4
220022,-0.0007,0.0235,0.994,0.0875,0.0787,0.2013,994.1743,stationary,17.46
220082,-0.0007,0.0249,0.9933,0.2188,0.21,0.2013,994.1741,stationary,17.52
220142,0.0002,0.0239,0.9955,0.0962,0.0787,0.21,994.1785,stationary,17.58
220202,-0.001,0.0241,0.997,0.14,0.14,0.14,994.1741,stationary,17.64
220262,-0.0012,0.0243,0.9938,0.1925,0.07,0.2362,994.1675,stationary,17.7
220322,-0.002,0.0235,0.9948,0.1488,0.0175,0.2275,994.1775,stationary,17.76
220382,-0.0014,0.0239,0.9947,0.1575,0.0437,0.2887,994.1738,stationary,17.82
220442,-0.0015,0.0229,0.9934,0.1925,0.1312,0.2275,994.1824,stationary,17.88
220502,-0.0002,0.0234,0.9945,0.1138,0.1312,0.2887,994.1738,stationary,17.94
220562,-0.0007,0.0222,0.9931,0.1488,0.0875,0.2362,994.1667,stationary,18.0
220622,-0.0003,0.0244,0.9942,0.2275,0.0088,0.2975,994.1743,stationary,18.06
220682,-0.0012,0.0239,0.9945,0.2625,0.1663,0.2013,994.1753,stationary,18.12
220742,-0.001,0.0234,0.9941,0.1925,0.035,0.1575,994.167,stationary,18.18
220802,0.0002,0.0234,0.9944,0.1138,0.1488,0.21,994.1714,stationary,18.24
220862,-0.0003,0.0239,0.9931,0.2275,0.1312,0.28,994.1724,stationary,18.3
220922,-0.0002,0.0235,0.9945,0.1575,0.0437,0.2975,994.1729,stationary,18.36
220982,-0.0004,0.0251,0.9945,0.175,0.0525,0.2975,994.1699,stationary,18.42
221042,0.0003,0.0231,0.9945,0.1312,0.035,0.2275,994.1697,stationary,18.48
221102,0.0005,0.0234,0.9955,0.21,0.0613,0.2975,994.1694,stationary,18.54
221162,-0.0001,0.0244,0.9944,0.2537,0.0613,0.21,994.178,stationary,18.6
221222,-0.002,0.0243,0.9939,0.2188,0.035,0.2537,994.1755,stationary,18.66
221282,-0.0017,0.0237,0.9958,0.1138,0.0437,0.2188,994.1731,stationary,18.72
221342,-0.0009,0.0229,0.995,0.1488,0.0525,0.2275,994.1675,stationary,18.78
221402,-0.0009,0.0251,0.9941,0.1575,0.1225,0.2713,994.1672,stationary,18.84
221462,-0.0005,0.022,0.995,0.1663,-0.0088,0.245,994.1746,stationary,18.9
221522,-0.0012,0.0229,0.9955,0.21,0.035,0.2275,994.1741,stationary,18.96
221582,-0.0009,0.0239,0.9955,0.2625,0.1663,0.2625,994.1675,stationary,19.02
221642,-0.0008,0.0239,0.9938,0.2362,0.0525,0.2537,994.175,stationary,19.08
221702,-0.0003,0.024,0.9945,0.105,0.1138,0.14,994.1814,stationary,19.14
221762,-0.0015,0.0231,0.9936,0.1575,0.0175,0.2975,994.1753,stationary,19.2
221822,-0.0009,0.0234,0.9945,0.1225,0.0525,0.1838,994.1687,stationary,19.26
221882,-0.0005,0.0249,0.9945,0.0962,0.0525,0.2188,994.168,stationary,19.32
221942,-0.0007,0.0239,0.9928,0.2013,-0.0613,0.1925,994.1746,stationary,19.38
222002,0.0002,0.0232,0.993,0.14,0.0962,0.2887,994.1743,stationary,19.44
222062,-0.0007,0.0227,0.9943,0.2362,0.07,0.28,994.1675,stationary,19.5
222122,-0.0001,0.0237,0.9938,0.1488,0.0613,0.2975,994.1758,stationary,19.56
222182,-0.0012,0.0237,0.9928,0.1663,0.1138,0.2188,994.1699,stationary,19.62
222242,-0.0015,0.0242,0.9946,0.2188,0.0962,0.3063,994.1689,stationary,19.68
222302,-0.0018,0.0224,0.9939,0.175,0.0613,0.2537,994.1694,stationary,19.74
222362,-0.0003,0.0228,0.9945,0.2275,0.1138,0.2275,994.1707,stationary,19.8
222422,-0.0013,0.0232,0.9941,0.14,0.0962,0.2975,994.1689,stationary,19.86
222482,-0.0016,0.0229,0.9929,0.2013,0.1138,0.1925,994.1709,stationary,19.92
222542,-0.0016,0.0235,0.995,0.28,0.1488,0.1925,994.1709,stationary,19.98
222602,-0.0015,0.0235,0.9939,0.14,0.14,0.2537,994.1704,stationary,20.04
222662,-0.0012,0.0242,0.9956,0.2013,0.1225,0.1925,994.1765,stationary,20.1
222722,0.0,0.0243,0.9953,0.1225,0.0962,0.21,994.175,stationary,20.16
222782,-0.0007,0.0237,0.9933,0.2713,0.0525,0.2013,994.1804,stationary,20.22
222842,-0.0005,0.0242,0.9933,0.2013,0.0262,0.2188,994.1731,stationary,20.28
222902,-0.0009,0.0242,0.9955,0.1312,0.1138,0.1925,994.1763,stationary,20.34
222962,-0.0015,0.0243,0.9952,0.21,0.07,0.21,994.1799,stationary,20.4
223022,-0.0021,0.0239,0.9948,0.1575,0.1575,0.2013,994.1802,stationary,20.46
223082,-0.0019,0.0246,0.9945,0.21,0.0613,0.2362,994.1711,stationary,20.52
223142,-0.0005,0.0261,0.9936,0.175,0.1488,0.2713,994.1704,stationary,20.58
223202,-0.0005,0.0239,0.996,0.2625,0.1138,0.2275,994.1631,stationary,20.64
223262,-0.0018,0.0246,0.9945,0.2362,0.1138,0.2013,994.176,stationary,20.7
223322,-0.0013,0.0239,0.996,0.1838,0.0175,0.2013,994.166,stationary,20.76
223382,-0.0014,0.0229,0.9933,0.1225,0.035,0.1488,994.168,stationary,20.82
223442,-0.0015,0.0242,0.994,0.1925,0.0875,0.1663,994.1738,stationary,20.88
223502,-0.0002,0.0249,0.995,0.2537,0.1312,0.2362,994.1697,stationary,20.94
223562,-0.0022,0.0228,0.9953,0.1225,0.14,0.2275,994.177,stationary,21.0
223622,-0.001,0.0224,0.994,0.175,0.1312,0.2362,994.1775,stationary,21.06
223682,-0.0012,0.0234,0.9946,0.105,0.035,0.2537,994.1707,stationary,21.12
223742,0.0003,0.0228,0.9944,0.1925,0.14,0.2275,994.1729,stationary,21.18
223802,-0.0002,0.0249,0.996,0.2013,0.0613,0.2625,994.1699,stationary,21.24
223862,-0.0005,0.024,0.9933,0.0962,0.0525,0.2275,994.1807,stationary,21.3
223922,0.0002,0.0226,0.9944,0.1838,0.0613,0.2887,994.1748,stationary,21.36
223982,-0.0018,0.0241,0.9951,0.105,0.1312,0.245,994.1682,stationary,21.42
224042,-0.001,0.0242,0.9946,0.1312,0.14,0.2713,994.1724,stationary,21.48
224102,-0.0009,0.0232,0.9959,0.2625,0.0613,0.2275,994.1675,stationary,21.54
224162,-0.001,0.0244,0.9943,0.1838,0.105,0.2713,994.1665,stationary,21.6
224222,-0.0002,0.0235,0.9942,0.1925,0.1225,0.1925,994.1743,stationary,21.66
224282,-0.0012,0.0243,0.9945,0.1575,-0.0088,0.245,994.1838,stationary,21.72
224342,-0.0019,0.0239,0.9963,0.1663,0.0175,0.245,994.175,stationary,21.78
224402,-0.0005,0.024,0.9943,0.1925,0.14,0.2275,994.1687,stationary,21.84
224462,-0.0022,0.024,0.996,0.14,0.0875,0.2713,994.1792,stationary,21.9
224522,-0.0012,0.0229,0.9947,0.2713,0.0262,0.2188,994.1733,stationary,21.96
224582,-0.0013,0.0234,0.9945,0.1488,0.0175,0.245,994.1658,stationary,22.02
224642,-0.0002,0.0215,0.995,0.1575,0.0437,0.2188,994.1772,stationary,22.08
224702,-0.0018,0.0229,0.9948,0.1838,0.1488,0.2275,994.1704,stationary,22.14
224762,-0.0012,0.0239,0.9943,0.1575,0.0613,0.1925,994.1689,stationary,22.2
224822,-0.0009,0.0248,0.9948,0.1488,0.1663,0.1838,994.1724,stationary,22.26
224882,-0.0003,0.0246,0.9955,0.2713,0.14,0.2188,994.1726,stationary,22.32
224942,0.0005,0.0242,0.9958,0.0613,0.0525,0.2275,994.1748,stationary,22.38
225002,-0.0007,0.0219,0.9946,0.1312,0.1838,0.2713,994.1704,stationary,22.44
225062,0.0002,0.0234,0.9919,0.175,0.105,0.1925,994.176,stationary,22.5
225122,-0.0008,0.0245,0.9935,0.175,0.1925,0.245,994.1726,stationary,22.56
225182,-0.0002,0.0232,0.9931,0.1925,0.0962,0.245,994.1719,stationary,22.62
225242,0.0013,0.0244,0.9945,0.0787,0.1488,0.2188,994.1709,stationary,22.68
225302,-0.0005,0.0242,0.9948,0.2013,0.105,0.2537,994.1787,stationary,22.74
225362,-0.0032,0.0234,0.9948,0.175,0.0262,0.21,994.1787,stationary,22.8
225422,-0.0014,0.0245,0.993,0.1663,0.07,0.245,994.1697,stationary,22.86
225482,0.0007,0.0239,0.9945,0.1575,0.0875,0.2713,994.1758,stationary,22.92
225542,-0.0007,0.0242,0.9943,0.0962,0.0437,0.2713,994.1697,stationary,22.98
225602,-0.0015,0.0246,0.9941,0.28,0.0,0.2537,994.1797,stationary,23.04
225662,-0.0005,0.0231,0.996,0.1138,0.0175,0.3237,994.177,stationary,23.1
225722,-0.0005,0.0242,0.9953,0.2275,0.1138,0.245,994.1772,stationary,23.16
225782,-0.0009,0.0224,0.9943,0.07,0.0437,0.2713,994.1721,stationary,23.22
225842,-0.001,0.0229,0.996,0.0875,0.1488,0.2537,994.1865,stationary,23.28
225902,-0.0001,0.0232,0.9945,0.1925,0.105,0.2713,994.1782,stationary,23.34
225962,-0.0012,0.0254,0.9948,0.1838,0.0525,0.245,994.1833,stationary,23.4
226022,-0.002,0.0235,0.994,0.1138,0.0088,0.2275,994.1868,stationary,23.46
226082,0.0,0.0235,0.9945,0.2362,0.1838,0.1925,994.1685,stationary,23.52
226142,-0.0024,0.0227,0.9957,0.2013,0.0962,0.2013,994.177,stationary,23.58
226202,-0.0016,0.0242,0.9961,0.1312,0.0613,0.2188,994.1836,stationary,23.64
226262,-0.0014,0.0232,0.9944,0.2188,0.0962,0.2887,994.1707,stationary,23.7
226322,-0.002,0.0242,0.9966,0.1225,0.1138,0.2013,994.1841,stationary,23.76
226382,-0.0015,0.0232,0.9948,0.2013,0.0787,0.2625,994.1855,stationary,23.82
226442,-0.0016,0.0234,0.9947,0.1575,0.0525,0.2362,994.178,stationary,23.88
226502,-0.0012,0.0249,0.9936,0.2537,0.0,0.2625,994.1851,stationary,23.94
226562,-0.0014,0.0244,0.9958,0.1663,0.0875,0.2537,994.1804,stationary,24.0
226622,-0.0002,0.0237,0.9946,0.105,0.1488,0.2188,994.1836,stationary,24.06
226682,-0.0007,0.024,0.9952,0.2362,0.1312,0.175,994.1807,stationary,24.12
226742,0.0002,0.0242,0.9942,0.1312,0.0088,0.2013,994.1763,stationary,24.18
226802,-0.0012,0.0243,0.9953,0.1838,0.0088,0.2713,994.1799,stationary,24.24
226862,-0.0024,0.0237,0.9941,0.2013,0.0525,0.2537,994.1816,stationary,24.3
226922,0.0005,0.0244,0.9945,0.2275,0.105,0.21,994.1731,stationary,24.36
226982,0.0003,0.0236,0.9945,0.1838,0.0962,0.1838,994.1753,stationary,24.42
227042,-0.0015,0.0239,0.9936,0.2013,0.07,0.245,994.1755,stationary,24.48
227102,-0.0016,0.0234,0.9948,0.1575,0.1138,0.2013,994.1797,stationary,24.54
227162,-0.0015,0.0242,0.9933,0.1838,0.0088,0.245,994.1868,stationary,24.6
227222,-0.0016,0.0232,0.9938,0.175,0.0,0.2625,994.1821,stationary,24.66
227282,-0.0005,0.0234,0.9931,0.1312,0.0525,0.2625,994.1785,stationary,24.72
227342,-0.0005,0.0232,0.9933,0.1925,0.0875,0.2537,994.177,stationary,24.78
227402,-0.001,0.0237,0.9928,0.1838,0.0613,0.2362,994.1848,stationary,24.84
227462,-0.001,0.0234,0.9948,0.1312,0.07,0.2188,994.178,stationary,24.9
227522,-0.0007,0.0227,0.9943,0.0613,0.1663,0.2275,994.1819,stationary,24.96
227582,-0.001,0.0236,0.9955,0.175,0.1575,0.1575,994.1765,stationary,25.02
227642,-0.0009,0.0232,0.9931,0.2362,0.1488,0.2188,994.187,stationary,25.08
227702,-0.001,0.0221,0.9938,0.2013,0.105,0.1925,994.1836,stationary,25.14
227762,-0.0023,0.0244,0.996,0.1138,-0.0175,0.2275,994.176,stationary,25.2
227822,0.0007,0.0235,0.9965,0.2013,0.035,0.2362,994.1799,stationary,25.26
227882,-0.0007,0.0242,0.9945,0.2188,0.1225,0.245,994.1782,stationary,25.32
227942,-0.001,0.0241,0.9945,0.2013,0.1575,0.28,994.1787,stationary,25.38
228002,-0.0027,0.0222,0.9961,0.245,0.0262,0.245,994.1765,stationary,25.44
228062,-0.0012,0.0222,0.9941,0.175,0.1312,0.2537,994.1819,stationary,25.5
228122,-0.0017,0.0236,0.9952,0.1312,0.105,0.2713,994.1748,stationary,25.56
228182,-0.0015,0.0227,0.9943,0.2013,0.0787,0.2713,994.1848,stationary,25.62
228242,-0.0017,0.0231,0.9939,0.3063,0.0787,0.2537,994.1772,stationary,25.68
228302,-0.0005,0.0234,0.9953,0.2625,0.0875,0.2887,994.1992,stationary,25.74
228362,-0.0002,0.0254,0.9933,0.1925,0.07,0.2625,994.1797,stationary,25.8
228422,-0.0007,0.0236,0.995,0.1838,-0.035,0.2275,994.1868,stationary,25.86
228482,-0.001,0.0242,0.9943,0.2537,0.105,0.2713,994.1777,stationary,25.92
228542,-0.0007,0.0237,0.9926,0.2188,0.14,0.1663,994.177,stationary,25.98
228602,-0.0007,0.0248,0.9953,0.1312,0.0,0.2625,994.1836,stationary,26.04
228662,-0.001,0.024,0.9939,0.0962,0.07,0.175,994.186,stationary,26.1
228722,0.0001,0.0243,0.9948,0.1663,0.0613,0.2275,994.1809,stationary,26.16
228782,-0.0008,0.0242,0.9945,0.175,0.1838,0.245,994.1887,stationary,26.22
228842,-0.0001,0.0239,0.9941,0.1575,0.1138,0.21,994.1865,stationary,26.28
228902,-0.0009,0.0234,0.9941,0.245,0.0962,0.2188,994.1855,stationary,26.34
228962,-0.001,0.0239,0.9939,0.07,0.0,0.2188,994.1768,stationary,26.4
229022,-0.0005,0.0239,0.9933,0.0875,0.0962,0.245,994.1917,stationary,26.46
229082,-0.0001,0.0239,0.9936,0.2013,-0.0262,0.2537,994.1846,stationary,26.52
229142,0.0005,0.0234,0.9931,0.1925,-0.0175,0.2188,994.1836,stationary,26.58
229202,-0.0007,0.0246,0.9945,0.1925,0.0175,0.2362,994.1748,stationary,26.64
229262,-0.002,0.0246,0.9943,0.0787,0.0875,0.2625,994.186,stationary,26.7
229322,-0.0002,0.0226,0.9945,0.07,0.0787,0.2887,994.1868,stationary,26.76
229382,-0.0002,0.0244,0.9938,0.1838,0.0,0.2625,994.1819,stationary,26.82
229442,-0.0014,0.0237,0.9955,0.2188,0.105,0.2887,994.1829,stationary,26.88
229502,-0.001,0.0234,0.995,0.2362,0.0175,0.21,994.1841,stationary,26.94
229562,-0.0007,0.0236,0.9931,0.1838,0.0,0.2275,994.178,stationary,27.0
229622,-0.0012,0.0237,0.9931,0.14,0.175,0.2537,994.1775,stationary,27.06
229682,0.0,0.0251,0.9963,0.2275,0.07,0.2188,994.1775,stationary,27.12
229742,-0.0003,0.0241,0.9943,0.1838,0.0437,0.2537,994.1785,stationary,27.18
229802,-0.0002,0.0246,0.9953,0.1225,0.035,0.2188,994.188,stationary,27.24
229862,-0.0005,0.0239,0.9951,0.2188,0.0262,0.2013,994.1868,stationary,27.3
229922,-0.0017,0.0246,0.9944,0.1312,0.105,0.2362,994.1777,stationary,27.36
229982,-0.0018,0.0234,0.9941,0.0962,0.0175,0.245,994.1807,stationary,27.42
230042,-0.001,0.0232,0.9959,0.1663,0.0875,0.21,994.1863,stationary,27.48
230102,-0.0008,0.0237,0.9956,0.1138,0.0437,0.3325,994.1797,stationary,27.54
230162,-0.0002,0.0239,0.9945,0.245,0.0787,0.2713,994.1838,stationary,27.6
230222,-0.0004,0.0227,0.9953,0.1488,0.0613,0.2887,994.1804,stationary,27.66
230282,-0.0012,0.0237,0.9957,0.14,-0.0262,0.2887,994.1865,stationary,27.72
230342,-0.0009,0.0249,0.9945,0.1838,0.07,0.315,994.1785,stationary,27.78
230402,-0.0002,0.0242,0.995,0.1575,0.0613,0.2275,994.1858,stationary,27.84
230462,-0.0024,0.0241,0.9963,0.1138,0.14,0.2625,994.1882,stationary,27.9
230522,-0.001,0.0235,0.9951,0.21,0.0,0.2713,994.1831,stationary,27.96
230582,-0.0007,0.0244,0.9933,0.1575,0.105,0.28,994.1848,stationary,28.02
230642,-0.0005,0.0228,0.9958,0.0962,0.14,0.2713,994.1819,stationary,28.08
230702,-0.0002,0.0237,0.9945,0.2362,0.0525,0.2362,994.1877,stationary,28.14
230762,-0.0007,0.0227,0.9914,0.1838,0.0613,0.1838,994.1831,stationary,28.2
230822,-0.0017,0.0246,0.9934,0.2362,0.0262,0.2188,994.1777,stationary,28.26
230882,-0.0012,0.0235,0.9931,0.175,0.07,0.2188,994.1792,stationary,28.32
230942,-0.0017,0.0229,0.9947,0.21,0.1312,0.21,994.1858,stationary,28.38
231002,0.0,0.024,0.9941,0.1225,0.1312,0.3063,994.1758,stationary,28.44
231062,-0.0007,0.024,0.997,0.2188,0.07,0.28,994.1943,stationary,28.5
231122,-0.001,0.0247,0.9953,0.1225,0.0525,0.175,994.1809,stationary,28.56
231182,-0.0008,0.0237,0.9948,0.1663,0.1312,0.21,994.1841,stationary,28.62
231242,-0.002,0.0243,0.9945,0.1312,0.0875,0.245,994.1787,stationary,28.68
231302,-0.0002,0.0246,0.9923,0.1312,0.0262,0.2362,994.1787,stationary,28.74
231362,-0.0012,0.0234,0.9933,0.21,0.0262,0.2625,994.1833,stationary,28.8
231422,-0.002,0.024,0.9933,0.1575,0.1488,0.2013,994.1804,stationary,28.86
231482,-0.0005,0.0239,0.9951,0.2013,0.1663,0.1663,994.1816,stationary,28.92
231542,-0.0005,0.0246,0.9928,0.1488,0.0437,0.2362,994.1826,stationary,28.98
231602,-0.0009,0.0239,0.9943,0.175,0.0787,0.21,994.1887,stationary,29.04
231662,-0.0002,0.0234,0.9933,0.245,0.0613,0.1925,994.1799,stationary,29.1
231722,-0.0024,0.0249,0.995,0.14,0.07,0.2275,994.1848,stationary,29.16
231782,-0.0007,0.0227,0.9931,0.1225,0.0787,0.2188,994.1904,stationary,29.22
231842,-0.0012,0.0242,0.9941,0.105,0.07,0.21,994.1804,stationary,29.28
231902,-0.0027,0.0242,0.9947,0.245,0.0613,0.21,994.1909,stationary,29.34
231962,-0.001,0.0236,0.9967,0.0787,0.1925,0.2362,994.179,stationary,29.4
232022,-0.0024,0.0241,0.9955,0.1575,0.105,0.21,994.1846,stationary,29.46
232082,0.0,0.0234,0.995,0.1663,0.0175,0.2362,994.1802,stationary,29.52
232142,-0.0002,0.0226,0.9945,0.1925,0.0613,0.28,994.1831,stationary,29.58
232202,-0.0015,0.0244,0.9945,0.2362,0.0962,0.2887,994.1816,stationary,29.64
232262,-0.0008,0.0237,0.9955,0.14,0.0875,0.1838,994.1846,stationary,29.7
232322,0.0002,0.0239,0.9945,0.0175,0.1312,0.245,994.1812,stationary,29.76
232382,-0.0012,0.0235,0.9951,0.1575,0.1488,0.2713,994.1853,stationary,29.82
232442,0.0004,0.0239,0.9963,0.175,0.0787,0.28,994.1772,stationary,29.88
232502,0.0005,0.0244,0.9948,0.1312,0.0875,0.245,994.1794,stationary,29.94
232562,-0.0016,0.0252,0.995,0.21,0.1138,0.2188,994.1853,stationary,30.0
232622,-0.0019,0.0245,0.996,0.2887,0.105,0.1663,994.1785,stationary,30.06
232682,0.0002,0.0237,0.9957,0.1663,0.07,0.2713,994.1792,stationary,30.12
232742,-0.0017,0.0239,0.994,0.2275,0.0787,0.245,994.1895,stationary,30.18
232802,-0.001,0.0237,0.9947,0.1575,0.1138,0.3237,994.1841,stationary,30.24
232862,-0.001,0.0239,0.9947,0.1838,0.1663,0.245,994.1768,stationary,30.3
232922,-0.0032,0.0232,0.9944,0.2275,-0.0262,0.21,994.1877,stationary,30.36
232982,-0.0002,0.0246,0.9948,0.1575,0.0437,0.2625,994.179,stationary,30.42
233042,-0.001,0.0254,0.9936,0.1838,0.0962,0.21,994.187,stationary,30.48
233102,-0.0017,0.0227,0.9953,0.1663,0.0088,0.2362,994.1868,stationary,30.54
233162,-0.0003,0.0239,0.9941,0.0787,0.1225,0.2537,994.188,stationary,30.6
233222,-0.0017,0.0246,0.9936,0.0787,0.1138,0.2362,994.1875,stationary,30.66
233282,-0.001,0.0244,0.9941,0.2013,0.2362,0.2188,994.1855,stationary,30.72
233342,0.0005,0.023,0.9945,0.0,0.0525,0.1925,994.188,stationary,30.78
233402,0.0,0.0229,0.9953,0.21,0.0613,0.2013,994.1819,stationary,30.84
233462,-0.0007,0.0241,0.9933,0.1925,0.07,0.2188,994.1863,stationary,30.9
233522,-0.0012,0.0232,0.9943,0.1575,0.0088,0.2537,994.1833,stationary,30.96
233582,-0.001,0.0245,0.9943,0.1925,0.1312,0.2625,994.1831,stationary,31.02
233642,0.0009,0.023,0.9938,0.14,0.07,0.245,994.186,stationary,31.08
233702,-0.0005,0.0229,0.9941,0.21,0.0613,0.2537,994.1797,stationary,31.14
233762,-0.0007,0.0237,0.9948,0.175,0.0437,0.2188,994.1851,stationary,31.2
233822,-0.0007,0.0248,0.9936,0.245,0.1225,0.21,994.189,stationary,31.26
233882,-0.0013,0.0235,0.9959,0.2188,-0.0088,0.2188,994.1853,stationary,31.32
233942,-0.0009,0.0229,0.9947,0.1663,0.1225,0.2275,994.1909,stationary,31.38
234002,0.0,0.0239,0.9945,0.1838,0.035,0.1838,994.1792,stationary,31.44
234062,-0.0005,0.0232,0.995,0.1838,0.1225,0.2887,994.1833,stationary,31.5
234122,-0.0002,0.0245,0.9938,0.2013,0.0262,0.2188,994.179,stationary,31.56
234182,-0.0009,0.0234,0.9955,0.105,0.0525,0.2013,994.1802,stationary,31.62
234242,-0.0012,0.0231,0.9928,0.2013,0.0962,0.2188,994.1851,stationary,31.68
234302,0.0002,0.0229,0.9953,0.1925,0.0962,0.2275,994.1904,stationary,31.74
234362,-0.0007,0.0244,0.9938,0.14,0.0962,0.2362,994.188,stationary,31.8
234422,-0.0007,0.0242,0.9958,0.14,-0.0437,0.2275,994.1885,stationary,31.86
234482,-0.0007,0.0229,0.9963,0.1925,0.0787,0.2713,994.1877,stationary,31.92
234542,-0.0012,0.0254,0.9948,0.1488,-0.0088,0.2188,994.1873,stationary,31.98
234602,0.0002,0.0236,0.9946,0.2188,0.0525,0.2537,994.1829,stationary,32.04
234662,-0.0017,0.0241,0.9953,0.2275,0.1575,0.21,994.1909,stationary,32.1
234722,-0.0019,0.0244,0.9958,0.2362,0.105,0.2188,994.1853,stationary,32.16
234782,-0.0017,0.0232,0.9946,0.1925,0.0437,0.2362,994.1851,stationary,32.22
234842,0.0005,0.0244,0.9936,0.1488,0.14,0.2537,994.1875,stationary,32.28
234902,-0.0002,0.0243,0.9953,0.175,0.035,0.1925,994.1851,stationary,32.34
234962,-0.0015,0.023,0.997,0.1138,0.1663,0.2625,994.1853,stationary,32.4
235022,-0.0007,0.0237,0.9941,0.0787,0.0962,0.2188,994.1914,stationary,32.46
235082,-0.0017,0.0225,0.9948,0.1575,0.1225,0.2625,994.186,stationary,32.52
235142,-0.0012,0.024,0.9941,0.175,0.0175,0.1925,994.1816,stationary,32.58
235202,-0.0019,0.0254,0.9941,0.1225,0.105,0.2537,994.1912,stationary,32.64
235262,0.0003,0.0241,0.9948,0.21,0.1138,0.1925,994.179,stationary,32.7
235322,-0.0007,0.0237,0.9953,0.1575,0.0088,0.2188,994.1841,stationary,32.76
235382,-0.0007,0.0239,0.9955,0.2188,0.0088,0.2013,994.176,stationary,32.82
235442,-0.0012,0.0234,0.996,0.2713,0.105,0.1838,994.1797,stationary,32.88
235502,-0.0013,0.0231,0.994,0.175,0.0962,0.2188,994.1907,stationary,32.94
235562,-0.002,0.0234,0.9951,0.1225,0.0175,0.2713,994.1816,stationary,33.0
235622,-0.0015,0.0249,0.9945,0.2013,0.1225,0.3063,994.1831,stationary,33.06
235682,-0.0007,0.0224,0.9943,0.14,0.0962,0.2625,994.1833,stationary,33.12
235742,-0.0016,0.0237,0.9963,0.1575,0.0613,0.2188,994.1843,stationary,33.18
235802,-0.0017,0.0234,0.9936,0.105,0.0875,0.3325,994.1799,stationary,33.24
235862,-0.0007,0.0235,0.9936,0.1663,0.0787,0.2625,994.188,stationary,33.3
235922,-0.0015,0.0239,0.9941,0.2537,0.1925,0.2537,994.1899,stationary,33.36
235982,-0.0007,0.0239,0.9942,0.1488,0.0437,0.1925,994.1846,stationary,33.42
236042,-0.0016,0.0243,0.9944,0.1312,0.0962,0.245,994.1799,stationary,33.48
236102,-0.0004,0.0252,0.997,0.21,0.0525,0.245,994.186,stationary,33.54
236162,-0.0015,0.0234,0.9934,0.14,0.0787,0.2362,994.1936,stationary,33.6
236222,-0.0001,0.0239,0.9941,0.2013,0.0262,0.1925,994.198,stationary,33.66
236282,-0.0016,0.0237,0.9931,0.21,0.1838,0.14,994.1853,stationary,33.72
236342,-0.0005,0.0232,0.9946,0.1312,0.1663,0.175,994.1877,stationary,33.78
236402,-0.0009,0.0235,0.995,0.1663,0.175,0.2713,994.1887,stationary,33.84
236462,-0.0005,0.0256,0.9942,0.21,0.0525,0.28,994.1895,stationary,33.9
236522,-0.0002,0.0234,0.9936,0.2013,0.1138,0.2275,994.1836,stationary,33.96
236582,-0.002,0.0232,0.9958,0.14,0.035,0.2537,994.1826,stationary,34.02
236642,-0.001,0.024,0.9948,0.175,0.0962,0.2625,994.1787,stationary,34.08
236702,-0.0007,0.0239,0.994,0.1225,0.1488,0.2188,994.1865,stationary,34.14
236762,-0.001,0.0234,0.9965,0.2013,0.0525,0.2537,994.1973,stationary,34.2
236822,0.0,0.0241,0.9946,0.2537,0.07,0.1925,994.1968,stationary,34.26
236882,-0.0005,0.0237,0.9948,0.14,0.1312,0.2013,994.1926,stationary,34.32
236942,0.0005,0.0229,0.9946,0.175,0.07,0.2713,994.1904,stationary,34.38
237002,-0.0018,0.0237,0.9956,0.1575,0.07,0.2013,994.1819,stationary,34.44
237062,0.0005,0.0234,0.9953,0.1225,0.0088,0.1925,994.177,stationary,34.5
237122,-0.0007,0.0242,0.994,0.14,0.105,0.2537,994.1875,stationary,34.56
237182,-0.0005,0.0239,0.9956,0.14,0.105,0.2537,994.1868,stationary,34.62
237242,-0.0007,0.0257,0.995,0.1925,-0.035,0.2625,994.1875,stationary,34.68
237302,0.0004,0.024,0.9945,0.1575,0.0962,0.2275,994.1833,stationary,34.74
237362,-0.0015,0.0237,0.9945,0.0962,0.1138,0.2887,994.1902,stationary,34.8
237422,-0.0007,0.0244,0.9934,0.14,0.0262,0.21,994.1863,stationary,34.86
237482,-0.0019,0.0247,0.995,0.1838,0.1138,0.2625,994.1936,stationary,34.92
237542,-0.0009,0.0239,0.9952,0.1663,0.1312,0.2275,994.1941,stationary,34.98
237602,-0.0005,0.0242,0.9917,0.2013,0.1225,0.2275,994.1929,stationary,35.04
237662,-0.0015,0.0239,0.9943,0.2188,0.0962,0.2537,994.1919,stationary,35.1
237722,-0.0021,0.0237,0.9938,0.14,0.1138,0.2713,994.1995,stationary,35.16
237782,0.0,0.0242,0.9955,0.21,0.1575,0.2188,994.1885,stationary,35.22
237842,0.0005,0.0246,0.9935,0.1925,0.035,0.2625,994.1919,stationary,35.28
237902,-0.0014,0.0237,0.9953,0.2188,0.0175,0.1838,994.2002,stationary,35.34
237962,-0.0007,0.0246,0.9945,0.1312,0.0525,0.2362,994.1924,stationary,35.4
238022,-0.001,0.0242,0.9936,0.1312,0.0613,0.245,994.1921,stationary,35.46
238082,-0.0005,0.0235,0.995,0.1663,0.0088,0.21,994.1956,stationary,35.52
238142,-0.0017,0.0241,0.9942,0.1225,0.0787,0.245,994.1907,stationary,35.58
238202,-0.002,0.0242,0.995,0.245,0.0262,0.2975,994.1946,stationary,35.64
238262,-0.0027,0.0239,0.9959,0.0787,0.1138,0.2975,994.2102,stationary,35.7
238322,-0.0013,0.024,0.9945,0.28,0.1138,0.1575,994.1917,stationary,35.76
238382,-0.0001,0.0235,0.995,0.1488,0.14,0.2975,994.2014,stationary,35.82
238442,-0.0024,0.0246,0.9948,0.0875,0.0962,0.245,994.1919,stationary,35.88
238502,-0.0002,0.0249,0.9947,0.1225,0.0787,0.2275,994.1958,stationary,35.94
238562,0.0002,0.0234,0.9948,0.1312,0.0175,0.2013,994.2,stationary,36.0
238622,-0.0007,0.0245,0.9935,0.1575,0.0525,0.1838,994.1946,stationary,36.06
238682,0.0003,0.0242,0.9948,0.2013,0.0875,0.2362,994.2021,stationary,36.12
238742,-0.0005,0.0232,0.9936,0.21,0.0962,0.2713,994.2026,stationary,36.18
238802,-0.0015,0.0237,0.9955,0.245,0.0613,0.2537,994.198,stationary,36.24
238862,0.0,0.024,0.9948,0.14,0.1138,0.245,994.2073,stationary,36.3
238922,-0.002,0.0242,0.9934,0.2013,0.1575,0.2713,994.1973,stationary,36.36
238982,-0.0012,0.0231,0.9956,0.1138,0.07,0.2362,994.2019,stationary,36.42
239042,-0.001,0.0243,0.9945,0.2013,0.0875,0.2362,994.2129,stationary,36.48
239102,-0.0012,0.0239,0.9943,0.1488,0.0962,0.21,994.2041,stationary,36.54
239162,-0.0015,0.0251,0.9958,0.0437,-0.0088,0.2275,994.2075,stationary,36.6
239222,-0.0013,0.0239,0.9941,0.1925,0.105,0.245,994.2104,stationary,36.66
239282,-0.0002,0.0239,0.9958,0.1575,0.0875,0.2188,994.207,stationary,36.72
239342,-0.0013,0.0253,0.9939,0.105,0.1225,0.21,994.2107,stationary,36.78
239402,0.0005,0.024,0.9943,0.14,0.105,0.2188,994.2063,stationary,36.84
239462,-0.0015,0.0232,0.9938,0.2362,0.14,0.245,994.2168,stationary,36.9
239522,-0.0015,0.0237,0.9933,0.2537,0.0613,0.2362,994.2102,stationary,36.96
239582,0.0007,0.0239,0.9941,0.1663,0.105,0.2975,994.2158,stationary,37.02
239642,-0.0005,0.0242,0.993,0.07,0.105,0.1312,994.2178,stationary,37.08
239702,0.0001,0.0234,0.9947,0.2188,0.035,0.21,994.2212,stationary,37.14
239762,-0.0012,0.0241,0.9972,0.1312,0.0962,0.1838,994.2202,stationary,37.2
239822,-0.001,0.0235,0.9936,0.105,0.0787,0.2188,994.2146,stationary,37.26
239882,-0.001,0.0236,0.9946,0.2275,0.035,0.21,994.2134,stationary,37.32
239942,-0.0001,0.0246,0.9945,0.14,0.0613,0.2713,994.2158,stationary,37.38
240002,-0.0012,0.0242,0.9941,0.1838,0.245,0.175,994.2195,stationary,37.44
240062,-0.0002,0.0232,0.9933,0.14,-0.0175,0.2887,994.2202,stationary,37.5
240122,-0.0005,0.0235,0.995,0.3063,0.0787,0.2362,994.2173,stationary,37.56
240182,-0.002,0.0239,0.9948,0.245,0.035,0.2975,994.2158,stationary,37.62
240242,-0.0005,0.0244,0.9952,0.105,0.1225,0.1838,994.2102,stationary,37.68
240302,-0.0002,0.0234,0.9943,0.0962,0.0437,0.2362,994.2195,stationary,37.74
240362,-0.0012,0.0244,0.9953,0.0962,0.0613,0.2362,994.21,stationary,37.8
240422,0.0008,0.0242,0.9933,0.14,0.14,0.2975,994.2192,stationary,37.86
240482,0.0,0.0237,0.9953,0.2013,0.035,0.2975,994.2173,stationary,37.92
240542,-0.0007,0.0249,0.9934,0.2013,0.1663,0.2625,994.2122,stationary,37.98
240602,0.0009,0.0237,0.9968,0.21,0.105,0.2713,994.2173,stationary,38.04
240662,-0.0012,0.0241,0.9942,0.0875,0.0437,0.2975,994.2124,stationary,38.1
240722,0.0,0.0241,0.9953,0.2275,0.14,0.1925,994.2148,stationary,38.16
240782,-0.0017,0.0242,0.9933,0.21,0.0437,0.2362,994.2129,stationary,38.22
240842,-0.0024,0.0242,0.9941,0.175,0.1488,0.2362,994.218,stationary,38.28
240902,0.0,0.0249,0.9945,0.14,0.175,0.2362,994.219,stationary,38.34
240962,-0.0002,0.0237,0.9948,0.2188,0.0962,0.175,994.2134,stationary,38.4
241022,-0.0005,0.0242,0.9953,0.1575,0.0,0.2625,994.2168,stationary,38.46
241082,-0.0022,0.0237,0.9938,0.1838,0.0962,0.2537,994.2217,stationary,38.52
241142,0.0001,0.0246,0.9938,0.1138,0.1225,0.21,994.2166,stationary,38.58
241202,-0.0002,0.0244,0.9948,0.2275,-0.0088,0.2188,994.2207,stationary,38.64
241262,0.0,0.023,0.9928,0.1663,0.0525,0.2537,994.2107,stationary,38.7
241322,-0.001,0.0246,0.9948,0.245,0.1225,0.21,994.2126,stationary,38.76
241382,-0.0013,0.0234,0.9965,0.2013,0.0525,0.2188,994.2246,stationary,38.82
241442,-0.0002,0.023,0.9947,0.14,0.1138,0.2275,994.2231,stationary,38.88
241502,-0.0012,0.0232,0.9945,0.245,0.1138,0.2625,994.2207,stationary,38.94
241562,-0.002,0.0239,0.9946,0.2188,0.1138,0.2713,994.2224,stationary,39.0
241622,-0.0009,0.0232,0.9936,0.2013,0.0787,0.2537,994.2239,stationary,39.06
241682,-0.0015,0.0224,0.9957,0.1488,0.14,0.2625,994.2219,stationary,39.12
241742,-0.0012,0.0239,0.9934,0.1225,0.0962,0.2625,994.2256,stationary,39.18
241802,-0.0007,0.0234,0.9941,0.1138,0.035,0.21,994.2214,stationary,39.24
241862,-0.0012,0.0228,0.995,0.14,0.07,0.2362,994.2209,stationary,39.3
241922,-0.0017,0.0234,0.9951,0.105,0.1838,0.2713,994.2244,stationary,39.36
241982,-0.0022,0.0239,0.9945,0.175,0.105,0.2275,994.2273,stationary,39.42
242042,-0.001,0.0232,0.995,0.2188,0.0525,0.2275,994.2288,stationary,39.48
242102,-0.0003,0.0239,0.9938,0.1225,0.1312,0.2362,994.2224,stationary,39.54
242162,0.0007,0.0242,0.9939,0.2275,0.0525,0.2013,994.2271,stationary,39.6
242222,-0.0007,0.0224,0.9948,0.1138,0.0613,0.2537,994.2258,stationary,39.66
242282,-0.001,0.0222,0.9942,0.1575,0.0875,0.245,994.219,stationary,39.72
242342,-0.0017,0.0243,0.9945,0.1663,0.105,0.2275,994.2219,stationary,39.78
242402,-0.0003,0.0229,0.9955,0.0962,0.1225,0.2013,994.2295,stationary,39.84
242462,-0.0005,0.0234,0.9939,0.1225,0.14,0.1663,994.2212,stationary,39.9
242522,-0.001,0.0239,0.9953,0.1838,-0.0525,0.245,994.2239,stationary,39.96
242582,-0.0005,0.0251,0.9933,0.07,0.105,0.2625,994.228,stationary,40.02
242642,-0.001,0.0226,0.9933,0.245,0.035,0.2013,994.2095,stationary,40.08
242702,-0.0004,0.0231,0.9933,0.245,0.0875,0.2537,994.2195,stationary,40.14
242762,0.0002,0.0244,0.9936,0.2013,0.07,0.2625,994.2263,stationary,40.2
242822,-0.0014,0.0242,0.9945,0.21,0.1838,0.175,994.2261,stationary,40.26
242882,0.0015,0.0231,0.9958,0.0613,0.0088,0.245,994.2275,stationary,40.32
242942,-0.0001,0.0239,0.9946,0.28,0.0613,0.2713,994.2222,stationary,40.38
243002,-0.002,0.0237,0.9936,0.105,0.0787,0.2713,994.2249,stationary,40.44
243062,-0.001,0.023,0.9938,0.21,0.0962,0.2887,994.2107,stationary,40.5
243122,-0.001,0.0231,0.995,0.2013,0.105,0.3237,994.2166,stationary,40.56
243182,-0.0007,0.024,0.9946,0.2537,0.14,0.2362,994.2227,stationary,40.62
243242,-0.0012,0.0244,0.9933,0.14,0.0262,0.2013,994.2236,stationary,40.68
243302,0.0,0.0241,0.9952,0.1663,0.035,0.21,994.2234,stationary,40.74
243362,-0.0004,0.0241,0.9956,0.175,0.0962,0.3063,994.2188,stationary,40.8
243422,-0.0015,0.0237,0.9948,0.1663,0.1225,0.1663,994.2175,stationary,40.86
243482,-0.0002,0.0237,0.9947,0.1312,0.0613,0.2537,994.2131,stationary,40.92
243542,0.0001,0.0227,0.9941,0.2013,0.0613,0.2625,994.2104,stationary,40.98
243602,-0.0001,0.0237,0.995,0.1663,0.07,0.2713,994.219,stationary,41.04
243662,-0.001,0.0244,0.9953,0.1488,0.1663,0.2188,994.2141,stationary,41.1
243722,-0.0003,0.0222,0.9936,0.1312,0.1138,0.2537,994.2146,stationary,41.16
243782,0.0002,0.0258,0.9948,0.1312,0.1663,0.245,994.2166,stationary,41.22
243842,-0.0017,0.0239,0.9948,0.1488,0.0613,0.2537,994.209,stationary,41.28
243902,-0.0012,0.0244,0.9958,0.245,0.175,0.2275,994.2122,stationary,41.34
243962,-0.0015,0.0237,0.995,0.2625,0.2013,0.2362,994.2109,stationary,41.4
244022,-0.0007,0.0251,0.9939,0.1925,0.1312,0.2188,994.2109,stationary,41.46
244082,-0.0017,0.0246,0.9948,0.2362,0.1663,0.2625,994.2117,stationary,41.52
244142,-0.0007,0.0222,0.9948,0.1663,-0.0262,0.2362,994.2104,stationary,41.58
244202,-0.0019,0.0239,0.9953,0.2537,0.1312,0.245,994.2146,stationary,41.64
244262,-0.0005,0.0224,0.9951,0.2188,0.105,0.2275,994.2148,stationary,41.7
244322,-0.001,0.0237,0.9941,0.1925,0.0175,0.2188,994.2046,stationary,41.76
244382,0.0001,0.0229,0.995,0.175,0.1312,0.2188,994.2073,stationary,41.82
244442,-0.001,0.0242,0.9953,0.1575,0.1225,0.2275,994.2034,stationary,41.88
244502,-0.0009,0.0242,0.9945,0.21,0.0875,0.2275,994.2156,stationary,41.94
244562,-0.0015,0.0229,0.9951,0.1488,0.0613,0.2362,994.2024,stationary,42.0
244622,-0.0005,0.0239,0.9951,0.1488,0.105,0.2537,994.2078,stationary,42.06
244682,-0.0007,0.0249,0.995,0.1312,-0.0088,0.245,994.2061,stationary,42.12
244742,-0.0008,0.0239,0.9938,0.1138,0.035,0.2537,994.2058,stationary,42.18
244802,-0.0013,0.0242,0.9959,0.21,0.0787,0.2713,994.2058,stationary,42.24
244862,-0.0009,0.0239,0.995,0.2013,0.1138,0.2537,994.1992,stationary,42.3
244922,-0.0018,0.0246,0.9943,0.0962,0.175,0.2362,994.2083,stationary,42.36
244982,-0.0013,0.0239,0.9943,0.1663,0.105,0.2188,994.1963,stationary,42.42
245042,-0.0015,0.0237,0.9943,0.1838,0.1575,0.2887,994.2004,stationary,42.48
245102,-0.0016,0.0223,0.9931,0.1312,0.0962,0.2275,994.2041,stationary,42.54
245162,0.0005,0.0232,0.9944,0.2275,0.0525,0.1925,994.2021,stationary,42.6
245222,-0.0008,0.0235,0.9933,0.0787,0.1138,0.2975,994.2073,stationary,42.66
245282,-0.002,0.0243,0.9953,0.245,0.0613,0.28,994.2061,stationary,42.72
245342,-0.0007,0.0229,0.994,0.175,0.1138,0.245,994.2087,stationary,42.78
245402,-0.0015,0.0236,0.9951,0.1138,0.0875,0.2625,994.2068,stationary,42.84
245462,-0.0027,0.0234,0.9938,0.1925,0.1225,0.2188,994.2048,stationary,42.9
245522,-0.0012,0.0241,0.9953,0.0787,-0.0175,0.21,994.2046,stationary,42.96
245582,-0.0005,0.024,0.9955,0.105,0.1225,0.175,994.2097,stationary,43.02
245642,-0.0017,0.0235,0.9953,0.14,0.1312,0.2625,994.21,stationary,43.08
245702,0.0007,0.0242,0.9946,0.175,0.175,0.2275,994.2024,stationary,43.14
245762,-0.0013,0.0234,0.9943,0.2362,0.105,0.245,994.2051,stationary,43.2
245822,-0.0005,0.0242,0.9956,0.1488,0.0525,0.245,994.2051,stationary,43.26
245882,-0.0008,0.0239,0.9936,0.1225,0.0962,0.2537,994.2061,stationary,43.32
245942,-0.0012,0.0242,0.9938,0.14,0.0875,0.2975,994.2002,stationary,43.38
246002,-0.001,0.0242,0.9936,0.28,0.0787,0.28,994.199,stationary,43.44
246062,-0.0002,0.0242,0.9951,0.2013,0.0875,0.2713,994.2031,stationary,43.5
246122,0.0001,0.0244,0.9942,0.1663,0.0613,0.2625,994.2097,stationary,43.56
246182,-0.0017,0.0243,0.9943,0.1138,0.0962,0.2713,994.1958,stationary,43.62
246242,-0.0021,0.0232,0.9943,0.2362,0.1575,0.2713,994.196,stationary,43.68
246302,-0.0007,0.0229,0.9958,0.1575,0.1312,0.2625,994.199,stationary,43.74
246362,-0.0012,0.0239,0.9945,0.1575,0.1225,0.2188,994.199,stationary,43.8
246422,-0.001,0.0234,0.9943,0.14,0.0437,0.175,994.1921,stationary,43.86
246482,-0.0012,0.0227,0.9961,0.1575,0.1312,0.2188,994.1941,stationary,43.92
246542,-0.0024,0.0235,0.996,0.14,0.0525,0.2537,994.1982,stationary,43.98
246602,-0.001,0.0224,0.9942,0.1488,0.105,0.21,994.1946,stationary,44.04
246662,-0.0015,0.0249,0.9963,0.1488,0.105,0.2887,994.1997,stationary,44.1
246722,-0.0007,0.0232,0.9936,0.0962,0.14,0.2188,994.1931,stationary,44.16
246782,-0.0007,0.0237,0.9948,0.2013,0.0787,0.2887,994.1985,stationary,44.22
246842,-0.0012,0.0239,0.9948,0.1925,0.1225,0.1663,994.1907,stationary,44.28
246902,-0.0018,0.0224,0.9931,0.175,0.035,0.28,994.207,stationary,44.34
246962,-0.0002,0.0251,0.9933,0.1225,0.2713,0.2275,994.1931,stationary,44.4
247022,0.0005,0.0236,0.9948,0.175,0.1138,0.245,994.1956,stationary,44.46
247082,-0.0012,0.0239,0.9946,0.1925,0.0613,0.2537,994.2065,stationary,44.52
247142,-0.0007,0.0243,0.9923,0.2362,0.1312,0.2713,994.1978,stationary,44.58
247202,-0.001,0.0239,0.9931,0.14,0.105,0.2362,994.1887,stationary,44.64
247262,-0.0014,0.0235,0.9933,0.1488,0.0437,0.2362,994.2002,stationary,44.7
247322,-0.0003,0.0236,0.995,0.1575,0.0437,0.2188,994.1936,stationary,44.76
247382,-0.0005,0.0229,0.9945,0.14,0.0262,0.2275,994.1997,stationary,44.82
247442,-0.0017,0.0226,0.9948,0.1488,0.1488,0.28,994.1885,stationary,44.88
247502,-0.001,0.0229,0.9948,0.2013,0.1138,0.2275,994.2112,stationary,44.94
247562,-0.0007,0.0231,0.9953,0.1312,0.1138,0.1925,994.196,stationary,45.0
247622,-0.001,0.0245,0.9933,0.1575,0.0962,0.21,994.1841,stationary,45.06
247682,0.0005,0.0253,0.9945,0.0613,0.0875,0.2275,994.1934,stationary,45.12
247742,-0.0017,0.0236,0.9953,0.1488,0.0175,0.1925,994.1875,stationary,45.18
247802,-0.0005,0.0239,0.994,0.1925,0.175,0.2275,994.1821,stationary,45.24
247862,-0.001,0.0232,0.9945,0.2013,0.105,0.2362,994.1914,stationary,45.3
247922,-0.001,0.0227,0.9963,0.2188,0.1312,0.2625,994.187,stationary,45.36
247982,-0.0002,0.0237,0.9946,0.1575,0.0525,0.2625,994.1768,stationary,45.42
248042,-0.0002,0.0237,0.9942,0.1225,0.035,0.2713,994.1858,stationary,45.48
248102,0.0,0.0239,0.995,0.1312,0.1488,0.2887,994.1787,stationary,45.54
248162,0.0005,0.0231,0.9941,0.1488,0.0875,0.2887,994.1851,stationary,45.6
248222,-0.0015,0.0239,0.9952,0.1225,0.0,0.21,994.1819,stationary,45.66
248282,-0.0005,0.0229,0.9936,0.2013,0.21,0.2362,994.1831,stationary,45.72
248342,0.0001,0.0244,0.9951,0.1575,-0.0262,0.2887,994.179,stationary,45.78
248402,-0.0012,0.0248,0.9945,0.1312,0.0787,0.28,994.1826,stationary,45.84
248462,-0.0007,0.0226,0.9948,0.175,0.07,0.21,994.1807,stationary,45.9
248522,-0.0005,0.0244,0.996,0.2975,-0.0088,0.2537,994.1846,stationary,45.96
248582,0.0002,0.0239,0.995,0.1663,0.14,0.175,994.1829,stationary,46.02
248642,0.0007,0.0247,0.9953,0.0787,0.0437,0.2625,994.1877,stationary,46.08
248702,-0.001,0.0226,0.9941,0.2625,0.1488,0.2537,994.1843,stationary,46.14
248762,0.0007,0.0235,0.996,0.0962,0.0962,0.21,994.1887,stationary,46.2
248822,-0.0009,0.0239,0.9943,0.2275,0.035,0.1838,994.1797,stationary,46.26
248882,0.0005,0.0244,0.9953,0.14,0.0613,0.2362,994.1807,stationary,46.32
248942,-0.0007,0.0244,0.9951,0.2362,0.0437,0.2975,994.1838,stationary,46.38
249002,-0.0005,0.0244,0.9933,0.1225,0.1138,0.2537,994.1765,stationary,46.44
249062,-0.0002,0.0231,0.9945,0.1663,0.1138,0.2275,994.1819,stationary,46.5
249122,-0.0014,0.0232,0.995,0.14,0.1312,0.2713,994.1687,stationary,46.56
249182,-0.0005,0.0242,0.9963,0.2275,0.1663,0.2013,994.1814,stationary,46.62
249242,-0.0017,0.0232,0.9944,0.21,0.0787,0.2625,994.1741,stationary,46.68
249302,-0.0014,0.0234,0.9944,0.1575,0.175,0.2013,994.1741,stationary,46.74
249362,0.0,0.0244,0.9953,0.2362,0.1925,0.3237,994.1711,stationary,46.8
249422,-0.0015,0.0231,0.9946,0.1838,0.0437,0.2537,994.1682,stationary,46.86
249482,-0.002,0.0263,0.9933,0.1663,0.0875,0.2625,994.1638,stationary,46.92
249542,-0.0012,0.0242,0.9956,0.175,0.0525,0.245,994.1682,stationary,46.98
249602,-0.0012,0.0224,0.9941,0.245,0.105,0.2537,994.1738,stationary,47.04
249662,-0.0007,0.0244,0.9945,0.14,0.0,0.2537,994.1689,stationary,47.1
249722,-0.001,0.0235,0.9951,0.1925,0.0525,0.2887,994.1719,stationary,47.16
249782,-0.0017,0.0237,0.9955,0.07,0.1225,0.245,994.1733,stationary,47.22
249842,-0.0008,0.024,0.9945,0.1312,0.175,0.1838,994.1682,stationary,47.28
249902,-0.0007,0.0251,0.995,0.14,0.07,0.245,994.1687,stationary,47.34
249962,0.0002,0.0235,0.9966,0.2013,0.0962,0.2362,994.1709,stationary,47.4
250022,-0.001,0.0239,0.9948,0.105,0.1138,0.2188,994.1736,stationary,47.46
250082,-0.0007,0.0232,0.9939,0.14,0.0962,0.245,994.1704,stationary,47.52
250142,-0.0005,0.024,0.9953,0.2537,0.0,0.2887,994.1638,stationary,47.58
250202,-0.0026,0.0239,0.9935,0.1925,0.2013,0.21,994.1775,stationary,47.64
250262,0.0004,0.0229,0.9943,0.0613,0.175,0.28,994.1636,stationary,47.7
250322,-0.0015,0.0228,0.9945,0.315,0.1225,0.2013,994.166,stationary,47.76
250382,-0.0012,0.0239,0.994,0.2362,0.07,0.2275,994.1626,stationary,47.82
250442,0.0,0.0239,0.9941,0.1488,0.1488,0.2362,994.1633,stationary,47.88
250502,-0.0009,0.0246,0.9943,0.1838,-0.0262,0.2537,994.1633,stationary,47.94
250562,0.0002,0.0235,0.9953,0.1575,0.0613,0.2188,994.1663,stationary,48.0
250622,-0.0007,0.0235,0.9945,0.1663,-0.0175,0.1925,994.1746,stationary,48.06
250682,-0.0005,0.0249,0.9941,0.14,0.07,0.2713,994.1787,stationary,48.12
250742,-0.0001,0.0242,0.9942,0.2625,0.0262,0.1663,994.1677,stationary,48.18
250802,-0.0003,0.0239,0.9944,0.2362,0.0437,0.21,994.1758,stationary,48.24
250862,-0.0013,0.0232,0.9941,0.1488,0.1225,0.2537,994.1794,stationary,48.3
250922,0.0002,0.0234,0.9959,0.175,0.1138,0.28,994.1711,stationary,48.36
250982,-0.0015,0.0225,0.9946,0.1225,0.1488,0.2275,994.1697,stationary,48.42
251042,-0.0005,0.0227,0.9936,0.1925,0.0,0.2537,994.1794,stationary,48.48
251102,-0.0007,0.0221,0.9948,0.1138,0.035,0.245,994.1738,stationary,48.54
251162,0.001,0.0235,0.995,0.1838,0.0437,0.175,994.1814,stationary,48.6
251222,-0.0005,0.0249,0.9927,0.1663,0.1488,0.21,994.1716,stationary,48.66
251282,-0.0012,0.0229,0.994,0.0613,0.0525,0.28,994.1665,stationary,48.72
251342,-0.0005,0.0244,0.9941,0.1838,0.105,0.2188,994.1667,stationary,48.78
251402,-0.0012,0.0237,0.9941,0.175,0.0437,0.2362,994.1692,stationary,48.84
251462,-0.0012,0.0242,0.9953,0.21,0.0787,0.245,994.1709,stationary,48.9
251522,0.0002,0.0236,0.9953,0.1925,-0.035,0.2188,994.1702,stationary,48.96
251582,-0.0005,0.0236,0.9972,0.1838,0.0088,0.3237,994.1804,stationary,49.02
251642,-0.0008,0.0237,0.9958,0.1575,0.0787,0.1925,994.1736,stationary,49.08
251702,-0.0016,0.0236,0.995,0.2188,0.0525,0.2275,994.1772,stationary,49.14
251762,-0.0014,0.0242,0.995,0.1838,0.175,0.28,994.1736,stationary,49.2
251822,-0.0012,0.0234,0.9938,0.1575,0.1138,0.2713,994.1702,stationary,49.26
251882,-0.0023,0.0246,0.9939,0.0787,0.105,0.2713,994.1748,stationary,49.32
251942,-0.001,0.0239,0.9953,0.245,0.105,0.2713,994.1663,stationary,49.38
252002,-0.0002,0.0237,0.9945,0.2362,0.0525,0.21,994.1797,stationary,49.44
252062,0.0,0.0244,0.9955,0.1138,0.0875,0.2188,994.167,stationary,49.5
252122,-0.0017,0.0232,0.9941,0.105,0.105,0.1663,994.1704,stationary,49.56
252182,-0.0005,0.0237,0.9948,0.1925,0.1138,0.21,994.187,stationary,49.62
252242,-0.0002,0.0246,0.9928,0.14,0.0875,0.21,994.1765,stationary,49.68
252302,-0.0007,0.0229,0.9948,0.2362,0.035,0.245,994.1726,stationary,49.74
252362,0.0002,0.0229,0.995,0.21,0.0262,0.2275,994.1748,stationary,49.8
252422,-0.0013,0.0232,0.9961,0.2013,0.0613,0.2275,994.1765,stationary,49.86
252482,-0.001,0.0232,0.9925,0.175,0.0787,0.2625,994.1711,stationary,49.92
252542,-0.0007,0.0247,0.9956,0.1925,0.07,0.2275,994.1665,stationary,49.98
252602,-0.0015,0.0242,0.9943,0.2537,0.0787,0.2713,994.176,stationary,50.04
252662,0.0005,0.0232,0.9933,0.1488,0.0787,0.2362,994.1699,stationary,50.1
252722,0.0002,0.0241,0.9948,0.1838,0.105,0.2188,994.168,stationary,50.16
252782,0.0,0.0242,0.9958,0.1663,0.0175,0.245,994.176,stationary,50.22
252842,0.0007,0.0237,0.9945,0.1312,0.07,0.3325,994.1733,stationary,50.28
252902,-0.0009,0.0245,0.9941,0.1312,0.1838,0.21,994.1748,stationary,50.34
252962,-0.0015,0.0246,0.9948,0.245,0.0962,0.245,994.1807,stationary,50.4
253022,0.0002,0.0227,0.9948,0.1838,-0.0175,0.245,994.1833,stationary,50.46
253082,-0.0018,0.024,0.9941,0.2188,0.1225,0.245,994.1738,stationary,50.52
253142,-0.0007,0.0232,0.9951,0.2275,0.105,0.245,994.178,stationary,50.58
253202,0.0004,0.0234,0.9941,0.0437,0.0175,0.2275,994.1821,stationary,50.64
253262,-0.0012,0.0236,0.9948,0.175,0.0525,0.2188,994.1772,stationary,50.7
253322,-0.0012,0.0239,0.9955,0.1663,0.07,0.245,994.1799,stationary,50.76
253382,-0.0004,0.0237,0.9958,0.2362,0.035,0.1663,994.1792,stationary,50.82
253442,-0.0017,0.0239,0.9945,0.0525,0.1663,0.2275,994.1726,stationary,50.88
253502,-0.0002,0.0243,0.9955,0.1225,0.1488,0.245,994.1685,stationary,50.94
253562,0.0002,0.024,0.9941,0.1838,0.0525,0.2188,994.1748,stationary,51.0
253622,-0.0015,0.0244,0.9948,0.1838,0.0787,0.2537,994.1636,stationary,51.06
253682,-0.0018,0.0242,0.9943,0.1838,0.14,0.245,994.1667,stationary,51.12
253742,0.0015,0.0246,0.9938,0.1488,0.2275,0.21,994.1755,stationary,51.18
253802,-0.0005,0.023,0.9934,0.0875,0.0875,0.3063,994.1619,stationary,51.24
253862,-0.0004,0.0246,0.9941,0.14,0.0525,0.28,994.1733,stationary,51.3
253922,-0.0001,0.0243,0.9948,0.175,0.0613,0.2713,994.1777,stationary,51.36
253982,-0.0007,0.0237,0.9948,0.1138,0.1925,0.245,994.178,stationary,51.42
254042,-0.0004,0.0248,0.9958,0.105,0.1838,0.2188,994.1682,stationary,51.48
254102,-0.0018,0.0244,0.994,0.0787,0.0787,0.2188,994.175,stationary,51.54
254162,-0.0016,0.0234,0.9938,0.2188,0.0088,0.2188,994.168,stationary,51.6
254222,0.0005,0.0234,0.9933,0.2275,0.1225,0.2362,994.1785,stationary,51.66
254282,-0.0015,0.0232,0.9938,0.21,0.1138,0.1838,994.1716,stationary,51.72
254342,-0.0005,0.0239,0.9938,0.0613,0.0,0.2188,994.1748,stationary,51.78
254402,-0.0015,0.0236,0.995,0.1663,0.1488,0.3063,994.1731,stationary,51.84
254462,-0.0015,0.0249,0.9945,0.175,0.1488,0.2625,994.1892,stationary,51.9
254522,-0.0021,0.0234,0.9948,0.1925,0.0962,0.2362,994.1724,stationary,51.96
254582,-0.0005,0.0239,0.9941,0.1925,0.0962,0.2362,994.1726,stationary,52.02
254642,-0.002,0.0217,0.9953,0.1138,0.0525,0.245,994.1724,stationary,52.08
254702,-0.0012,0.0242,0.994,0.1838,0.14,0.28,994.1853,stationary,52.14
254762,-0.0014,0.0239,0.9948,0.105,0.0437,0.2887,994.1733,stationary,52.2
254822,0.0007,0.0237,0.9934,0.14,0.0875,0.2362,994.1736,stationary,52.26
254882,-0.0008,0.0244,0.9972,0.105,0.0437,0.2275,994.175,stationary,52.32
254942,-0.0013,0.0237,0.9947,0.2013,0.0525,0.2362,994.1665,stationary,52.38
255002,-0.0001,0.0229,0.9952,0.1575,0.0787,0.2625,994.1711,stationary,52.44
255062,-0.0012,0.0242,0.9936,0.2362,0.1575,0.315,994.1777,stationary,52.5
255122,0.0002,0.0237,0.9948,0.1925,0.1138,0.28,994.1667,stationary,52.56
255182,-0.0014,0.0229,0.9955,0.1488,0.07,0.2362,994.1829,stationary,52.62
255242,0.0003,0.0226,0.9948,0.2188,0.0525,0.245,994.1802,stationary,52.68
255302,-0.0009,0.0249,0.9943,0.2362,0.0175,0.2013,994.167,stationary,52.74
255362,-0.001,0.0242,0.9955,0.2362,0.1925,0.2275,994.1631,stationary,52.8
255422,-0.001,0.0247,0.9945,0.2013,0.1488,0.21,994.1787,stationary,52.86
255482,-0.0004,0.0235,0.9945,0.0875,0.0437,0.1663,994.167,stationary,52.92
255542,-0.0014,0.0239,0.9951,0.1488,-0.0175,0.315,994.1699,stationary,52.98
255602,-0.0008,0.0243,0.9941,0.1925,0.0613,0.21,994.1638,stationary,53.04
255662,-0.0007,0.0234,0.995,0.2013,0.21,0.2188,994.1609,stationary,53.1
255722,-0.0007,0.0244,0.9945,0.105,0.1138,0.2713,994.1802,stationary,53.16
255782,-0.0024,0.0237,0.9953,0.2275,0.1575,0.245,994.1726,stationary,53.22
255842,-0.0007,0.024,0.995,0.2188,0.07,0.2362,994.1719,stationary,53.28
255902,-0.0012,0.0227,0.9958,0.1138,0.0088,0.2362,994.1731,stationary,53.34
255962,-0.0015,0.0236,0.9943,0.1575,-0.0262,0.2537,994.1716,stationary,53.4
256022,-0.0012,0.0244,0.9952,0.1925,0.1225,0.2013,994.1824,stationary,53.46
256082,-0.0007,0.0241,0.994,0.1488,0.0962,0.2362,994.1792,stationary,53.52
256142,-0.0005,0.0249,0.9955,0.1838,0.105,0.2188,994.1716,stationary,53.58
256202,0.0005,0.0249,0.9943,0.0875,0.175,0.2362,994.1633,stationary,53.64
256262,-0.002,0.0243,0.9931,0.14,0.0962,0.2188,994.1687,stationary,53.7
256322,-0.0005,0.0237,0.9936,0.2013,0.0088,0.2887,994.1689,stationary,53.76
256382,-0.0004,0.0254,0.9955,0.1488,0.14,0.2362,994.1733,stationary,53.82
256442,-0.002,0.0232,0.996,0.175,0.07,0.2362,994.1755,stationary,53.88
256502,-0.0023,0.0244,0.9936,0.1838,0.07,0.2362,994.1692,stationary,53.94
256562,-0.0012,0.0242,0.9943,0.245,-0.035,0.1663,994.1643,stationary,54.0
256622,-0.0003,0.0234,0.9962,0.14,0.035,0.2275,994.168,stationary,54.06
256682,-0.0013,0.0245,0.9948,0.175,0.1925,0.21,994.1682,stationary,54.12
256742,0.001,0.0249,0.9924,0.2713,0.0525,0.2537,994.1633,stationary,54.18
256802,0.0005,0.0241,0.995,0.2013,0.1575,0.2887,994.1648,stationary,54.24
256862,0.0002,0.0229,0.9946,0.1925,0.1312,0.2625,994.1746,stationary,54.3
256922,-0.0007,0.0241,0.9958,0.2188,0.1225,0.2362,994.1663,stationary,54.36
256982,-0.0005,0.0239,0.9945,0.2013,0.035,0.1838,994.1663,stationary,54.42
257042,-0.0024,0.0239,0.9953,0.175,0.1312,0.245,994.1687,stationary,54.48
257102,-0.0003,0.0244,0.9959,0.175,0.21,0.2887,994.1765,stationary,54.54
257162,-0.0007,0.0236,0.9948,0.175,0.0875,0.2275,994.1606,stationary,54.6
257222,-0.0008,0.0228,0.9945,0.1663,0.035,0.245,994.1641,stationary,54.66
257282,-0.0008,0.0237,0.9919,0.035,0.105,0.21,994.165,stationary,54.72
257342,-0.0014,0.0239,0.9952,0.1838,0.0262,0.175,994.1689,stationary,54.78
257402,-0.0015,0.0232,0.9941,0.1488,0.0962,0.2713,994.1658,stationary,54.84
257462,-0.001,0.0234,0.9927,0.1225,0.1138,0.2013,994.1648,stationary,54.9
257522,-0.0007,0.0239,0.9945,0.21,0.035,0.3063,994.1655,stationary,54.96
257582,0.0,0.0242,0.9941,0.2362,0.1138,0.2625,994.1663,stationary,55.02
257642,-0.0002,0.0231,0.9953,0.0875,-0.0262,0.2275,994.1636,stationary,55.08
257702,-0.0012,0.0245,0.9944,0.1838,0.1225,0.2013,994.1689,stationary,55.14
257762,-0.0008,0.0242,0.9948,0.1663,0.0613,0.2625,994.1709,stationary,55.2
257822,-0.0015,0.0245,0.9945,0.1838,0.035,0.2013,994.1543,stationary,55.26
257882,-0.0002,0.0235,0.994,0.2013,0.0875,0.2537,994.1667,stationary,55.32
257942,-0.0012,0.0245,0.9942,0.1138,0.1138,0.2713,994.1638,stationary,55.38
258002,-0.0012,0.0242,0.996,0.1838,0.035,0.21,994.1699,stationary,55.44
258062,-0.0005,0.0242,0.9963,0.28,0.1225,0.2013,994.1616,stationary,55.5
258122,-0.0015,0.0228,0.995,0.1663,0.035,0.2537,994.1692,stationary,55.56
258182,-0.0012,0.0236,0.9948,0.1225,0.1575,0.245,994.1692,stationary,55.62
258242,0.0005,0.0229,0.9955,0.1663,0.0,0.2625,994.1643,stationary,55.68
258302,-0.0012,0.0244,0.9943,0.2013,0.0787,0.2275,994.1658,stationary,55.74
258362,-0.0005,0.0254,0.9944,0.21,0.14,0.2713,994.1787,stationary,55.8
258422,-0.001,0.0249,0.9942,0.1838,0.07,0.2362,994.1655,stationary,55.86
258482,-0.0005,0.0246,0.9939,0.0875,0.0962,0.2537,994.1692,stationary,55.92
258542,-0.0007,0.0247,0.9948,0.2362,0.0875,0.2362,994.156,stationary,55.98
258602,-0.001,0.0222,0.9951,0.1488,0.14,0.1575,994.1709,stationary,56.04
258662,-0.0012,0.0247,0.9948,0.1663,0.1138,0.2362,994.1655,stationary,56.1
258722,-0.0017,0.0234,0.9944,0.1663,0.0262,0.1925,994.155,stationary,56.16
258782,-0.0007,0.0234,0.9938,0.2013,0.105,0.2013,994.1626,stationary,56.22
258842,-0.0007,0.0227,0.9945,0.175,0.0088,0.28,994.1741,stationary,56.28
258902,0.0,0.0246,0.9941,0.0437,0.035,0.21,994.1675,stationary,56.34
258962,-0.0003,0.0229,0.9959,0.1312,0.0787,0.245,994.1685,stationary,56.4
259022,-0.0007,0.0235,0.9941,0.245,0.0787,0.2275,994.1692,stationary,56.46
259082,-0.0009,0.0232,0.9966,0.2362,0.0875,0.2275,994.1636,stationary,56.52
259142,-0.0015,0.0239,0.9938,0.1575,0.0962,0.1925,994.1726,stationary,56.58
259202,-0.0003,0.0244,0.9945,0.14,0.0962,0.2275,994.1685,stationary,56.64
259262,-0.001,0.0251,0.9945,0.105,0.0613,0.2362,994.1702,stationary,56.7
259322,0.0002,0.0237,0.9948,0.105,0.0962,0.2537,994.1689,stationary,56.76
259382,-0.0013,0.0235,0.9942,0.2887,0.105,0.2537,994.176,stationary,56.82
259442,-0.0007,0.0244,0.9936,0.105,0.1575,0.2362,994.1636,stationary,56.88
259502,-0.001,0.0237,0.9931,0.28,0.07,0.2537,994.1704,stationary,56.94
259562,-0.0002,0.0242,0.9953,0.2013,0.0262,0.2625,994.1733,stationary,57.0
259622,-0.001,0.0242,0.9946,0.14,0.035,0.245,994.165,stationary,57.06
259682,-0.0005,0.0232,0.9965,0.245,0.0875,0.2537,994.1694,stationary,57.12
259742,-0.0005,0.0241,0.9956,0.2975,0.0875,0.3063,994.1733,stationary,57.18
259802,-0.001,0.0234,0.9938,0.1575,0.0,0.2362,994.1746,stationary,57.24
259862,-0.0005,0.0234,0.995,0.1488,0.0613,0.2362,994.1758,stationary,57.3
259922,-0.0021,0.0244,0.996,0.1138,0.1138,0.2887,994.1721,stationary,57.36
259982,-0.0015,0.0239,0.9942,0.1838,0.0787,0.2275,994.1687,stationary,57.42
260042,-0.0002,0.0223,0.9945,0.1838,0.1838,0.245,994.165,stationary,57.48
260102,-0.0013,0.0249,0.9955,0.1312,0.0437,0.2275,994.1731,stationary,57.54
260162,-0.0018,0.0246,0.9941,0.21,0.1225,0.21,994.1731,stationary,57.6
260222,0.0,0.0239,0.995,0.175,0.1575,0.1925,994.1733,stationary,57.66
260282,-0.001,0.0234,0.996,0.105,0.1138,0.2188,994.1643,stationary,57.72
260342,0.0001,0.0232,0.9959,0.1663,0.1138,0.175,994.1782,stationary,57.78
260402,0.0002,0.023,0.995,0.2713,0.1312,0.2362,994.177,stationary,57.84
260462,-0.0012,0.0243,0.9945,0.1663,0.0962,0.2362,994.177,stationary,57.9
260522,-0.0013,0.0237,0.9941,0.175,0.07,0.2188,994.1748,stationary,57.96
260582,-0.0005,0.023,0.9936,0.14,-0.0175,0.2013,994.1689,stationary,58.02
260642,-0.0014,0.0221,0.9931,0.21,0.0262,0.2537,994.1702,stationary,58.08
260702,-0.0024,0.0244,0.9951,0.1663,0.0962,0.2188,994.1719,stationary,58.14
260762,-0.0016,0.0225,0.9934,0.105,0.07,0.2713,994.1785,stationary,58.2
260822,-0.0012,0.023,0.995,0.2625,0.0525,0.1663,994.178,stationary,58.26
260882,-0.0022,0.0234,0.9934,0.1838,0.1225,0.21,994.1653,stationary,58.32
260942,-0.0018,0.0239,0.9943,0.175,0.0875,0.2013,994.1775,stationary,58.38
261002,-0.001,0.0232,0.9948,0.2275,0.105,0.2275,994.1736,stationary,58.44
261062,-0.0007,0.0239,0.9948,0.14,0.0175,0.2625,994.1736,stationary,58.5
261122,-0.0008,0.0243,0.9943,0.0613,0.0875,0.28,994.177,stationary,58.56
261182,-0.0002,0.0242,0.9955,0.1925,0.0875,0.2713,994.1743,stationary,58.62
261242,-0.0015,0.0243,0.9968,0.0875,0.0613,0.21,994.1787,stationary,58.68
261302,-0.0014,0.0222,0.9943,0.1488,0.105,0.28,994.1821,stationary,58.74
261362,-0.0005,0.0236,0.9952,0.0962,0.1138,0.2625,994.1675,stationary,58.8
261422,-0.0012,0.0251,0.9931,0.1575,0.07,0.2713,994.1729,stationary,58.86
261482,-0.0013,0.0244,0.9951,0.175,0.1225,0.2713,994.1748,stationary,58.92
261542,-0.0005,0.0237,0.995,0.1663,0.0962,0.21,994.1694,stationary,58.98
261602,-0.001,0.0229,0.9951,0.175,0.0525,0.1925,994.1746,stationary,59.04
261662,0.0,0.0239,0.9952,0.175,0.0787,0.2188,994.1814,stationary,59.1
261722,-0.0012,0.0229,0.9941,0.1838,0.14,0.21,994.1748,stationary,59.16
261782,-0.0015,0.0237,0.9961,0.3413,-0.0088,0.3237,994.168,stationary,59.22
261842,-0.0009,0.0231,0.9953,0.21,0.1488,0.245,994.175,stationary,59.28
261902,-0.0007,0.0239,0.9936,0.2362,0.1925,0.2362,994.167,stationary,59.34
261962,-0.0007,0.0239,0.9945,0.105,-0.0088,0.2713,994.1599,stationary,59.4
262022,-0.0002,0.0239,0.995,0.2362,0.105,0.1663,994.1692,stationary,59.46
262082,-0.001,0.0234,0.9945,0.175,0.1225,0.2713,994.1626,stationary,59.52
262142,0.0,0.023,0.9943,0.1138,0.1138,0.3063,994.1724,stationary,59.58
262202,-0.0007,0.0244,0.9945,0.2537,0.0525,0.315,994.1724,stationary,59.64
262262,-0.001,0.0232,0.9941,0.175,0.0088,0.245,994.1621,stationary,59.7
262322,-0.0005,0.0237,0.9956,0.1138,0.0613,0.2013,994.168,stationary,59.76
262382,-0.0009,0.0237,0.9948,0.1225,0.1138,0.2188,994.1724,stationary,59.82
262442,-0.0003,0.0232,0.9946,0.175,-0.0875,0.245,994.1699,stationary,59.88
262502,-0.0012,0.0239,0.9943,0.14,0.0437,0.2188,994.1633,stationary,59.94
262562,-0.0002,0.0237,0.9928,0.1925,0.0787,0.245,994.1704,stationary,60.0
262622,-0.0016,0.0237,0.9941,0.245,0.1138,0.21,994.1689,stationary,60.06
262682,-0.0004,0.0246,0.9962,0.1575,0.07,0.2275,994.1699,stationary,60.12
262742,-0.0004,0.0251,0.9939,0.2188,0.0437,0.1838,994.1746,stationary,60.18
262802,-0.001,0.022,0.9936,0.2188,0.0787,0.245,994.175,stationary,60.24
262862,-0.0018,0.0249,0.9953,0.1925,0.035,0.2625,994.1709,stationary,60.3
262922,-0.0022,0.0246,0.9946,0.175,0.0875,0.1575,994.179,stationary,60.36
262982,-0.001,0.0246,0.9945,0.1488,0.0175,0.2625,994.1804,stationary,60.42
263042,0.0007,0.023,0.995,0.175,0.0962,0.2188,994.1707,stationary,60.48
263102,-0.001,0.0229,0.9936,0.21,0.2013,0.2188,994.1775,stationary,60.54
263162,-0.0007,0.0245,0.996,0.1488,0.0088,0.2275,994.1748,stationary,60.6
263222,-0.001,0.0224,0.995,0.2013,0.0262,0.1838,994.1809,stationary,60.66
263282,-0.0012,0.0229,0.9951,0.14,0.0875,0.21,994.1755,stationary,60.72
263342,0.0004,0.0237,0.9948,0.1488,0.0613,0.2887,994.177,stationary,60.78
263402,-0.0015,0.0239,0.9945,0.2013,0.0525,0.2275,994.1707,stationary,60.84
263462,-0.0017,0.0237,0.9944,0.1138,0.0262,0.2013,994.175,stationary,60.9
263522,-0.0015,0.0237,0.9947,0.3063,0.035,0.28,994.1768,stationary,60.96
263582,-0.0015,0.0237,0.9926,0.1838,0.0175,0.2275,994.1797,stationary,61.02
263642,-0.0017,0.0239,0.9921,0.1488,0.175,0.1663,994.178,stationary,61.08
263702,-0.0003,0.0242,0.9931,0.1925,0.1663,0.2275,994.1804,stationary,61.14
263762,-0.0005,0.0246,0.9941,0.175,0.0613,0.3325,994.1758,stationary,61.2
263822,-0.001,0.0232,0.9953,0.1838,0.1225,0.2362,994.1797,stationary,61.26
263882,-0.0013,0.0249,0.9948,0.2013,0.035,0.2887,994.1729,stationary,61.32
263942,-0.0012,0.0228,0.9946,0.1663,0.1575,0.2625,994.1787,stationary,61.38
264002,0.0001,0.0236,0.9953,0.0787,-0.0175,0.245,994.1729,stationary,61.44
264062,-0.0019,0.0231,0.9943,0.1138,0.035,0.2713,994.178,stationary,61.5
264122,-0.0007,0.0239,0.9935,0.21,0.105,0.2275,994.1711,stationary,61.56
264182,0.0001,0.0218,0.9951,0.1138,0.07,0.28,994.1787,stationary,61.62
264242,-0.0012,0.0235,0.9958,0.1488,0.2013,0.28,994.1758,stationary,61.68
264302,-0.001,0.024,0.9943,0.2013,0.0088,0.245,994.1689,stationary,61.74
264362,-0.0005,0.023,0.9955,0.1312,0.0875,0.1838,994.1702,stationary,61.8
264422,-0.0017,0.0242,0.9943,0.1312,0.0875,0.2188,994.1753,stationary,61.86
264482,-0.0003,0.0244,0.9946,0.1312,0.0262,0.2362,994.1799,stationary,61.92
264542,-0.0007,0.0227,0.9953,0.0613,0.1663,0.21,994.1777,stationary,61.98
264602,-0.0015,0.0229,0.9962,0.1488,0.0262,0.2887,994.1741,stationary,62.04
264662,0.001,0.0225,0.9945,0.2625,0.21,0.1838,994.1731,stationary,62.1
264722,-0.0019,0.0232,0.9938,0.2537,0.1138,0.1925,994.1755,stationary,62.16
264782,-0.0022,0.0234,0.9936,0.1663,0.1138,0.2188,994.176,stationary,62.22
264842,0.0002,0.0245,0.9938,0.0875,0.0262,0.2013,994.1733,stationary,62.28
264902,-0.0002,0.0237,0.9947,0.2537,0.105,0.1925,994.176,stationary,62.34
264962,-0.0005,0.0222,0.9947,0.2188,0.1488,0.2362,994.1685,stationary,62.4
265022,-0.0002,0.0235,0.9948,0.1575,0.175,0.2537,994.167,stationary,62.46
265082,-0.0017,0.0229,0.9938,0.175,0.07,0.1838,994.1677,stationary,62.52
265142,-0.001,0.0251,0.9963,0.1925,0.1575,0.2013,994.1711,stationary,62.58
265202,0.0009,0.0222,0.9948,0.1663,0.035,0.2887,994.1663,stationary,62.64
265262,-0.0013,0.0236,0.9941,0.1925,0.0787,0.2275,994.1711,stationary,62.7
265322,-0.0021,0.0244,0.9945,0.1488,0.0613,0.2537,994.1736,stationary,62.76
265382,-0.0012,0.0232,0.9945,0.175,0.07,0.2362,994.1694,stationary,62.82
265442,-0.0004,0.0232,0.9947,0.0875,0.0613,0.1925,994.1724,stationary,62.88
265502,0.001,0.0252,0.995,0.1312,0.0875,0.2188,994.1724,stationary,62.94
265562,-0.0017,0.0244,0.9953,0.0175,0.1663,0.2188,994.1702,stationary,63.0
265622,-0.0009,0.0235,0.9928,0.175,0.0962,0.28,994.1699,stationary,63.06
265682,-0.0007,0.0241,0.9941,0.175,0.0875,0.21,994.1641,stationary,63.12
265742,-0.001,0.0214,0.994,0.1138,0.0437,0.245,994.167,stationary,63.18
265802,-0.0012,0.0232,0.9945,0.1663,0.0875,0.2537,994.1738,stationary,63.24
265862,0.0,0.0237,0.9948,0.1838,0.035,0.2275,994.1667,stationary,63.3
265922,-0.0021,0.0232,0.9926,0.175,0.0437,0.2362,994.1697,stationary,63.36
265982,-0.0001,0.0237,0.9931,0.1488,0.1225,0.1838,994.1699,stationary,63.42
266042,-0.0024,0.0242,0.9926,0.2275,0.0787,0.175,994.1743,stationary,63.48
266102,0.0,0.0239,0.9928,0.1312,0.1225,0.21,994.1685,stationary,63.54
266162,-0.0017,0.0234,0.996,0.1663,0.1925,0.21,994.1726,stationary,63.6
266222,-0.0008,0.0245,0.9945,0.1925,-0.0088,0.28,994.1726,stationary,63.66
266282,-0.0012,0.0232,0.9938,0.0875,0.0613,0.2713,994.1711,stationary,63.72
266342,0.0,0.0244,0.9948,0.2188,0.0525,0.2188,994.1719,stationary,63.78
266402,-0.0005,0.0234,0.9948,0.1838,0.0088,0.2625,994.1697,stationary,63.84
266462,-0.001,0.0237,0.9948,0.2188,0.0088,0.1838,994.1731,stationary,63.9
266522,0.0,0.0237,0.9956,0.2188,0.14,0.2537,994.1699,stationary,63.96
266582,-0.0009,0.0232,0.9941,0.1488,0.0875,0.2625,994.1658,stationary,64.02
266642,-0.001,0.0228,0.9951,0.1312,0.1225,0.2275,994.1506,stationary,64.08
266702,0.0001,0.0235,0.9938,0.1575,0.14,0.1925,994.1685,stationary,64.14
266762,0.0001,0.0242,0.9938,0.2975,0.0088,0.21,994.1719,stationary,64.2
266822,-0.0027,0.024,0.9953,0.2275,0.0613,0.2275,994.1694,stationary,64.26
266882,-0.0015,0.0249,0.9941,0.1312,0.1225,0.2713,994.1709,stationary,64.32
266942,-0.0008,0.0223,0.9959,0.1488,0.1312,0.2013,994.1667,stationary,64.38
267002,-0.002,0.0234,0.9942,0.0962,0.1225,0.2275,994.1709,stationary,64.44
267062,0.0,0.0251,0.9923,0.2013,0.1225,0.2625,994.1716,stationary,64.5
267122,0.0,0.0237,0.9942,0.245,0.14,0.2275,994.168,stationary,64.56
267182,0.0,0.0244,0.9926,0.1488,0.035,0.2188,994.168,stationary,64.62
267242,-0.0007,0.0243,0.9942,0.14,-0.0613,0.2713,994.1743,stationary,64.68
267302,-0.0017,0.0232,0.995,0.0962,0.07,0.245,994.1724,stationary,64.74
267362,-0.0015,0.0227,0.9943,0.2188,0.0875,0.2537,994.1719,stationary,64.8
267422,-0.0013,0.0242,0.9941,0.1575,0.1575,0.21,994.1665,stationary,64.86
267482,-0.0012,0.024,0.9955,0.1663,0.105,0.28,994.1711,stationary,64.92
267542,-0.0007,0.0235,0.995,0.0787,-0.0175,0.21,994.1694,stationary,64.98
267602,-0.0003,0.0232,0.9957,0.1925,0.0525,0.2887,994.1643,stationary,65.04
267662,0.0001,0.0229,0.9961,0.2362,0.0962,0.2013,994.167,stationary,65.1
267722,-0.0024,0.0242,0.9941,0.0262,0.0613,0.2713,994.166,stationary,65.16
267782,0.0002,0.0237,0.9941,0.2188,0.0,0.245,994.1687,stationary,65.22
267842,-0.0022,0.0237,0.9947,0.2013,0.0787,0.28,994.1714,stationary,65.28
267902,0.0002,0.0242,0.9938,0.2013,0.0962,0.1925,994.1653,stationary,65.34
267962,-0.0005,0.0242,0.995,0.2975,0.1312,0.2188,994.167,stationary,65.4
268022,-0.0015,0.024,0.9942,0.14,0.0787,0.2013,994.1682,stationary,65.46
268082,-0.0004,0.0234,0.9938,0.1488,0.1663,0.21,994.1704,stationary,65.52
268142,-0.0009,0.0247,0.9956,0.2275,0.0875,0.2188,994.1658,stationary,65.58
268202,-0.0016,0.0251,0.9947,0.1312,0.0175,0.245,994.177,stationary,65.64
268262,-0.0007,0.0221,0.9956,0.1838,0.0875,0.2537,994.1677,stationary,65.7
268322,-0.001,0.0249,0.9944,0.2013,0.07,0.2275,994.1682,stationary,65.76
268382,-0.001,0.0242,0.9941,0.21,0.0875,0.1925,994.1729,stationary,65.82
268442,0.0002,0.0242,0.9953,0.1838,0.14,0.1663,994.1667,stationary,65.88
268502,-0.0002,0.0239,0.9945,0.105,0.0437,0.2537,994.1594,stationary,65.94
268562,-0.0013,0.0222,0.9938,0.21,0.0175,0.2275,994.1675,stationary,66.0
268622,-0.0013,0.0248,0.9942,0.2013,0.1138,0.2625,994.1677,stationary,66.06
268682,0.0002,0.0232,0.995,0.2275,0.035,0.28,994.1707,stationary,66.12
268742,-0.0007,0.0237,0.9946,0.1663,0.1488,0.2362,994.1667,stationary,66.18
268802,-0.0001,0.0244,0.9945,0.1663,0.1225,0.2362,994.1704,stationary,66.24
268862,0.0001,0.0236,0.9939,0.0962,0.105,0.2625,994.1699,stationary,66.3
268922,-0.001,0.0229,0.9941,0.1925,0.0525,0.21,994.1587,stationary,66.36
268982,-0.0016,0.023,0.9953,0.2362,0.0262,0.245,994.1646,stationary,66.42
269042,-0.001,0.0228,0.995,0.1925,0.0962,0.2188,994.1692,stationary,66.48
269102,-0.0017,0.0239,0.9931,0.1225,0.0525,0.2275,994.1633,stationary,66.54
269162,-0.0007,0.0237,0.9955,0.245,0.1575,0.2625,994.165,stationary,66.6
269222,-0.0007,0.0244,0.9948,0.0875,-0.035,0.2275,994.1694,stationary,66.66
269282,-0.0024,0.0245,0.9955,0.2188,0.1138,0.2625,994.1672,stationary,66.72
269342,-0.001,0.0222,0.994,0.245,0.0437,0.2275,994.1626,stationary,66.78
269402,-0.0012,0.0239,0.9941,0.14,0.14,0.2362,994.1716,stationary,66.84
269462,-0.0001,0.0242,0.9935,0.2362,0.0437,0.2362,994.1643,stationary,66.9
269522,-0.0012,0.0242,0.9938,0.2013,0.07,0.2275,994.1709,stationary,66.96
269582,-0.0012,0.0232,0.9933,0.035,-0.0262,0.2975,994.1721,stationary,67.02
269642,-0.0003,0.0244,0.9948,0.2275,0.0613,0.245,994.1726,stationary,67.08
269702,-0.0015,0.0242,0.9941,0.07,0.0175,0.1663,994.1716,stationary,67.14
269762,-0.0005,0.0242,0.9948,0.2013,0.1575,0.2188,994.1694,stationary,67.2
269822,-0.0024,0.0242,0.9943,0.1312,0.0175,0.2625,994.1743,stationary,67.26
269882,-0.0004,0.0245,0.9941,0.21,0.0613,0.1838,994.1643,stationary,67.32
269942,0.0002,0.0242,0.9942,0.1138,0.0437,0.2975,994.1682,stationary,67.38
270002,-0.0005,0.024,0.9938,0.0875,0.1838,0.2362,994.1646,stationary,67.44
270062,0.0002,0.0248,0.995,0.1838,-0.0088,0.2537,994.1711,stationary,67.5
270122,-0.0004,0.0224,0.9938,0.1225,0.14,0.2887,994.166,stationary,67.56
270182,-0.0002,0.0242,0.9933,0.1838,0.1225,0.2188,994.1633,stationary,67.62
270242,-0.0005,0.0239,0.9933,0.2625,0.1663,0.2362,994.1738,stationary,67.68
270302,-0.0015,0.0249,0.9938,0.2013,0.0088,0.1925,994.1655,stationary,67.74
270362,-0.0007,0.0234,0.9945,0.1838,0.1138,0.1488,994.1724,stationary,67.8
270422,-0.0013,0.0237,0.9947,0.2362,0.07,0.2188,994.1694,stationary,67.86
270482,0.0004,0.0234,0.9936,0.1838,0.07,0.245,994.1699,stationary,67.92
270542,-0.001,0.0227,0.9938,0.2537,0.0787,0.21,994.1653,stationary,67.98
270602,-0.0012,0.0232,0.9947,0.1488,0.07,0.245,994.1709,stationary,68.04
270662,-0.0007,0.0239,0.9948,0.1575,0.0962,0.2275,994.1646,stationary,68.1
270722,-0.0016,0.0237,0.9948,0.0875,0.0962,0.245,994.1667,stationary,68.16
270782,-0.0027,0.0241,0.9941,0.2537,0.0525,0.2188,994.1638,stationary,68.22
270842,0.0005,0.0242,0.9952,0.245,0.035,0.2625,994.1653,stationary,68.28
270902,-0.0013,0.0243,0.9948,0.1575,0.1663,0.2188,994.1675,stationary,68.34
270962,-0.0007,0.0243,0.9945,0.0875,0.0787,0.2537,994.1638,stationary,68.4
271022,-0.0016,0.0234,0.9951,0.245,0.105,0.2275,994.1687,stationary,68.46
271082,-0.001,0.0239,0.9956,0.21,0.0787,0.2975,994.1604,stationary,68.52
271142,0.0,0.0237,0.9946,0.1488,0.0175,0.245,994.167,stationary,68.58
271202,-0.0016,0.0234,0.9942,0.1488,0.105,0.2537,994.1711,stationary,68.64
271262,-0.0008,0.0242,0.9924,0.1925,0.14,0.21,994.1646,stationary,68.7
271322,-0.0007,0.024,0.9934,0.0787,-0.0175,0.245,994.1628,stationary,68.76
271382,-0.0013,0.0231,0.9941,0.175,0.1225,0.21,994.1672,stationary,68.82
271442,-0.0016,0.0239,0.9953,0.1575,0.07,0.1925,994.1677,stationary,68.88
271502,-0.0019,0.0246,0.9946,0.175,0.1488,0.2537,994.1697,stationary,68.94
271562,-0.0008,0.0237,0.9952,0.1488,0.0437,0.2188,994.1672,stationary,69.0
271622,-0.0004,0.0244,0.9935,0.105,0.035,0.2887,994.1682,stationary,69.06
271682,0.0,0.0234,0.9955,0.175,0.14,0.2713,994.1692,stationary,69.12
271742,-0.0014,0.0237,0.9945,0.1838,0.0175,0.2537,994.1641,stationary,69.18
271802,-0.0017,0.0236,0.9944,0.28,0.1838,0.2275,994.1694,stationary,69.24
271862,-0.0002,0.0232,0.9957,0.2188,0.1488,0.2275,994.1643,stationary,69.3
271922,-0.001,0.0237,0.9944,0.2188,0.14,0.2362,994.1643,stationary,69.36
271982,0.0,0.023,0.9936,0.1312,0.0875,0.2537,994.1602,stationary,69.42
272042,-0.0018,0.0236,0.9955,0.175,0.0437,0.21,994.165,stationary,69.48
272102,-0.0012,0.0254,0.9941,0.245,0.1312,0.2362,994.1641,stationary,69.54
272162,-0.0001,0.0237,0.9943,0.105,0.0613,0.2975,994.1658,stationary,69.6
272222,-0.0004,0.0237,0.9943,0.1312,0.1312,0.2188,994.167,stationary,69.66
272282,-0.0002,0.0229,0.9941,0.2887,0.0437,0.1575,994.1628,stationary,69.72
272342,-0.0029,0.0234,0.997,0.0875,0.1225,0.2013,994.1641,stationary,69.78
272402,-0.0008,0.0244,0.9944,0.1663,0.1225,0.2013,994.1646,stationary,69.84
272462,-0.0002,0.0229,0.994,0.1312,0.0,0.2362,994.1675,stationary,69.9
272522,-0.0013,0.0242,0.9948,0.175,0.105,0.245,994.158,stationary,69.96
272582,-0.0001,0.0237,0.9945,0.2013,0.0962,0.2625,994.1628,stationary,70.02
272642,0.0,0.0234,0.9963,0.1488,0.035,0.2188,994.1707,stationary,70.08
272702,-0.001,0.0235,0.9953,0.1838,0.0613,0.2537,994.1667,stationary,70.14
272762,-0.0012,0.0239,0.9953,0.14,0.0262,0.2362,994.1597,stationary,70.2
272822,0.001,0.0239,0.9955,0.2362,0.07,0.2275,994.1665,stationary,70.26
272882,-0.0003,0.0248,0.9936,0.1312,0.105,0.2188,994.1738,stationary,70.32
272942,-0.0012,0.0235,0.9943,0.1838,0.035,0.245,994.165,stationary,70.38
273002,-0.001,0.0244,0.9938,0.2275,0.245,0.2713,994.1655,stationary,70.44
273062,-0.0007,0.0234,0.9955,0.1838,0.0875,0.2188,994.1609,stationary,70.5
273122,-0.0005,0.0239,0.9945,0.28,0.0875,0.2625,994.1694,stationary,70.56
273182,-0.0012,0.0242,0.995,0.2537,0.1312,0.1925,994.1658,stationary,70.62
273242,0.0002,0.0231,0.9943,0.1312,0.0262,0.1838,994.1626,stationary,70.68
273302,-0.0018,0.0247,0.9933,0.1838,0.0875,0.21,994.1646,stationary,70.74
273362,-0.0001,0.0246,0.9955,0.105,0.07,0.2362,994.1641,stationary,70.8
273422,-0.0014,0.0239,0.9953,0.245,0.0787,0.28,994.1606,stationary,70.86
273482,-0.0015,0.0224,0.9936,0.14,0.0787,0.2362,994.1628,stationary,70.92
273542,-0.0002,0.0242,0.9941,0.1663,0.1488,0.2625,994.1584,stationary,70.98
273602,-0.0002,0.0227,0.9952,0.1312,0.0613,0.245,994.1643,stationary,71.04
273662,-0.0018,0.0232,0.9958,0.105,0.0262,0.245,994.1572,stationary,71.1
273722,-0.0012,0.0237,0.9948,0.2362,0.0962,0.2188,994.158,stationary,71.16
273782,-0.0013,0.0234,0.993,0.14,0.0613,0.2362,994.1584,stationary,71.22
273842,-0.0012,0.0244,0.9955,0.0962,0.1312,0.2713,994.1641,stationary,71.28
273902,-0.001,0.0222,0.9931,0.1138,0.1225,0.2275,994.1599,stationary,71.34
273962,-0.001,0.0227,0.9946,0.1225,0.1138,0.3063,994.1638,stationary,71.4
274022,-0.0012,0.0242,0.9945,0.2188,0.0437,0.2275,994.1562,stationary,71.46
274082,-0.0001,0.0227,0.9953,0.2713,0.0262,0.21,994.1694,stationary,71.52
274142,-0.001,0.0239,0.9955,0.1488,0.14,0.2275,994.1616,stationary,71.58
274202,0.0002,0.0232,0.996,0.1138,0.105,0.2713,994.1589,stationary,71.64
274262,-0.0027,0.0254,0.9958,0.1575,0.0525,0.2275,994.1584,stationary,71.7
274322,-0.0005,0.0239,0.9945,0.2188,0.105,0.2625,994.1589,stationary,71.76
274382,0.0001,0.0249,0.9955,0.175,0.035,0.1925,994.1658,stationary,71.82
274442,-0.0007,0.0229,0.9943,0.2625,0.035,0.28,994.1553,stationary,71.88
274502,-0.001,0.0239,0.9938,0.1575,0.0787,0.21,994.1548,stationary,71.94
274562,-0.001,0.0252,0.9943,0.21,0.0525,0.2362,994.1536,stationary,72.0
274622,-0.0002,0.0237,0.9958,0.14,0.14,0.2713,994.1582,stationary,72.06
274682,-0.0005,0.0239,0.9931,0.07,0.1225,0.2362,994.1584,stationary,72.12
274742,-0.0016,0.0229,0.9936,0.1225,0.2887,0.245,994.1592,stationary,72.18
274802,-0.001,0.0232,0.9939,0.14,0.0787,0.2188,994.1587,stationary,72.24
274862,-0.0015,0.0248,0.9934,0.1225,0.0787,0.2188,994.1519,stationary,72.3
