actual,predicted
bumps,bumps
bumps,bumps
bumps,bumps
bumps,bumps
bumps,smooth_accel
bumps,bumps
bumps,bumps
bumps,bumps
bumps,bumps
bumps,bumps
bumps,bumps
bumps,bumps
bumps,smooth_decel
hard_accel,hard_accel
hard_accel,hard_accel
hard_accel,hard_accel
hard_accel,hard_accel
hard_accel,hard_accel
hard_accel,hard_accel
hard_accel,hard_accel
hard_accel,hard_accel
hard_accel,hard_accel
hard_accel,hard_accel
hard_accel,hard_accel
hard_accel,hard_accel
hard_accel,hard_accel
hard_accel,hard_accel
hard_accel,hard_accel
hard_accel,hard_accel
hard_accel,hard_accel
hard_decel,hard_decel
hard_decel,hard_decel
hard_decel,hard_decel
hard_decel,hard_decel
hard_decel,hard_decel
hard_decel,hard_decel
hard_decel,hard_decel
hard_decel,hard_decel
hard_decel,hard_decel
hard_decel,hard_decel
hard_decel,hard_decel
hard_decel,smooth_decel
hard_decel,hard_decel
hard_decel,hard_decel
hard_decel,hard_decel
hard_decel,hard_decel
left_turn,left_turn
left_turn,left_u_turn
left_turn,left_u_turn
left_turn,left_u_turn
left_turn,left_turn
left_turn,left_turn
left_turn,left_turn
left_turn,left_turn
left_turn,left_turn
left_turn,left_turn
left_turn,left_u_turn
left_turn,left_turn
left_turn,left_turn
left_turn,left_u_turn
left_turn,left_turn
left_turn,left_turn
left_turn,left_turn
left_turn,left_u_turn
left_turn,left_turn
left_turn,left_turn
left_u_turn,left_turn
left_u_turn,left_u_turn
left_u_turn,left_u_turn
left_u_turn,left_u_turn
left_u_turn,left_u_turn
left_u_turn,left_u_turn
left_u_turn,left_u_turn
left_u_turn,left_u_turn
left_u_turn,left_turn
left_u_turn,left_u_turn
left_u_turn,left_u_turn
left_u_turn,left_u_turn
left_u_turn,left_u_turn
left_u_turn,left_u_turn
left_u_turn,left_u_turn
left_u_turn,left_turn
left_u_turn,left_u_turn
left_u_turn,left_u_turn
left_u_turn,left_u_turn
left_u_turn,left_u_turn
left_u_turn,left_u_turn
left_u_turn,left_turn
left_u_turn,left_turn
left_u_turn,left_u_turn
left_u_turn,left_u_turn
left_u_turn,left_u_turn
left_u_turn,left_turn
left_u_turn,left_u_turn
left_u_turn,left_u_turn
left_u_turn,left_turn
left_u_turn,left_u_turn
left_u_turn,left_u_turn
left_u_turn,left_u_turn
left_u_turn,left_u_turn
left_u_turn,left_u_turn
left_u_turn,left_u_turn
left_u_turn,left_turn
left_u_turn,left_u_turn
left_u_turn,left_u_turn
left_u_turn,left_u_turn
left_u_turn,left_u_turn
left_u_turn,left_u_turn
left_u_turn,left_u_turn
left_u_turn,left_turn
left_u_turn,left_u_turn
left_u_turn,left_u_turn
left_u_turn,left_u_turn
left_u_turn,left_u_turn
left_u_turn,left_turn
right_turn,smooth_decel
right_turn,right_turn
right_turn,right_turn
right_turn,right_u_turn
right_turn,right_turn
right_turn,right_turn
right_turn,right_turn
right_turn,right_turn
right_turn,right_turn
right_turn,right_turn
right_turn,right_turn
right_turn,right_turn
right_turn,right_turn
right_turn,right_turn
right_turn,right_turn
right_turn,right_turn
right_turn,right_turn
right_turn,right_turn
right_turn,right_turn
right_turn,right_turn
right_turn,right_turn
right_turn,right_turn
right_turn,right_turn
right_turn,right_turn
right_turn,smooth_decel
right_turn,right_turn
right_turn,right_turn
right_turn,right_turn
right_turn,right_turn
right_turn,right_turn
right_turn,right_turn
right_turn,right_turn
right_turn,right_turn
right_turn,right_turn
right_turn,right_turn
right_turn,right_turn
right_turn,smooth_decel
right_turn,right_turn
right_turn,right_turn
right_turn,right_turn
right_turn,right_turn
right_turn,right_turn
right_turn,right_turn
right_turn,right_turn
right_turn,right_turn
right_turn,right_turn
right_turn,right_turn
right_turn,weave
right_turn,smooth_decel
right_u_turn,right_turn
right_u_turn,right_turn
right_u_turn,right_turn
right_u_turn,right_u_turn
right_u_turn,right_u_turn
right_u_turn,right_u_turn
right_u_turn,right_turn
right_u_turn,right_turn
right_u_turn,right_turn
right_u_turn,clockwise_circle
right_u_turn,right_turn
right_u_turn,right_u_turn
right_u_turn,right_u_turn
right_u_turn,right_turn
right_u_turn,right_turn
right_u_turn,right_turn
right_u_turn,right_turn
right_u_turn,clockwise_circle
right_u_turn,right_turn
right_u_turn,right_u_turn
right_u_turn,right_turn
right_u_turn,right_turn
smooth_accel,smooth_accel
smooth_accel,smooth_accel
smooth_accel,smooth_accel
smooth_accel,smooth_accel
smooth_accel,smooth_accel
smooth_accel,smooth_accel
smooth_accel,smooth_accel
smooth_accel,smooth_accel
smooth_accel,smooth_accel
smooth_accel,smooth_accel
smooth_accel,smooth_accel
smooth_accel,smooth_accel
smooth_accel,smooth_accel
smooth_accel,smooth_accel
smooth_accel,smooth_accel
smooth_accel,smooth_accel
smooth_accel,smooth_accel
smooth_accel,smooth_accel
smooth_accel,smooth_accel
smooth_accel,hard_accel
smooth_accel,smooth_accel
smooth_accel,smooth_accel
smooth_accel,smooth_accel
smooth_accel,smooth_accel
smooth_accel,smooth_accel
smooth_decel,smooth_decel
smooth_decel,smooth_decel
smooth_decel,smooth_decel
smooth_decel,smooth_decel
smooth_decel,smooth_decel
smooth_decel,smooth_decel
smooth_decel,smooth_decel
smooth_decel,smooth_decel
smooth_decel,smooth_decel
smooth_decel,smooth_decel
smooth_decel,smooth_decel
smooth_decel,smooth_decel
smooth_decel,smooth_decel
smooth_decel,smooth_decel
smooth_decel,smooth_decel
smooth_decel,smooth_decel
smooth_decel,smooth_decel
smooth_decel,smooth_decel
smooth_decel,smooth_decel
smooth_decel,smooth_decel
smooth_decel,smooth_decel
weave,smooth_accel
weave,left_turn
weave,left_turn
weave,right_turn
weave,right_turn
weave,smooth_decel
weave,left_turn
weave,weave
weave,right_turn
weave,smooth_decel
weave,left_turn
weave,right_turn
weave,weave
weave,left_turn
weave,smooth_decel
weave,right_turn
weave,left_turn
weave,left_turn
weave,smooth_decel
weave,right_turn
weave,left_turn
weave,smooth_decel
weave,right_turn
weave,smooth_decel
weave,left_turn
weave,right_turn
weave,smooth_decel
weave,smooth_decel
weave,smooth_decel
weave,right_turn
weave,right_turn
weave,weave
weave,left_turn
weave,right_turn
weave,right_turn
weave,smooth_decel
weave,left_turn
weave,right_turn
weave,right_turn
weave,smooth_decel
weave,smooth_decel
weave,right_turn
weave,smooth_decel
weave,smooth_decel
weave,left_turn
weave,right_turn
weave,smooth_decel
weave,smooth_decel
weave,smooth_decel
weave,left_u_turn
weave,smooth_decel
weave,smooth_decel
weave,left_u_turn
weave,left_u_turn
weave,smooth_decel
weave,right_turn
weave,right_turn
weave,right_turn
weave,smooth_accel
weave,left_turn
weave,right_turn
weave,smooth_decel
weave,smooth_decel
weave,smooth_decel
weave,smooth_decel
weave,right_turn
weave,left_turn
weave,left_turn
weave,right_turn
weave,right_turn
weave,smooth_decel
weave,left_turn
weave,right_turn
weave,right_turn
weave,smooth_decel
weave,smooth_decel
weave,weave
weave,right_turn
weave,smooth_decel
weave,smooth_decel
weave,right_turn
weave,right_turn
weave,smooth_decel
weave,left_turn
weave,constant_speed
weave,right_turn
weave,smooth_decel
weave,smooth_decel
weave,smooth_decel
weave,smooth_decel
weave,smooth_decel
weave,smooth_decel
weave,smooth_decel
weave,smooth_decel
weave,left_turn
clockwise_circle,smooth_accel
clockwise_circle,weave
clockwise_circle,weave
clockwise_circle,right_turn
clockwise_circle,right_turn
clockwise_circle,right_turn
clockwise_circle,right_turn
clockwise_circle,clockwise_circle
clockwise_circle,right_turn
clockwise_circle,clockwise_circle
clockwise_circle,clockwise_circle
clockwise_circle,clockwise_circle
clockwise_circle,clockwise_circle
clockwise_circle,clockwise_circle
clockwise_circle,clockwise_circle
clockwise_circle,clockwise_circle
clockwise_circle,clockwise_circle
clockwise_circle,clockwise_circle
clockwise_circle,clockwise_circle
clockwise_circle,clockwise_circle
clockwise_circle,clockwise_circle
clockwise_circle,clockwise_circle
clockwise_circle,clockwise_circle
clockwise_circle,clockwise_circle
clockwise_circle,clockwise_circle
clockwise_circle,clockwise_circle
clockwise_circle,clockwise_circle
clockwise_circle,clockwise_circle
clockwise_circle,clockwise_circle
clockwise_circle,clockwise_circle
clockwise_circle,clockwise_circle
clockwise_circle,clockwise_circle
clockwise_circle,clockwise_circle
clockwise_circle,clockwise_circle
clockwise_circle,clockwise_circle
clockwise_circle,right_turn
clockwise_circle,clockwise_circle
clockwise_circle,clockwise_circle
clockwise_circle,clockwise_circle
clockwise_circle,clockwise_circle
clockwise_circle,clockwise_circle
clockwise_circle,clockwise_circle
clockwise_circle,clockwise_circle
clockwise_circle,clockwise_circle
clockwise_circle,clockwise_circle
clockwise_circle,clockwise_circle
clockwise_circle,clockwise_circle
clockwise_circle,clockwise_circle
clockwise_circle,right_turn
ctr_clockwise_circle,smooth_accel
ctr_clockwise_circle,smooth_accel
ctr_clockwise_circle,left_turn
ctr_clockwise_circle,left_turn
ctr_clockwise_circle,left_turn
ctr_clockwise_circle,left_turn
ctr_clockwise_circle,left_turn
ctr_clockwise_circle,left_turn
ctr_clockwise_circle,left_turn
ctr_clockwise_circle,left_u_turn
ctr_clockwise_circle,left_u_turn
ctr_clockwise_circle,left_u_turn
ctr_clockwise_circle,ctr_clockwise_circle
ctr_clockwise_circle,ctr_clockwise_circle
ctr_clockwise_circle,ctr_clockwise_circle
ctr_clockwise_circle,left_u_turn
ctr_clockwise_circle,left_u_turn
ctr_clockwise_circle,ctr_clockwise_circle
ctr_clockwise_circle,left_u_turn
ctr_clockwise_circle,left_u_turn
ctr_clockwise_circle,left_u_turn
ctr_clockwise_circle,left_u_turn
ctr_clockwise_circle,left_u_turn
ctr_clockwise_circle,left_u_turn
ctr_clockwise_circle,left_u_turn
ctr_clockwise_circle,left_u_turn
ctr_clockwise_circle,ctr_clockwise_circle
ctr_clockwise_circle,ctr_clockwise_circle
ctr_clockwise_circle,ctr_clockwise_circle
ctr_clockwise_circle,ctr_clockwise_circle
ctr_clockwise_circle,ctr_clockwise_circle
ctr_clockwise_circle,ctr_clockwise_circle
ctr_clockwise_circle,ctr_clockwise_circle
ctr_clockwise_circle,ctr_clockwise_circle
ctr_clockwise_circle,ctr_clockwise_circle
ctr_clockwise_circle,ctr_clockwise_circle
ctr_clockwise_circle,ctr_clockwise_circle
ctr_clockwise_circle,ctr_clockwise_circle
ctr_clockwise_circle,ctr_clockwise_circle
ctr_clockwise_circle,ctr_clockwise_circle
ctr_clockwise_circle,ctr_clockwise_circle
ctr_clockwise_circle,left_turn
ctr_clockwise_circle,left_turn
ctr_clockwise_circle,smooth_decel
constant_speed,smooth_decel
constant_speed,smooth_accel
constant_speed,constant_speed
constant_speed,smooth_decel
constant_speed,smooth_decel
constant_speed,smooth_decel
constant_speed,smooth_accel
constant_speed,smooth_accel
constant_speed,smooth_accel
constant_speed,smooth_decel
constant_speed,constant_speed
constant_speed,smooth_decel
constant_speed,smooth_decel
constant_speed,smooth_decel
constant_speed,constant_speed
constant_speed,smooth_accel
constant_speed,smooth_decel
constant_speed,constant_speed
constant_speed,smooth_decel
constant_speed,smooth_decel
constant_speed,smooth_decel
constant_speed,smooth_decel
constant_speed,smooth_decel
constant_speed,constant_speed
constant_speed,smooth_decel
constant_speed,constant_speed
constant_speed,smooth_decel
constant_speed,smooth_decel
constant_speed,smooth_decel
constant_speed,smooth_decel
constant_speed,smooth_decel
constant_speed,constant_speed
constant_speed,smooth_decel
constant_speed,constant_speed
constant_speed,constant_speed
constant_speed,constant_speed
constant_speed,smooth_decel
constant_speed,smooth_accel
constant_speed,constant_speed
constant_speed,smooth_accel
constant_speed,hard_accel
constant_speed,smooth_decel
constant_speed,smooth_accel
constant_speed,smooth_accel
constant_speed,smooth_decel
constant_speed,smooth_decel
constant_speed,smooth_decel
constant_speed,smooth_accel
