4451,-0.0353,0.0351,0.9938,0.2275,0.0613,0.2887,stationary
4551,-0.0346,0.0341,0.9933,0.2100,0.0175,0.2275,stationary
4651,-0.0365,0.0344,0.9950,0.2100,0.0875,0.2450,stationary
4751,-0.0354,0.0351,0.9928,0.0437,0.0262,0.3150,stationary
4851,-0.0359,0.0350,0.9943,0.1663,0.0088,0.2100,stationary
4951,-0.0351,0.0354,0.9942,0.1750,0.1138,0.2713,stationary
5051,-0.0356,0.0344,0.9930,0.1400,0.0875,0.0962,stationary
5151,-0.0344,0.0346,0.9943,0.2713,0.0787,0.2188,stationary
5251,-0.0347,0.0359,0.9933,0.1575,0.0000,0.2362,stationary
5351,-0.0356,0.0342,0.9934,0.2188,0.0262,0.2188,stationary
5451,-0.0357,0.0353,0.9945,0.2275,-0.0175,0.2275,stationary
5551,-0.0367,0.0340,0.9938,0.1312,0.0175,0.1488,stationary
5651,-0.0353,0.0349,0.9941,0.1838,0.0875,0.2275,stationary
5751,-0.0351,0.0351,0.9939,0.1838,0.0613,0.2100,stationary
5851,-0.0362,0.0342,0.9944,0.2275,0.0525,0.2450,stationary
5951,-0.0354,0.0346,0.9936,0.1575,0.0787,0.2450,stationary
6051,-0.0366,0.0334,0.9946,0.2188,-0.0175,0.2975,stationary
6151,-0.0358,0.0343,0.9936,0.1575,0.0350,0.2450,stationary
6251,-0.0354,0.0336,0.9953,0.1575,0.0350,0.2625,stationary
6351,-0.0352,0.0345,0.9929,0.1925,-0.0700,0.2100,stationary
6451,-0.0359,0.0352,0.9936,0.0700,0.0262,0.2450,stationary
6551,-0.0357,0.0349,0.9943,0.2537,0.0262,0.2188,stationary
6651,-0.0346,0.0342,0.9926,0.1225,0.0525,0.2188,stationary
6751,-0.0344,0.0344,0.9926,0.1400,0.0525,0.2887,stationary
6851,-0.0356,0.0342,0.9945,0.1575,0.0962,0.1750,stationary
6951,-0.0356,0.0353,0.9934,0.1312,0.0787,0.2362,stationary
7051,-0.0356,0.0344,0.9930,0.1925,0.0700,0.2450,stationary
7151,-0.0349,0.0339,0.9933,0.2100,0.1312,0.1838,stationary
7251,-0.0353,0.0336,0.9928,0.2362,0.0175,0.2625,stationary
7351,-0.0362,0.0344,0.9931,0.1838,0.1575,0.2013,stationary
7451,-0.0368,0.0330,0.9945,0.1663,0.0613,0.2800,stationary
7551,-0.0354,0.0320,0.9939,0.1575,0.0875,0.2188,stationary
7651,-0.0359,0.0344,0.9934,0.0962,0.0262,0.2100,stationary
7751,-0.0346,0.0335,0.9943,0.2013,0.0437,0.2450,stationary
7851,-0.0348,0.0334,0.9945,0.0700,0.0525,0.3413,stationary
7951,-0.0351,0.0346,0.9938,0.1663,0.0700,0.2013,stationary
8051,-0.0359,0.0350,0.9936,0.2100,0.0525,0.2537,stationary
8151,-0.0358,0.0342,0.9947,0.1925,0.1312,0.2537,stationary
8251,-0.0347,0.0329,0.9955,0.2100,0.1050,0.2625,stationary
8351,-0.0361,0.0341,0.9944,0.2713,0.0787,0.2275,stationary
8451,-0.0368,0.0334,0.9947,0.1575,0.0962,0.1488,stationary
8551,-0.0361,0.0345,0.9939,0.1050,-0.0088,0.1925,stationary
8651,-0.0356,0.0346,0.9945,0.2275,0.0175,0.2013,stationary
8751,-0.0352,0.0339,0.9948,0.0525,0.0262,0.2537,stationary
8851,-0.0342,0.0346,0.9955,0.0875,0.0700,0.1838,stationary
8951,-0.0359,0.0337,0.9928,0.1575,0.1400,0.2188,stationary
9051,-0.0342,0.0344,0.9917,0.1750,-0.0088,0.2713,stationary
9151,-0.0349,0.0346,0.9936,0.2537,0.0350,0.2450,stationary
9251,-0.0364,0.0352,0.9933,0.1838,0.0875,0.2975,stationary
9351,-0.0356,0.0329,0.9948,0.1225,0.0262,0.2975,stationary
9451,-0.0362,0.0348,0.9945,0.1663,0.1225,0.2362,stationary
9551,-0.0346,0.0342,0.9933,0.1400,0.0525,0.2100,stationary
9651,-0.0346,0.0332,0.9939,0.1750,0.1138,0.2100,stationary
9751,-0.0364,0.0350,0.9931,0.2013,0.0000,0.2013,stationary
9851,-0.0354,0.0343,0.9944,0.2275,0.0350,0.2713,stationary
9951,-0.0359,0.0352,0.9938,0.1575,0.0525,0.2188,stationary
10051,-0.0342,0.0340,0.9946,0.2537,0.1400,0.2625,stationary
10151,-0.0356,0.0346,0.9950,0.1663,0.0350,0.2275,stationary
10251,-0.0353,0.0354,0.9942,0.2100,-0.0437,0.2188,stationary
10351,-0.0346,0.0353,0.9943,0.1225,-0.0175,0.2275,stationary
10451,-0.0356,0.0342,0.9939,0.2450,0.0350,0.2362,stationary
10551,-0.0351,0.0352,0.9944,0.1225,0.1138,0.2013,stationary
10651,-0.0356,0.0351,0.9943,0.2013,0.1225,0.2450,stationary
10751,-0.0346,0.0356,0.9941,0.1488,0.0613,0.2625,stationary
10851,-0.0350,0.0342,0.9943,0.2100,0.0437,0.2188,stationary
10951,-0.0361,0.0340,0.9950,0.1838,0.1138,0.2537,stationary
11051,-0.0351,0.0342,0.9926,0.1400,0.0787,0.2013,stationary
11151,-0.0362,0.0346,0.9931,0.1400,0.0613,0.2537,stationary
11251,-0.0351,0.0346,0.9936,0.2013,0.0000,0.2188,stationary
11351,-0.0346,0.0331,0.9953,0.1838,0.0350,0.2625,stationary
11451,-0.0358,0.0337,0.9953,0.2188,0.0350,0.3063,stationary
11551,-0.0366,0.0342,0.9936,0.2275,0.0875,0.2625,stationary
11651,-0.0348,0.0352,0.9934,0.1138,0.0700,0.2100,stationary
11751,-0.0356,0.0345,0.9941,0.2188,0.0437,0.2450,stationary
11851,-0.0358,0.0340,0.9940,0.1838,0.1575,0.2100,stationary
11951,-0.0353,0.0332,0.9929,0.1750,0.1050,0.2188,stationary
12051,-0.0357,0.0347,0.9935,0.1925,0.0350,0.2188,stationary
12151,-0.0343,0.0349,0.9945,0.2275,0.1312,0.1925,stationary
12251,-0.0349,0.0346,0.9945,0.1488,0.0000,0.2975,stationary
12351,-0.0361,0.0334,0.9943,0.2013,0.0437,0.2537,stationary
12451,-0.0358,0.0340,0.9936,0.1138,0.1750,0.2013,stationary
12551,-0.0353,0.0344,0.9940,0.1575,0.0700,0.2362,stationary
12651,-0.0342,0.0337,0.9943,0.1925,0.1488,0.2800,stationary
12751,-0.0348,0.0332,0.9950,0.1663,0.0350,0.2450,stationary
12851,-0.0351,0.0348,0.9919,0.0700,0.0875,0.2362,stationary
12951,-0.0367,0.0336,0.9948,0.1400,0.0350,0.2188,stationary
13051,-0.0348,0.0337,0.9950,0.2013,0.1050,0.2188,stationary
13151,-0.0347,0.0337,0.9933,0.1750,0.0613,0.2537,stationary
13251,-0.0345,0.0346,0.9942,0.2362,0.1050,0.1925,stationary
13351,-0.0352,0.0341,0.9931,0.0962,0.0350,0.2275,stationary
13451,-0.0353,0.0344,0.9948,0.0875,0.0613,0.2362,stationary
13551,-0.0357,0.0350,0.9936,0.2450,0.0175,0.2013,stationary
13651,-0.0363,0.0345,0.9936,0.1925,0.0350,0.2713,stationary
13751,-0.0356,0.0339,0.9928,0.1838,0.0700,0.2625,stationary
13851,-0.0354,0.0348,0.9948,0.1225,0.1138,0.2537,stationary
13951,-0.0345,0.0351,0.9948,0.2275,-0.0437,0.2013,stationary
14051,-0.0364,0.0331,0.9944,0.1838,0.0525,0.2188,stationary
14151,-0.0357,0.0344,0.9951,0.2013,0.0962,0.2013,stationary
14251,-0.0368,0.0330,0.9946,0.2100,-0.0088,0.3237,stationary
14351,-0.0352,0.0342,0.9926,0.2100,0.0525,0.1925,stationary
14451,-0.0361,0.0335,0.9944,0.1750,0.0437,0.2800,stationary
14551,-0.0364,0.0344,0.9933,0.1400,0.0787,0.2800,stationary
14651,-0.0359,0.0341,0.9940,0.0962,-0.0350,0.1838,stationary
14751,-0.0359,0.0348,0.9933,0.2013,0.0262,0.2013,stationary
14851,-0.0354,0.0342,0.9939,0.1575,0.1050,0.2537,stationary
14951,-0.0359,0.0342,0.9928,0.2013,0.0525,0.2275,stationary
15051,-0.0359,0.0351,0.9930,0.1925,0.0525,0.2887,stationary
15151,-0.0344,0.0337,0.9944,0.1663,0.0613,0.1838,stationary
15251,-0.0349,0.0346,0.9950,0.2188,0.0700,0.2362,stationary
15351,-0.0371,0.0349,0.9947,0.2275,0.0088,0.2975,stationary
15451,-0.0358,0.0329,0.9935,0.2100,0.0088,0.2537,stationary
15551,-0.0354,0.0344,0.9936,0.2100,-0.0088,0.2188,stationary
15651,-0.0359,0.0332,0.9941,0.1138,0.0175,0.2537,stationary
15751,-0.0350,0.0346,0.9938,0.1925,0.0787,0.2100,stationary
15851,-0.0356,0.0328,0.9945,0.1838,-0.0175,0.2362,stationary
15951,-0.0351,0.0335,0.9942,0.2537,0.0088,0.2188,stationary
16051,-0.0354,0.0339,0.9935,0.1575,0.0875,0.2713,stationary
16151,-0.0334,0.0332,0.9947,0.2188,0.0875,0.2362,stationary
16251,-0.0342,0.0356,0.9931,0.1400,-0.0175,0.2975,stationary
16351,-0.0352,0.0337,0.9946,0.1488,0.0088,0.2362,stationary
16451,-0.0359,0.0346,0.9936,0.1575,0.0088,0.2362,stationary
16551,-0.0361,0.0342,0.9931,0.1400,0.0175,0.2275,stationary
16651,-0.0359,0.0344,0.9947,0.0962,0.0613,0.2100,stationary
16751,-0.0349,0.0336,0.9952,0.1838,0.0613,0.2713,stationary
16851,-0.0351,0.0347,0.9926,0.1575,0.0787,0.2537,stationary
16951,-0.0354,0.0341,0.9931,0.2188,0.0525,0.2275,stationary
17051,-0.0346,0.0357,0.9950,0.1838,-0.0088,0.2013,stationary
17151,-0.0356,0.0337,0.9935,0.2100,0.0262,0.2188,stationary
17251,-0.0361,0.0344,0.9938,0.2013,0.0088,0.2450,stationary
17351,-0.0354,0.0349,0.9933,0.1400,0.0350,0.2188,stationary
17451,-0.0365,0.0334,0.9936,0.2013,0.0437,0.2275,stationary
17551,-0.0356,0.0334,0.9941,0.1575,-0.0088,0.2362,stationary
17651,-0.0359,0.0344,0.9935,0.1225,0.1050,0.2362,stationary
17751,-0.0361,0.0345,0.9942,0.1750,0.0525,0.2188,stationary
17851,-0.0356,0.0336,0.9936,0.1663,0.1312,0.2013,stationary
17951,-0.0354,0.0351,0.9941,0.1400,0.1225,0.2188,stationary
18051,-0.0362,0.0344,0.9941,0.1750,-0.0437,0.2450,stationary
18151,-0.0356,0.0354,0.9928,0.1575,0.0525,0.2887,stationary
18251,-0.0357,0.0339,0.9948,0.1925,0.0350,0.2625,stationary
18351,-0.0352,0.0345,0.9943,0.2450,-0.0525,0.2450,stationary
18451,-0.0364,0.0334,0.9933,0.1400,0.1138,0.2275,stationary
18551,-0.0356,0.0346,0.9931,0.1838,0.0350,0.1663,stationary
18651,-0.0359,0.0336,0.9945,0.2013,0.0437,0.2013,stationary
18751,-0.0354,0.0346,0.9933,0.1575,0.0000,0.1925,stationary
18851,-0.0354,0.0329,0.9941,0.2100,0.1225,0.1663,stationary
18951,-0.0348,0.0349,0.9941,0.1312,0.0525,0.2188,stationary
19051,-0.0351,0.0320,0.9938,0.2013,0.1663,0.2713,stationary
19151,-0.0361,0.0344,0.9946,0.2100,-0.0175,0.2275,stationary
19251,-0.0364,0.0346,0.9933,0.1225,0.0613,0.2800,stationary
19351,-0.0344,0.0349,0.9936,0.0875,0.0262,0.2625,stationary
19451,-0.0351,0.0342,0.9933,0.1488,0.1225,0.2100,stationary
19551,-0.0361,0.0342,0.9940,0.1138,0.0350,0.2625,stationary
19651,-0.0348,0.0336,0.9953,0.0875,0.1138,0.2188,stationary
19751,-0.0357,0.0339,0.9922,0.2362,0.0700,0.2275,stationary
19851,-0.0361,0.0340,0.9948,0.0875,-0.0262,0.1925,stationary
19951,-0.0353,0.0339,0.9944,0.1925,0.0262,0.2450,stationary
20051,-0.0359,0.0348,0.9948,0.2625,0.1663,0.1925,stationary
20151,-0.0351,0.0335,0.9936,0.2100,0.1138,0.2625,stationary
20251,-0.0354,0.0334,0.9957,0.0962,0.0875,0.2100,stationary
20351,-0.0364,0.0339,0.9943,0.2800,0.1400,0.2450,stationary
20451,-0.0363,0.0334,0.9928,0.1925,0.1225,0.1838,stationary
20551,-0.0354,0.0343,0.9941,0.2537,0.0613,0.1838,stationary
20651,-0.0362,0.0334,0.9931,0.2362,0.0875,0.1575,stationary
20751,-0.0350,0.0348,0.9935,0.1925,0.0875,0.2100,stationary
20851,-0.0352,0.0344,0.9945,0.0787,0.0262,0.2625,stationary
20951,-0.0359,0.0349,0.9955,0.1925,0.0000,0.2800,stationary
21051,-0.0349,0.0351,0.9948,0.1838,0.1488,0.2713,stationary
21151,-0.0342,0.0347,0.9957,0.2188,0.1400,0.2625,stationary
21251,-0.0342,0.0339,0.9953,0.1400,0.0525,0.2537,stationary
21351,-0.0354,0.0337,0.9940,0.1225,0.1138,0.2188,stationary
21451,-0.0347,0.0335,0.9933,0.1138,0.1050,0.2713,stationary
21551,-0.0341,0.0340,0.9942,0.1925,-0.0175,0.2362,stationary
21651,-0.0354,0.0332,0.9939,0.1663,0.0175,0.2100,stationary
21751,-0.0367,0.0342,0.9946,0.2275,0.1050,0.2625,stationary
21851,-0.0361,0.0348,0.9928,0.1488,0.0437,0.2537,stationary
21951,-0.0354,0.0332,0.9944,0.0787,0.0437,0.2625,stationary
22051,-0.0354,0.0347,0.9933,0.0962,0.0613,0.2013,stationary
22151,-0.0358,0.0342,0.9931,0.1400,0.0787,0.2275,stationary
22251,-0.0361,0.0346,0.9924,0.1838,0.1488,0.3150,stationary
22351,-0.0354,0.0349,0.9933,0.2100,0.0962,0.2975,stationary
22451,-0.0350,0.0351,0.9945,0.1925,0.0875,0.2275,stationary
22551,-0.0359,0.0345,0.9958,0.1488,0.0175,0.1663,stationary
22651,-0.0346,0.0332,0.9945,0.3063,0.0262,0.2013,stationary
22751,-0.0357,0.0344,0.9934,0.1663,0.0175,0.2713,stationary
22851,-0.0357,0.0334,0.9919,0.1312,0.1050,0.2887,stationary
22951,-0.0356,0.0337,0.9945,0.1750,0.0175,0.2362,stationary
23051,-0.0366,0.0343,0.9911,0.0787,-0.0350,0.2450,stationary
23151,-0.0359,0.0324,0.9923,0.1925,0.0525,0.2188,stationary
23251,-0.0364,0.0329,0.9951,0.1488,0.0437,0.2537,stationary
23351,-0.0353,0.0339,0.9943,0.1400,0.0700,0.2188,stationary
23451,-0.0364,0.0348,0.9944,0.2625,0.0262,0.2975,stationary
23551,-0.0356,0.0331,0.9943,0.0613,0.0350,0.2275,stationary
23651,-0.0337,0.0339,0.9923,0.2537,0.1750,0.2275,stationary
23751,-0.0358,0.0339,0.9948,0.1050,0.0613,0.2625,stationary
23851,-0.0351,0.0337,0.9940,0.1575,0.0875,0.2450,stationary
23951,-0.0364,0.0346,0.9938,0.1750,-0.0175,0.2362,stationary
24051,-0.0354,0.0342,0.9921,0.1400,0.0000,0.3237,stationary
24151,-0.0361,0.0346,0.9924,0.3325,0.1050,0.1663,stationary
24251,-0.0354,0.0337,0.9917,0.2275,-0.0175,0.2625,stationary
24351,-0.0351,0.0337,0.9931,0.1663,0.1575,0.2275,stationary
24451,-0.0359,0.0334,0.9931,0.1488,0.0262,0.2450,stationary
24551,-0.0354,0.0334,0.9938,0.2188,0.0787,0.2362,stationary
24651,-0.0368,0.0354,0.9942,0.1488,0.0175,0.2013,stationary
24751,-0.0359,0.0339,0.9934,0.0962,-0.0437,0.2625,stationary
24851,-0.0361,0.0350,0.9948,0.1838,0.0875,0.2275,stationary
24951,-0.0353,0.0342,0.9933,0.1488,0.0088,0.2537,stationary
25051,-0.0356,0.0339,0.9945,0.2188,0.0875,0.1838,stationary
25151,-0.0353,0.0337,0.9953,0.1488,0.0350,0.2450,stationary
25251,-0.0354,0.0343,0.9941,0.1138,0.0962,0.2362,stationary
25351,-0.0354,0.0335,0.9929,0.1225,0.0262,0.2713,stationary
25451,-0.0352,0.0327,0.9941,0.0700,0.0437,0.2537,stationary
25551,-0.0364,0.0349,0.9938,0.2275,-0.0088,0.2013,stationary
25651,-0.0346,0.0346,0.9950,0.1575,0.0175,0.2188,stationary
25751,-0.0353,0.0344,0.9931,0.1312,0.0613,0.2625,stationary
25851,-0.0354,0.0352,0.9952,0.0875,0.0525,0.2275,stationary
25951,-0.0349,0.0332,0.9955,0.0875,0.0262,0.2362,stationary
26051,-0.0368,0.0332,0.9945,0.1050,-0.0088,0.3063,stationary
26151,-0.0357,0.0334,0.9936,0.1838,0.0525,0.2625,stationary
26251,-0.0356,0.0357,0.9938,0.2625,0.0525,0.2188,stationary
26351,-0.0356,0.0344,0.9938,0.2100,0.1050,0.2800,stationary
26451,-0.0351,0.0339,0.9931,0.2537,0.1400,0.2100,stationary
26551,-0.0351,0.0337,0.9953,0.1925,0.0875,0.2188,stationary
26651,-0.0346,0.0344,0.9936,0.1312,0.0525,0.2713,stationary
26751,-0.0359,0.0349,0.9938,0.2450,0.0437,0.2362,stationary
26851,-0.0349,0.0342,0.9945,0.0525,0.0088,0.2362,stationary
26951,-0.0361,0.0336,0.9951,0.1838,0.0613,0.2362,stationary
27051,-0.0358,0.0337,0.9936,0.1925,0.0525,0.2713,stationary
27151,-0.0364,0.0358,0.9938,0.1138,0.0000,0.2362,stationary
27251,-0.0363,0.0348,0.9940,0.2100,0.0088,0.2362,stationary
27351,-0.0363,0.0341,0.9953,0.1400,0.0175,0.2013,stationary
27451,-0.0351,0.0339,0.9940,0.0962,0.0613,0.2537,stationary
27551,-0.0346,0.0346,0.9942,0.1050,0.0437,0.2188,stationary
27651,-0.0365,0.0349,0.9938,0.2188,0.0437,0.2625,stationary
27751,-0.0366,0.0358,0.9950,0.2362,0.0613,0.2013,stationary
27851,-0.0356,0.0350,0.9940,0.2013,0.0525,0.2625,stationary
27951,-0.0344,0.0334,0.9957,0.1663,0.0175,0.2537,stationary
28051,-0.0354,0.0354,0.9945,0.1312,0.0525,0.1750,stationary
28151,-0.0353,0.0340,0.9943,0.2013,0.0262,0.2975,stationary
28251,-0.0354,0.0337,0.9928,0.1575,0.1750,0.2362,stationary
28351,-0.0359,0.0337,0.9929,0.1225,-0.0525,0.2275,stationary
28451,-0.0347,0.0346,0.9928,0.1663,0.0525,0.2362,stationary
28551,-0.0368,0.0342,0.9929,0.1663,0.0437,0.2362,stationary
28651,-0.0349,0.0343,0.9950,0.2100,0.0088,0.2450,stationary
28751,-0.0349,0.0346,0.9933,0.2100,0.0787,0.2450,stationary
28851,-0.0352,0.0349,0.9944,0.1488,0.0525,0.2713,stationary
28951,-0.0351,0.0342,0.9936,0.1925,-0.0175,0.2188,stationary
29051,-0.0351,0.0352,0.9928,0.2800,0.1663,0.1750,stationary
29151,-0.0349,0.0342,0.9928,0.2100,0.0700,0.3413,stationary
29251,-0.0364,0.0350,0.9938,0.1225,0.0700,0.2100,stationary
29351,-0.0350,0.0343,0.9951,0.0262,0.2188,0.2450,stationary
29451,-0.0344,0.0337,0.9946,0.1400,0.1050,0.2100,stationary
29551,-0.0351,0.0347,0.9929,0.2100,0.0525,0.1750,stationary
29651,-0.0361,0.0339,0.9931,0.1225,0.0350,0.1838,stationary
29751,-0.0354,0.0339,0.9946,0.1488,0.1138,0.1750,stationary
29851,-0.0356,0.0334,0.9936,0.2275,0.1225,0.2188,stationary
29951,-0.0363,0.0335,0.9931,0.1488,0.0962,0.1575,stationary
30051,-0.0356,0.0323,0.9926,0.1138,0.0525,0.1750,stationary
30151,-0.0361,0.0332,0.9933,0.1575,0.0175,0.2625,stationary
30251,-0.0349,0.0350,0.9948,0.2100,0.0088,0.2275,stationary
30351,-0.0347,0.0335,0.9934,0.1312,0.0525,0.2537,stationary
30451,-0.0352,0.0347,0.9933,0.2450,0.0000,0.2450,stationary
30551,-0.0347,0.0337,0.9919,0.1750,0.0962,0.2625,stationary
30651,-0.0356,0.0340,0.9955,0.1838,0.0350,0.1925,stationary
30751,-0.0356,0.0346,0.9926,0.2362,0.0875,0.2713,stationary
30851,-0.0348,0.0339,0.9933,0.1488,0.0437,0.2188,stationary
30951,-0.0359,0.0336,0.9935,0.1925,0.0962,0.2013,stationary
31051,-0.0344,0.0344,0.9927,0.1050,0.0613,0.2450,stationary
31151,-0.0364,0.0337,0.9953,0.1663,0.0613,0.1925,stationary
31251,-0.0359,0.0354,0.9945,0.2188,0.1400,0.2450,stationary
31351,-0.0348,0.0342,0.9931,0.1400,0.0700,0.2537,stationary
31451,-0.0351,0.0342,0.9945,0.0787,0.1488,0.2013,stationary
31551,-0.0339,0.0345,0.9939,0.1750,0.0350,0.2537,stationary
31651,-0.0340,0.0329,0.9940,0.0875,-0.0175,0.2275,stationary
31751,-0.0365,0.0337,0.9941,0.1750,0.1488,0.1312,stationary
31851,-0.0361,0.0344,0.9938,0.1838,0.0700,0.2713,stationary
31951,-0.0347,0.0341,0.9953,0.1575,0.1488,0.2275,stationary
32051,-0.0334,0.0350,0.9948,0.1488,0.0962,0.2100,stationary
32151,-0.0363,0.0341,0.9919,0.1050,0.0088,0.2450,stationary
32251,-0.0349,0.0346,0.9945,0.1400,-0.0088,0.2013,stationary
32351,-0.0354,0.0348,0.9947,0.0962,-0.0262,0.1838,stationary
32451,-0.0354,0.0344,0.9916,0.1663,0.0525,0.2887,stationary
32551,-0.0366,0.0345,0.9947,0.1838,0.0088,0.2450,stationary
32651,-0.0346,0.0340,0.9934,0.2013,0.0613,0.2800,stationary
32751,-0.0354,0.0332,0.9938,0.2013,0.0700,0.2450,stationary
32851,-0.0364,0.0331,0.9939,0.1400,0.0175,0.3325,stationary
32951,-0.0359,0.0346,0.9919,0.0962,0.1138,0.2275,stationary
33051,-0.0354,0.0344,0.9945,0.2100,0.0962,0.2100,stationary
33151,-0.0346,0.0332,0.9935,0.1050,0.0700,0.2275,stationary
33251,-0.0359,0.0339,0.9934,0.1400,0.1138,0.2713,stationary
33351,-0.0350,0.0337,0.9938,0.1488,-0.0088,0.1925,stationary
33451,-0.0363,0.0345,0.9938,0.1488,0.0700,0.2362,stationary
33551,-0.0359,0.0345,0.9938,0.2100,0.1050,0.2275,stationary
33651,-0.0358,0.0346,0.9945,0.1400,0.0700,0.2013,stationary
33751,-0.0351,0.0337,0.9938,0.2450,0.0437,0.2537,stationary
33851,-0.0346,0.0336,0.9948,0.1925,0.0175,0.2188,stationary
33951,-0.0358,0.0345,0.9930,0.0787,-0.0175,0.2275,stationary
34051,-0.0346,0.0342,0.9928,0.1400,-0.0175,0.2013,stationary
34151,-0.0362,0.0334,0.9924,0.1925,0.0437,0.1838,stationary
34251,-0.0353,0.0343,0.9946,0.1575,-0.0262,0.2362,stationary
34351,-0.0356,0.0337,0.9943,0.1138,0.0962,0.2100,stationary
34451,-0.0356,0.0337,0.9941,0.1312,-0.0088,0.1575,stationary
34551,-0.0359,0.0336,0.9945,0.2713,0.0437,0.2800,stationary
34651,-0.0348,0.0356,0.9942,0.1312,0.1488,0.2013,stationary
34751,-0.0335,0.0332,0.9948,0.1488,0.1050,0.2800,stationary
34851,-0.0342,0.0337,0.9944,0.1663,0.0088,0.2887,stationary
34951,-0.0351,0.0342,0.9933,0.1400,0.0962,0.2450,stationary
35051,-0.0354,0.0353,0.9933,0.2100,-0.0613,0.2013,stationary
35151,-0.0349,0.0342,0.9943,0.0962,0.0175,0.2450,stationary
35251,-0.0361,0.0351,0.9941,0.1050,0.0525,0.2188,stationary
35351,-0.0361,0.0342,0.9935,0.1575,0.1575,0.2625,stationary
35451,-0.0368,0.0335,0.9934,0.2275,-0.1138,0.2713,stationary
35551,-0.0344,0.0344,0.9946,0.1750,0.0000,0.2450,stationary
35651,-0.0349,0.0345,0.9941,0.2188,0.0175,0.2188,stationary
35751,-0.0364,0.0351,0.9928,0.2188,0.1400,0.2537,stationary
35851,-0.0354,0.0344,0.9945,0.0525,0.0700,0.1575,stationary
35951,-0.0364,0.0349,0.9928,0.1750,0.0175,0.2537,stationary
36051,-0.0349,0.0353,0.9945,0.1225,0.0962,0.3237,stationary
36151,-0.0346,0.0350,0.9950,0.3500,0.0437,0.2713,stationary
36251,-0.0344,0.0351,0.9933,0.2537,0.0962,0.2625,stationary
36351,-0.0351,0.0344,0.9947,0.1575,0.0088,0.1925,stationary
36451,-0.0344,0.0344,0.9948,0.2450,-0.0437,0.2362,stationary
36551,-0.0356,0.0342,0.9943,0.1050,0.0175,0.2100,stationary
36651,-0.0361,0.0342,0.9933,0.1663,0.0875,0.2362,stationary
36751,-0.0363,0.0344,0.9942,0.1575,0.1050,0.1838,stationary
36851,-0.0356,0.0345,0.9938,0.1312,-0.0175,0.2537,stationary
36951,-0.0351,0.0342,0.9947,0.2625,0.0525,0.2450,stationary
37051,-0.0351,0.0340,0.9926,0.1663,0.0962,0.1750,stationary
37151,-0.0347,0.0342,0.9936,0.2100,0.0525,0.2713,stationary
37251,-0.0353,0.0353,0.9945,0.1225,0.0613,0.2275,stationary
37351,-0.0350,0.0335,0.9942,0.1312,0.0962,0.1925,stationary
37451,-0.0346,0.0337,0.9953,0.1663,0.0000,0.2100,stationary
37551,-0.0354,0.0335,0.9933,0.2625,0.1312,0.1663,stationary
37651,-0.0350,0.0332,0.9936,0.1925,0.0437,0.2188,stationary
37751,-0.0356,0.0334,0.9939,0.0787,0.0088,0.2450,stationary
37851,-0.0344,0.0346,0.9929,0.2537,0.1225,0.2362,stationary
37951,-0.0361,0.0339,0.9923,0.2013,0.0962,0.2362,stationary
38051,-0.0356,0.0339,0.9933,0.2100,0.0787,0.2450,stationary
38151,-0.0352,0.0332,0.9948,0.2362,0.1050,0.2188,stationary
38251,-0.0351,0.0346,0.9933,0.2275,0.0175,0.2450,stationary
38351,-0.0352,0.0337,0.9948,0.1138,0.0350,0.2537,stationary
38451,-0.0351,0.0335,0.9947,0.1575,0.0613,0.2013,stationary
38551,-0.0349,0.0352,0.9936,0.1400,0.0962,0.2887,stationary
38651,-0.0364,0.0334,0.9935,0.2450,0.0700,0.2713,stationary
38751,-0.0350,0.0345,0.9931,0.1663,-0.0262,0.2100,stationary
38851,-0.0350,0.0345,0.9928,0.0525,0.0000,0.2450,stationary
38951,-0.0356,0.0334,0.9944,0.1400,0.0613,0.2100,stationary
39051,-0.0354,0.0342,0.9933,0.1750,-0.0262,0.2275,stationary
39151,-0.0351,0.0345,0.9950,0.1575,0.1050,0.1925,stationary
39251,-0.0365,0.0334,0.9922,0.1925,0.0262,0.2450,stationary
39351,-0.0356,0.0346,0.9936,0.1488,0.0350,0.2537,stationary
39451,-0.0354,0.0334,0.9944,0.2188,0.1663,0.2362,stationary
39551,-0.0347,0.0336,0.9933,0.1750,-0.0088,0.1925,stationary
39651,-0.0356,0.0332,0.9917,0.1400,0.0700,0.2625,stationary
39751,-0.0364,0.0334,0.9948,0.2275,0.0000,0.2713,stationary
39851,-0.0350,0.0339,0.9939,0.2537,0.1400,0.2275,stationary
39951,-0.0349,0.0342,0.9943,0.2537,0.0787,0.2800,stationary
40051,-0.0349,0.0336,0.9938,0.1838,0.1050,0.1925,stationary
40151,-0.0342,0.0344,0.9946,0.2275,0.1750,0.2100,stationary
40251,-0.0367,0.0351,0.9939,0.1575,0.0700,0.2188,stationary
40351,-0.0352,0.0339,0.9953,0.1488,0.1225,0.2975,stationary
40451,-0.0358,0.0348,0.9942,0.2188,0.1225,0.2188,stationary
40551,-0.0348,0.0334,0.9919,0.2013,0.0962,0.2275,stationary
40651,-0.0346,0.0339,0.9923,0.0962,0.0088,0.2362,stationary
40751,-0.0348,0.0346,0.9941,0.2013,0.0700,0.2362,stationary
40851,-0.0350,0.0347,0.9926,0.1750,0.0000,0.2713,stationary
40951,-0.0346,0.0346,0.9951,0.0700,0.1138,0.1838,stationary
41051,-0.0362,0.0343,0.9926,0.0875,-0.0613,0.2450,stationary
41151,-0.0346,0.0337,0.9934,0.2013,-0.0350,0.2625,stationary
41251,-0.0368,0.0332,0.9936,0.1925,0.0700,0.2450,stationary
41351,-0.0350,0.0334,0.9941,0.2013,0.0875,0.2887,stationary
41451,-0.0361,0.0342,0.9935,0.1575,0.0175,0.2013,stationary
41551,-0.0345,0.0339,0.9943,0.1050,0.0437,0.2625,stationary
41651,-0.0351,0.0335,0.9936,0.2013,0.0700,0.2188,stationary
41751,-0.0342,0.0337,0.9948,0.0962,0.0787,0.2625,stationary
41851,-0.0349,0.0337,0.9936,0.1138,0.0175,0.2450,stationary
41951,-0.0344,0.0351,0.9933,0.2188,0.0437,0.2713,stationary
42051,-0.0356,0.0349,0.9943,0.2188,0.0962,0.1925,stationary
42151,-0.0351,0.0331,0.9931,0.0613,0.0350,0.1838,stationary
42251,-0.0357,0.0345,0.9933,0.1838,0.0962,0.2887,stationary
42351,-0.0357,0.0349,0.9936,0.2537,0.0437,0.2013,stationary
42451,-0.0356,0.0347,0.9944,0.2188,0.0700,0.2362,stationary
42551,-0.0359,0.0336,0.9925,0.1575,0.0088,0.2537,stationary
42651,-0.0356,0.0350,0.9962,0.2188,0.0437,0.2450,stationary
42751,-0.0352,0.0346,0.9945,0.2013,0.1138,0.2625,stationary
42851,-0.0345,0.0354,0.9931,0.1400,0.0350,0.2100,stationary
42951,-0.0351,0.0329,0.9931,0.1663,0.0787,0.2362,stationary
43051,-0.0362,0.0336,0.9933,0.1575,0.0525,0.3063,stationary
43151,-0.0359,0.0346,0.9921,0.2188,-0.0350,0.2537,stationary
43251,-0.0346,0.0341,0.9941,0.1838,-0.0262,0.2188,stationary
43351,-0.0349,0.0340,0.9931,0.1838,0.0262,0.2887,stationary
43451,-0.0362,0.0345,0.9933,0.2100,0.0262,0.2362,stationary
