timestamp,a_x,a_y,a_z,dps_x,dps_y,dps_z,pressure,target
938342,0.0102,0.0115,0.9944,0.2275,0.1925,0.1925,1001.3916,hard_accel_decel
938402,0.0109,0.0102,0.9941,0.1838,0.0875,0.2100,1001.3972,hard_accel_decel
938462,0.0103,0.0110,0.9951,0.3063,0.0875,0.2362,1001.4065,hard_accel_decel
938522,0.0070,0.0066,1.0011,0.0525,0.1312,0.2975,1001.3806,hard_accel_decel
938582,0.0080,0.0196,1.0114,0.3762,0.2887,0.2450,1001.3872,hard_accel_decel
938642,0.0132,0.0182,0.9970,0.2713,0.4900,0.2188,1001.4026,hard_accel_decel
938702,0.0037,0.0102,0.9921,0.0962,0.1838,0.2100,1001.3984,hard_accel_decel
938762,0.0083,0.0118,0.9903,0.2100,-0.0437,0.2100,1001.3926,hard_accel_decel
938822,0.0075,0.0081,0.9922,0.1488,0.1750,0.2188,1001.3872,hard_accel_decel
938882,0.0093,0.0121,0.9950,0.1312,-0.0088,0.2975,1001.3982,hard_accel_decel
938942,0.0127,0.0102,0.9985,0.2537,0.1225,0.2275,1001.3911,hard_accel_decel
939002,0.0102,0.0124,0.9965,0.2713,0.0525,0.2362,1001.4045,hard_accel_decel
939062,0.0084,0.0113,0.9947,0.2013,0.1312,0.2887,1001.3938,hard_accel_decel
939122,0.0098,0.0112,0.9938,0.2713,0.1838,0.2450,1001.3923,hard_accel_decel
939182,0.0097,0.0096,0.9953,0.1663,0.0875,0.2188,1001.3982,hard_accel_decel
939242,0.0103,0.0117,0.9959,0.1663,0.1663,0.2362,1001.3972,hard_accel_decel
939302,0.0027,0.0085,0.9855,0.1050,-0.0700,0.1925,1001.3796,hard_accel_decel
939362,0.0088,0.0118,0.9931,0.2362,0.0613,0.2800,1001.3950,hard_accel_decel
939422,0.0095,0.0097,0.9943,0.1838,0.2275,0.1925,1001.3914,hard_accel_decel
939482,0.0056,0.0112,0.9958,0.2362,0.1663,0.2362,1001.4092,hard_accel_decel
939542,0.0117,0.0110,0.9923,0.2100,0.1400,0.2713,1001.3916,hard_accel_decel
939602,-0.0154,0.0077,0.9916,0.0787,0.3237,0.1925,1001.4016,hard_accel_decel
939662,-0.0400,0.0025,0.9941,0.1838,0.5775,0.2013,1001.3870,hard_accel_decel
939722,-0.0870,0.0137,0.9884,0.2537,0.7962,0.2188,1001.3843,hard_accel_decel
939782,-0.1308,-0.0056,0.9905,0.0875,1.2775,0.2887,1001.4053,hard_accel_decel
939842,-0.1935,0.0005,1.0022,0.1312,1.9688,0.2275,1001.3911,hard_accel_decel
939902,-0.2039,0.0038,0.9986,-0.0962,1.9338,0.2013,1001.3940,hard_accel_decel
939962,-0.2123,-0.0012,0.9906,0.0175,1.3038,0.2887,1001.4019,hard_accel_decel
940022,-0.2166,0.0049,0.9948,0.1575,0.6300,0.3237,1001.3970,hard_accel_decel
940082,-0.2149,-0.0087,0.9929,0.1925,0.3150,0.4725,1001.3926,hard_accel_decel
940142,-0.2193,-0.0101,0.9860,0.1312,-0.0175,0.5075,1001.3984,hard_accel_decel
940202,-0.2330,-0.0110,0.9913,0.2625,-0.0875,0.5512,1001.3972,hard_accel_decel
940262,-0.2520,-0.0063,0.9767,0.5163,0.3762,0.4462,1001.3855,hard_accel_decel
940322,-0.2772,-0.0148,0.9789,0.4550,0.7962,0.3762,1001.3860,hard_accel_decel
940382,-0.2999,-0.0234,0.9847,0.7000,1.1025,0.2275,1001.3865,hard_accel_decel
940442,-0.3138,0.0137,0.9942,0.4725,1.0762,0.4112,1001.3921,hard_accel_decel
940502,-0.3254,-0.0051,1.0021,0.0700,0.9712,0.8750,1001.3806,hard_accel_decel
940562,-0.3330,-0.0144,0.9892,-0.5775,0.5337,0.8662,1001.3884,hard_accel_decel
940622,-0.3402,-0.0335,0.9889,-0.5688,0.5512,0.5250,1001.3743,hard_accel_decel
940682,-0.3084,-0.0373,1.0188,-0.2013,-0.1488,0.6562,1001.3779,hard_accel_decel
940742,-0.3738,-0.0053,1.0341,0.4288,0.6037,0.5425,1001.3787,hard_accel_decel
940802,-0.4089,-0.0152,0.9221,1.0063,0.6650,0.8750,1001.3694,hard_accel_decel
940862,-0.3214,-0.1027,1.0482,-0.0262,-0.4725,1.0412,1001.3684,hard_accel_decel
940922,-0.3803,-0.0245,0.8990,1.7587,-0.7525,0.9800,1001.3677,hard_accel_decel
940982,-0.4271,0.0252,0.9672,-0.5163,1.4963,1.0150,1001.3623,hard_accel_decel
941042,-0.3789,0.0129,1.1068,-0.3587,0.6650,1.4088,1001.3501,hard_accel_decel
941102,-0.4230,-0.1311,1.0214,0.1488,1.8900,1.5050,1001.3391,hard_accel_decel
941162,-0.4501,-0.0110,0.9474,0.2100,0.5425,1.5575,1001.3354,hard_accel_decel
941222,-0.3570,-0.0054,0.9504,-0.4025,-0.9362,0.8138,1001.3323,hard_accel_decel
941282,-0.4060,-0.0788,0.9517,1.4000,0.2975,1.0762,1001.3169,hard_accel_decel
941342,-0.4524,-0.0483,0.9526,-0.3413,0.0088,1.2687,1001.3142,hard_accel_decel
941402,-0.3725,0.0027,0.9191,-0.0962,-0.9450,1.4963,1001.3005,hard_accel_decel
941462,-0.4529,0.0083,0.8689,2.2400,-0.8400,1.2337,1001.2969,hard_accel_decel
941522,-0.3092,-0.0342,1.0264,-1.7413,-0.5425,0.9625,1001.2847,hard_accel_decel
941582,-0.2943,0.0524,0.9875,-1.2513,0.5863,0.8313,1001.2793,hard_accel_decel
941642,-0.3126,-0.0627,0.9074,0.5863,-0.2100,1.1200,1001.2644,hard_accel_decel
941702,-0.3503,0.1134,0.9477,2.1437,0.4812,0.8750,1001.2593,hard_accel_decel
941762,-0.3070,0.0149,1.0447,0.0787,2.9313,0.7262,1001.2566,hard_accel_decel
941822,-0.4119,-0.0381,0.8950,-0.1400,-0.8925,1.1638,1001.2412,hard_accel_decel
941882,-0.3809,0.0262,1.0084,0.9450,-0.7088,0.5075,1001.2261,hard_accel_decel
941942,-0.3369,-0.0239,0.8522,0.4812,-2.1350,0.0613,1001.2173,hard_accel_decel
942002,-0.3289,0.0664,1.0392,3.0800,0.0088,0.0613,1001.2046,hard_accel_decel
942062,-0.2469,0.0149,1.1362,0.8925,0.2625,0.3413,1001.1978,hard_accel_decel
942122,-0.3667,0.0978,1.0300,1.2775,1.2775,0.6913,1001.1790,hard_accel_decel
942182,-0.3733,0.1083,0.9482,-3.0363,-0.4638,0.6562,1001.1824,hard_accel_decel
942242,-0.3599,-0.0718,0.7935,-1.9863,-0.1050,0.6825,1001.1797,hard_accel_decel
942302,-0.4307,-0.0569,0.8067,1.2075,-0.5337,-0.2537,1001.1687,hard_accel_decel
942362,-0.3980,-0.0857,0.8886,-3.1588,-2.5025,0.0875,1001.1489,hard_accel_decel
942422,-0.3257,-0.0224,0.9914,2.2050,1.2600,0.2800,1001.1296,hard_accel_decel
942482,-0.4494,0.0742,0.9238,2.5550,0.9800,-0.1050,1001.1174,hard_accel_decel
942542,-0.3799,-0.0888,0.9514,-1.6712,-3.0800,0.2975,1001.1169,hard_accel_decel
942602,-0.3258,-0.0188,1.0319,0.7262,-0.7613,-0.1575,1001.1050,hard_accel_decel
942662,-0.3201,0.0378,1.0100,2.4850,-1.5925,-0.1138,1001.0916,hard_accel_decel
942722,-0.2960,0.0734,1.0370,-3.0275,1.6187,0.3063,1001.0754,hard_accel_decel
942782,-0.3631,-0.0739,0.9146,0.7525,-1.2862,0.4025,1001.0793,hard_accel_decel
942842,-0.3380,0.0225,0.9776,1.1550,0.0962,0.6913,1001.0681,hard_accel_decel
942902,-0.2332,0.1188,1.1585,-1.8813,1.1900,0.3675,1001.0505,hard_accel_decel
942962,-0.3652,-0.0724,0.9750,-1.6187,1.0500,0.0875,1001.0574,hard_accel_decel
943022,-0.4092,-0.0224,0.9995,-0.7788,1.5050,-0.2013,1000.9995,hard_accel_decel
943082,-0.4219,-0.0265,0.8092,0.1575,-1.6100,-0.2800,1000.9946,hard_accel_decel
943142,-0.3129,0.0209,0.9911,0.3762,-0.8225,0.0350,1000.9822,hard_accel_decel
943202,-0.2940,-0.0673,0.9631,3.8675,-1.7237,0.5250,1000.9966,hard_accel_decel
943262,-0.4027,-0.0337,0.7303,-2.9050,-0.2275,0.6475,1000.9673,hard_accel_decel
943322,-0.2408,-0.1381,0.9775,-2.4675,-0.2975,1.1550,1000.9775,hard_accel_decel
943382,-0.3528,0.0761,1.0008,-3.0625,-0.3675,0.7175,1000.9863,hard_accel_decel
943442,-0.2089,0.1876,0.8455,-3.2550,-1.3125,0.1488,1000.9380,hard_accel_decel
943502,-0.1398,-0.0368,1.3381,6.1687,6.3787,1.6537,1000.9709,hard_accel_decel
943562,-0.3729,0.2364,1.0389,10.2200,7.9625,0.3762,1000.9390,hard_accel_decel
943622,-0.3231,0.2353,1.1882,-0.4288,4.0338,1.5050,1000.9353,hard_accel_decel
943682,-0.4418,0.0712,0.8606,-3.0100,-0.8575,0.9975,1000.9280,hard_accel_decel
943742,-0.1825,0.0814,1.2534,-3.1762,-5.1800,-0.4550,1000.9163,hard_accel_decel
943802,-0.3897,0.0986,1.0138,4.5938,-4.0600,-0.2625,1000.9177,hard_accel_decel
943862,-0.3381,-0.0807,1.1048,2.2487,-0.0700,-0.4375,1000.8667,hard_accel_decel
943922,-0.4192,0.1188,0.6307,-1.0150,-3.7013,-1.0412,1000.8430,hard_accel_decel
943982,-0.2805,0.1581,0.8359,-4.7075,0.6737,-0.5075,1000.8105,hard_accel_decel
944042,-0.4473,-0.0235,0.7925,-2.9225,4.4450,-0.2450,1000.8154,hard_accel_decel
944102,-0.2463,0.0830,1.1951,-0.9538,1.3475,0.4112,1000.8242,hard_accel_decel
944162,-0.3084,0.0078,1.0231,0.5512,-4.3313,-0.0175,1000.7893,hard_accel_decel
944222,-0.2366,-0.1125,1.0997,2.0475,-0.0875,-0.3500,1000.7856,hard_accel_decel
944282,-0.2953,0.0453,1.0182,2.7650,-1.4787,-0.2537,1000.7559,hard_accel_decel
944342,-0.3331,-0.0979,0.9848,-0.7088,3.0013,-0.8050,1000.7532,hard_accel_decel
944402,-0.3211,0.0715,1.0792,0.0875,0.4988,0.1925,1000.7207,hard_accel_decel
944462,-0.2836,0.0547,0.9750,-0.9013,0.2625,-0.7875,1000.7222,hard_accel_decel
944522,-0.2996,0.0222,0.9882,3.3163,0.1663,-0.6300,1000.6987,hard_accel_decel
944582,-0.3612,0.0300,0.8967,4.0687,0.6737,-1.2250,1000.7031,hard_accel_decel
944642,-0.2369,0.0617,1.2063,-1.3650,2.0563,-0.5600,1000.7065,hard_accel_decel
944702,-0.2664,0.0615,0.9723,1.2337,-1.3650,-0.2450,1000.6855,hard_accel_decel
944762,-0.2333,0.0611,1.0304,-2.1962,2.4762,-1.0500,1000.6489,hard_accel_decel
944822,-0.2308,0.0502,1.0961,-1.7938,-3.8412,-0.1663,1000.6235,hard_accel_decel
944882,-0.2802,0.0331,0.9153,1.3825,-2.2487,0.1488,1000.6516,hard_accel_decel
944942,-0.2628,-0.0510,1.0279,-2.1350,-1.9338,0.0613,1000.6326,hard_accel_decel
945002,-0.2120,-0.0296,0.9537,-3.1500,-1.3650,1.0325,1000.6260,hard_accel_decel
945062,-0.2103,0.0478,1.0286,2.9137,-0.9975,0.6562,1000.6047,hard_accel_decel
945122,-0.1732,-0.0297,1.1338,1.0325,1.9250,0.1312,1000.5886,hard_accel_decel
945182,-0.2098,-0.0486,1.1139,2.8612,1.2862,0.0350,1000.5608,hard_accel_decel
945242,-0.2609,0.0181,0.9658,2.5025,-3.0538,0.0962,1000.5615,hard_accel_decel
945302,-0.2682,0.0912,1.0646,3.6225,-0.1225,0.4375,1000.5444,hard_accel_decel
945362,-0.3145,-0.0518,0.7886,1.2425,-1.3737,0.5250,1000.5298,hard_accel_decel
945422,-0.1839,0.1735,1.0527,0.4375,-3.8588,-0.1925,1000.4878,hard_accel_decel
945482,-0.1584,0.0481,1.0265,-0.9013,-5.0925,0.5425,1000.4937,hard_accel_decel
945542,-0.3321,-0.0730,0.7960,-0.9625,-1.2250,0.6475,1000.4700,hard_accel_decel
945602,-0.2406,-0.1330,0.9031,-2.0475,-2.0912,0.2188,1000.4463,hard_accel_decel
945662,-0.2171,-0.0026,0.9506,0.3413,-5.1013,0.5163,1000.4246,hard_accel_decel
945722,-0.1909,-0.0852,0.8901,-0.3500,-0.6212,0.3150,1000.4258,hard_accel_decel
945782,-0.1239,0.0427,1.0321,1.7062,1.3913,0.3150,1000.3735,hard_accel_decel
945842,-0.2062,0.1398,1.0970,1.3475,2.2750,0.4900,1000.3848,hard_accel_decel
945902,-0.1272,-0.0281,0.9592,-0.9975,-3.9288,1.0063,1000.3823,hard_accel_decel
945962,-0.0244,0.1938,1.2583,1.6450,-1.7675,0.3413,1000.3772,hard_accel_decel
946022,-0.1395,0.1050,1.1153,0.5512,1.4525,0.1050,1000.3643,hard_accel_decel
946082,-0.1305,-0.0500,0.9875,-2.3012,-3.0100,0.3325,1000.3433,hard_accel_decel
946142,-0.1144,-0.0475,0.9906,1.1900,-5.0750,0.2800,1000.3628,hard_accel_decel
946202,-0.0035,0.1284,1.1158,0.6913,-5.2500,0.1488,1000.3115,hard_accel_decel
946262,-0.1017,-0.0389,0.9155,1.9775,-1.0150,0.4200,1000.2800,hard_accel_decel
946322,0.0317,0.1662,1.0953,0.1663,-0.4375,0.1663,1000.2698,hard_accel_decel
946382,0.0247,0.0252,1.0407,2.3537,-2.8788,0.2100,1000.2532,hard_accel_decel
946442,-0.0029,-0.0146,1.2229,3.5700,2.8175,0.0787,1000.2310,hard_accel_decel
946502,-0.0791,-0.0351,0.8355,0.0875,-3.6750,-0.2975,1000.2622,hard_accel_decel
946562,0.0331,-0.0588,1.1020,2.8875,0.0962,-0.4375,1000.2549,hard_accel_decel
946622,0.0742,0.0288,1.0543,-0.1488,0.2450,0.2800,1000.2869,hard_accel_decel
946682,0.0631,-0.0754,0.9755,0.5688,-0.0525,0.2362,1000.2710,hard_accel_decel
946742,0.0051,0.0207,0.9740,-0.6913,1.0675,0.4462,1000.3030,hard_accel_decel
946802,-0.0051,-0.0395,0.8940,-0.2975,-3.5175,0.3850,1000.3020,hard_accel_decel
946862,0.1386,0.1562,1.1322,-0.0525,3.9987,-0.4725,1000.2727,hard_accel_decel
946922,0.0439,0.0498,0.9936,1.1200,1.8550,-0.1225,1000.2795,hard_accel_decel
946982,0.0759,0.0500,0.9190,0.3587,-1.7587,0.3413,1000.2793,hard_accel_decel
947042,-0.0195,0.1685,0.9446,-0.9187,-0.3675,0.2537,1000.2844,hard_accel_decel
947102,-0.0422,0.0199,0.8945,-0.9275,-2.7300,0.1575,1000.2949,hard_accel_decel
947162,0.0295,-0.0419,1.0065,-1.6363,2.6163,0.1838,1000.3381,hard_accel_decel
947222,0.1462,0.0947,1.1147,-0.0700,2.7825,0.5775,1000.3127,hard_accel_decel
947282,0.0197,0.0947,0.8555,0.9625,-4.4800,-0.3063,1000.3418,hard_accel_decel
947342,0.0215,0.0998,0.9399,2.6512,-1.4787,-0.1400,1000.3313,hard_accel_decel
947402,0.2025,0.0578,1.0124,-1.5488,12.3375,1.1638,1000.3381,hard_accel_decel
947462,0.1771,0.0461,1.2015,0.2013,-7.0788,2.0563,1000.3750,hard_accel_decel
947522,0.4097,0.1403,1.4445,-0.7962,18.2262,1.4612,1000.3262,hard_accel_decel
947582,0.1349,0.0529,0.8319,-2.1700,-6.1687,0.0962,1000.4121,hard_accel_decel
947642,0.3925,-0.0647,1.0934,-5.1625,-12.2063,4.9963,1000.3828,hard_accel_decel
947702,0.4016,0.2483,1.2080,-0.8138,-2.4413,0.0613,1000.5649,hard_accel_decel
947762,0.3096,-0.0452,1.0580,4.4100,4.5763,1.0938,1000.4910,hard_accel_decel
947822,0.3431,-0.0428,0.7190,-0.9275,0.4550,4.0250,1000.5498,hard_accel_decel
947882,0.3451,0.1121,1.0452,-0.8838,-6.4138,-0.1400,1000.5574,hard_accel_decel
947942,0.2799,-0.0196,1.0775,-0.4288,-3.4388,0.5863,1000.5452,hard_accel_decel
948002,0.3289,0.0106,0.6664,3.2025,-0.6737,-0.4638,1000.5752,hard_accel_decel
948062,0.5619,0.0049,1.1874,-0.8575,-3.1937,1.4700,1000.6089,hard_accel_decel
948122,0.5735,-0.1308,1.1734,4.0950,1.9075,0.9538,1000.6699,hard_accel_decel
948182,0.4568,0.0243,0.9576,-0.1138,0.3500,0.6475,1000.6372,hard_accel_decel
948242,0.4246,-0.0622,0.9326,0.4200,0.1138,1.2337,1000.6648,hard_accel_decel
948302,0.3961,0.0769,0.8963,0.7437,-2.5900,0.7875,1000.6963,hard_accel_decel
948362,0.2771,0.2023,0.8513,0.9800,0.2887,0.7962,1000.6719,hard_accel_decel
948422,0.4377,-0.0617,1.0760,-4.3925,-2.3625,1.7675,1000.7029,hard_accel_decel
948482,0.4841,-0.0149,1.0759,2.7037,2.8525,0.7437,1000.7026,hard_accel_decel
948542,0.4524,0.1060,1.0412,2.8438,3.8412,-0.1225,1000.7930,hard_accel_decel
948602,0.4314,-0.0289,1.0019,-7.1575,-5.9150,0.2713,1000.7729,hard_accel_decel
948662,0.5197,-0.1173,1.0006,2.9750,-1.0237,0.9362,1000.7986,hard_accel_decel
948722,0.4316,0.0762,0.9548,3.6837,2.1175,0.1400,1000.7947,hard_accel_decel
948782,0.3938,0.1195,1.0890,-0.3675,-1.6800,0.4375,1000.8823,hard_accel_decel
948842,0.3719,-0.1166,0.8904,-0.4725,-4.8212,0.9275,1000.9636,hard_accel_decel
948902,0.4055,0.1539,1.1112,-0.3237,-4.3837,0.6650,1000.9343,hard_accel_decel
948962,0.5006,0.0278,0.9723,2.4325,-1.1550,0.2625,1000.9788,hard_accel_decel
949022,0.5742,0.1124,1.1988,2.1525,-1.0150,0.4550,1000.9604,hard_accel_decel
949082,0.6288,-0.0939,1.1711,-3.3338,3.9550,0.4288,1000.9421,hard_accel_decel
949142,0.3271,-0.0344,0.7125,1.3737,0.9712,-0.3938,1000.9519,hard_accel_decel
949202,0.4329,0.0571,1.0230,6.6762,3.0363,-0.2625,1000.9661,hard_accel_decel
949262,0.4524,-0.1221,0.9321,-3.0625,2.2137,1.1988,1000.9871,hard_accel_decel
949322,0.5210,0.1118,1.0562,4.1475,-2.0125,0.3413,1001.0393,hard_accel_decel
949382,0.3675,0.1194,0.9428,5.2325,0.3237,-0.7350,1001.0022,hard_accel_decel
949442,0.4760,0.0473,0.9110,0.1838,-5.9763,0.1488,1001.0972,hard_accel_decel
949502,0.4175,-0.0703,0.8221,0.6650,2.2487,0.1488,1001.0396,hard_accel_decel
949562,0.5258,0.1273,1.1537,1.4525,-6.3962,-0.3762,1001.1472,hard_accel_decel
949622,0.3802,0.1100,0.9994,-1.4350,0.4812,-0.6037,1001.1011,hard_accel_decel
949682,0.4107,0.0195,1.0568,1.5662,3.1937,-0.6825,1001.1179,hard_accel_decel
949742,0.5148,0.1574,1.1522,2.3100,-2.0650,0.1138,1001.1458,hard_accel_decel
949802,0.2333,0.0448,0.7923,-0.2800,3.4300,-0.2275,1001.1836,hard_accel_decel
949862,0.3225,0.0891,0.9272,0.7875,1.5137,0.6737,1001.2012,hard_accel_decel
949922,0.4704,0.0232,1.2138,1.2513,1.8900,0.2713,1001.1748,hard_accel_decel
949982,0.4175,0.0573,1.0260,0.7525,-0.6825,-0.2362,1001.2080,hard_accel_decel
950042,0.4194,0.0876,0.9848,0.2713,-1.1638,0.1225,1001.2124,hard_accel_decel
950102,0.4038,0.1076,0.9740,2.4062,0.1225,0.6037,1001.1946,hard_accel_decel
950162,0.3883,-0.1411,1.0753,1.3212,7.6737,0.2887,1001.2461,hard_accel_decel
950222,0.3899,-0.0137,1.1782,1.3650,4.7600,-0.5337,1001.2439,hard_accel_decel
950282,0.4041,0.0941,0.9636,-1.1463,0.5337,0.6737,1001.2527,hard_accel_decel
950342,0.3977,0.0894,0.9087,0.2275,-2.0300,1.0325,1001.2825,hard_accel_decel
950402,0.3748,0.1449,1.0561,0.1138,-0.2450,0.6562,1001.2305,hard_accel_decel
950462,0.3734,0.0512,1.0313,1.9863,-1.5137,0.8313,1001.2856,hard_accel_decel
950522,0.3308,0.0673,0.9751,0.5600,1.7500,0.2800,1001.2756,hard_accel_decel
950582,0.4426,0.1055,1.1453,1.0762,1.2862,0.2975,1001.2844,hard_accel_decel
950642,0.4040,0.1337,1.1558,-0.3063,1.7675,0.5163,1001.3176,hard_accel_decel
950702,0.3823,-0.0215,0.9542,0.1663,0.8750,0.7350,1001.2957,hard_accel_decel
950762,0.3923,-0.0609,1.0133,1.1463,0.5337,0.7437,1001.3149,hard_accel_decel
950822,0.3578,0.0371,1.0013,-0.2800,-1.4612,-0.1138,1001.3230,hard_accel_decel
950882,0.3350,0.0783,0.9712,2.2225,-0.8400,0.1575,1001.3291,hard_accel_decel
950942,0.3706,0.0594,0.9650,2.5550,0.4288,0.0000,1001.3391,hard_accel_decel
951002,0.3709,0.0673,1.0487,0.9975,1.2513,0.2013,1001.3315,hard_accel_decel
951062,0.3584,0.0221,1.0199,-0.3413,-1.0150,0.5163,1001.3250,hard_accel_decel
951122,0.3629,0.0872,0.9968,-0.4462,-1.2513,0.4638,1001.3591,hard_accel_decel
951182,0.3587,0.0803,0.9765,1.4262,-0.9013,0.2450,1001.3625,hard_accel_decel
951242,0.3274,-0.0496,0.9052,1.1025,-0.7175,0.0962,1001.3450,hard_accel_decel
951302,0.3734,0.0540,1.0575,0.8487,0.7613,0.3500,1001.3452,hard_accel_decel
951362,0.3570,0.0861,1.0541,-1.4175,-0.4025,0.6037,1001.3320,hard_accel_decel
951422,0.3038,0.0418,0.9704,-0.5425,1.8550,0.8050,1001.3560,hard_accel_decel
951482,0.2928,0.0625,1.0409,1.3388,0.5775,0.2100,1001.3464,hard_accel_decel
951542,0.2585,0.0188,0.9090,0.7613,0.0525,0.2188,1001.3486,hard_accel_decel
951602,0.3055,0.0124,0.9464,0.7350,0.3762,0.0262,1001.3418,hard_accel_decel
951662,0.3192,0.1052,1.0438,0.6650,1.3737,0.4988,1001.3623,hard_accel_decel
951722,0.2464,0.1189,0.9982,-0.6212,1.2513,0.5688,1001.3560,hard_accel_decel
951782,0.2513,-0.0098,0.9568,0.6475,0.7788,-0.0350,1001.3586,hard_accel_decel
951842,0.2749,0.0681,0.9728,1.6800,0.1838,0.2450,1001.3660,hard_accel_decel
951902,0.2555,0.0624,1.0041,-0.3850,1.3563,0.2625,1001.3716,hard_accel_decel
951962,0.2516,0.0542,1.0355,0.6212,1.2425,0.1400,1001.3740,hard_accel_decel
952022,0.2479,0.0781,1.0485,-1.1725,-0.6125,0.7613,1001.3723,hard_accel_decel
952082,0.1945,0.0644,0.9941,0.2362,0.2275,0.5163,1001.3699,hard_accel_decel
952142,0.1603,0.0654,1.0562,-0.0525,1.2862,0.2275,1001.3828,hard_accel_decel
952202,0.0969,0.0295,1.0089,0.6037,0.9100,0.1400,1001.3899,hard_accel_decel
952262,0.0669,0.0486,0.9982,0.5163,0.7875,0.0525,1001.3740,hard_accel_decel
952322,0.0274,0.0427,1.0040,0.4200,1.5137,0.6300,1001.3652,hard_accel_decel
952382,0.0124,0.0558,0.9791,0.0787,1.9075,0.4462,1001.3757,hard_accel_decel
952442,0.0429,0.0623,1.0095,0.4725,0.7875,0.2275,1001.3726,hard_accel_decel
952502,0.0481,0.0485,1.0618,0.3938,0.3150,0.1138,1001.3831,hard_accel_decel
952562,0.0432,0.0686,0.9950,-0.4375,0.3237,0.1400,1001.3789,hard_accel_decel
952622,0.0164,0.0202,0.9833,0.1663,-0.5075,0.1925,1001.3826,hard_accel_decel
952682,0.0117,0.0461,0.9775,0.7000,0.0613,0.1838,1001.3894,hard_accel_decel
952742,0.0037,0.0500,0.9858,0.7000,-0.3500,0.2713,1001.3928,hard_accel_decel
952802,0.0230,0.0093,1.0136,1.3125,0.0613,0.3587,1001.3745,hard_accel_decel
952862,0.0115,0.0827,0.9825,1.2513,0.2625,0.3150,1001.3867,hard_accel_decel
952922,-0.0763,0.0691,0.9653,-1.8987,-0.5688,0.6475,1001.3931,hard_accel_decel
952982,-0.1064,0.0414,0.9821,-1.2513,0.6475,0.6037,1001.3892,hard_accel_decel
953042,-0.1579,0.0407,1.0175,1.3038,2.5988,0.0962,1001.3835,hard_accel_decel
953102,-0.2289,0.0586,1.0314,0.5688,2.8612,-0.5250,1001.3823,hard_accel_decel
953162,-0.2523,0.0432,1.0072,0.2887,1.9512,-0.1488,1001.3855,hard_accel_decel
953222,-0.2877,0.0525,0.9936,0.5600,1.6363,0.1750,1001.3833,hard_accel_decel
953282,-0.3335,0.0464,1.0945,0.3413,3.7625,0.5863,1001.3806,hard_accel_decel
953342,-0.2659,0.1157,1.1680,-0.4462,1.0237,-0.5950,1001.3750,hard_accel_decel
953402,-0.2906,0.0320,1.0361,-1.8112,-0.1138,0.2800,1001.3594,hard_accel_decel
953462,-0.3365,0.0030,0.9977,-1.1725,-0.3237,-0.5600,1001.3672,hard_accel_decel
953522,-0.3321,0.0134,1.0421,-0.9712,-0.6125,-0.1225,1001.3655,hard_accel_decel
953582,-0.3521,0.0900,0.9974,0.0262,-1.7938,-0.4988,1001.3633,hard_accel_decel
953642,-0.3977,0.0878,0.9212,-0.6475,-1.4963,-0.3850,1001.3630,hard_accel_decel
953702,-0.2987,0.0228,1.0028,-0.3587,-0.9362,0.1488,1001.3567,hard_accel_decel
953762,-0.4202,0.0178,0.9485,1.8550,-1.0762,1.0500,1001.3542,hard_accel_decel
953822,-0.4192,0.0600,0.9301,0.3762,-2.0650,0.0088,1001.3452,hard_accel_decel
953882,-0.3573,0.0734,0.9974,-1.5750,1.5050,-0.5950,1001.3379,hard_accel_decel
953942,-0.4189,0.0629,0.8411,2.1263,0.0787,-0.1225,1001.3328,hard_accel_decel
954002,-0.5287,0.0876,1.1315,3.8937,2.0563,1.9075,1001.3215,hard_accel_decel
954062,-0.3507,0.1120,0.8367,-1.4612,-3.2812,-0.4375,1001.3149,hard_accel_decel
954122,-0.4187,0.1228,0.9216,-0.9013,-1.6013,-0.0262,1001.3079,hard_accel_decel
954182,-0.4187,0.1378,0.8752,1.6100,-0.2188,-0.3325,1001.2932,hard_accel_decel
954242,-0.4441,0.0142,0.7725,-0.3500,-2.4675,0.5075,1001.2881,hard_accel_decel
954302,-0.3947,0.0729,1.1627,1.8725,-1.3475,-0.5075,1001.2844,hard_accel_decel
954362,-0.4199,0.0977,0.9433,1.9600,-0.4462,-1.0063,1001.2532,hard_accel_decel
954422,-0.3595,0.0364,0.9925,-0.2450,-1.4787,-0.8225,1001.2471,hard_accel_decel
954482,-0.5295,0.0908,0.8574,0.4288,2.2225,-0.6300,1001.2341,hard_accel_decel
954542,-0.3131,0.0959,1.1871,1.1638,1.2775,-0.6562,1001.2478,hard_accel_decel
954602,-0.3850,0.0724,1.1481,-0.3413,-5.3900,0.8575,1001.2368,hard_accel_decel
954662,-0.4494,-0.0949,0.9439,-0.7000,-0.5512,0.1663,1001.2168,hard_accel_decel
954722,-0.3802,0.0814,0.9852,1.4350,2.4413,-0.2188,1001.2053,hard_accel_decel
954782,-0.3968,0.0847,0.9232,-1.8725,2.6250,-0.5600,1001.2021,hard_accel_decel
954842,-0.3975,0.0461,1.1469,-0.6125,3.2900,0.2450,1001.1804,hard_accel_decel
954902,-0.4773,-0.1215,0.7632,-0.4025,-0.2013,0.4025,1001.1501,hard_accel_decel
954962,-0.3735,-0.0040,0.9614,-0.2013,-2.9313,0.0262,1001.1511,hard_accel_decel
955022,-0.3435,0.0588,0.9508,0.6125,-0.7613,-0.2800,1001.1772,hard_accel_decel
955082,-0.3225,-0.0044,1.1041,2.3100,-0.4025,-0.6562,1001.1289,hard_accel_decel
955142,-0.3415,0.1692,0.8884,0.3762,-1.0325,-0.0262,1001.1323,hard_accel_decel
955202,-0.2991,0.0841,0.9914,-2.0563,-1.9162,-0.0437,1001.1333,hard_accel_decel
955262,-0.2993,0.0668,1.0875,1.2687,0.4112,-0.1400,1001.1389,hard_accel_decel
955322,-0.3397,0.0213,1.0064,1.5662,-1.6187,-0.7088,1001.0837,hard_accel_decel
955382,-0.2730,0.0044,1.0051,-2.3625,2.6075,-0.1225,1001.1096,hard_accel_decel
955442,-0.3678,-0.0910,0.9087,-2.2400,-2.9662,0.4988,1001.0740,hard_accel_decel
955502,-0.2865,0.1003,1.1450,0.4025,-2.1525,1.0762,1001.0391,hard_accel_decel
955562,-0.4694,0.0016,0.8062,2.0738,1.8463,-0.5075,1001.0371,hard_accel_decel
955622,-0.4470,0.1576,1.1427,3.9113,0.7437,-0.9975,1000.9949,hard_accel_decel
955682,-0.2372,0.0836,1.1264,-0.8575,1.0237,0.3675,1001.0210,hard_accel_decel
955742,-0.3779,0.1354,0.8791,-0.5600,-0.3150,0.8138,1001.0127,hard_accel_decel
955802,-0.1016,0.1649,1.2793,2.8350,-3.2462,1.3038,1000.9561,hard_accel_decel
955862,-0.1088,0.0147,1.0126,2.8875,3.1325,0.0262,1000.9529,hard_accel_decel
955922,-0.3731,0.0761,0.8705,3.2462,2.5113,0.8487,1000.9729,hard_accel_decel
955982,-0.3231,-0.0542,0.9567,-2.3187,4.5150,0.2275,1000.9685,hard_accel_decel
956042,-0.2301,0.0068,0.9096,1.2687,-3.5787,0.4375,1000.9407,hard_accel_decel
956102,-0.3066,0.1892,1.0995,1.0675,0.2013,0.6737,1000.9268,hard_accel_decel
956162,-0.2096,-0.0481,0.9855,-0.7000,3.0450,0.3237,1000.8965,hard_accel_decel
956222,-0.2130,0.2427,1.0148,0.1050,-1.5838,-0.2537,1000.9075,hard_accel_decel
956282,-0.3074,-0.0576,0.9675,0.9538,-1.1550,0.5775,1000.8640,hard_accel_decel
956342,-0.3321,0.1991,1.0274,1.0850,1.4700,0.0700,1000.8569,hard_accel_decel
956402,-0.1998,0.2295,1.2229,-2.0387,-3.5000,0.9800,1000.8428,hard_accel_decel
956462,-0.3853,-0.0590,0.9262,-2.3888,3.1850,0.3938,1000.8340,hard_accel_decel
956522,-0.2262,0.0717,1.1576,1.5750,0.7962,0.2188,1000.8054,hard_accel_decel
956582,-0.2737,-0.0017,0.9013,-2.2750,-5.4425,0.8662,1000.7981,hard_accel_decel
956642,-0.5476,-0.1072,0.4860,1.8987,-3.8238,1.8112,1000.7861,hard_accel_decel
956702,-0.3437,0.0627,1.1146,1.3300,-1.2513,0.8662,1000.7786,hard_accel_decel
956762,-0.2591,0.1361,1.0292,-2.5025,0.4638,-0.0613,1000.7637,hard_accel_decel
956822,-0.2408,-0.0437,1.0052,-4.4800,1.0063,0.7700,1000.7480,hard_accel_decel
956882,-0.3872,-0.0078,1.4050,6.0025,1.3125,0.7962,1000.7278,hard_accel_decel
956942,-0.3131,0.2438,1.1171,1.9250,1.4875,-0.0875,1000.7175,hard_accel_decel
957002,-0.1190,0.0775,1.1699,-0.2100,-1.4088,1.0063,1000.7136,hard_accel_decel
957062,-0.2236,0.0849,1.0199,-0.3325,-5.3987,0.1050,1000.7297,hard_accel_decel
957122,-0.2921,0.0778,1.0919,3.4650,1.3475,-0.0525,1000.6790,hard_accel_decel
957182,-0.2984,0.0256,1.1619,2.7037,2.3712,1.2513,1000.6548,hard_accel_decel
957242,-0.3385,0.0310,0.7752,1.0938,0.8838,0.5600,1000.6423,hard_accel_decel
957302,-0.3543,-0.0142,0.9555,-1.0063,4.1650,0.1312,1000.6292,hard_accel_decel
957362,-0.2801,0.0376,0.9919,-1.7938,2.1088,0.2013,1000.5999,hard_accel_decel
957422,-0.2542,-0.0976,0.8496,-1.8900,0.2362,0.2100,1000.5964,hard_accel_decel
957482,-0.1695,0.1283,1.2093,-0.7000,-1.6013,0.9538,1000.5562,hard_accel_decel
957542,-0.1995,0.2528,1.0086,-0.2800,-1.4787,1.0412,1000.5491,hard_accel_decel
957602,-0.3215,0.0484,0.8691,-0.2537,0.7525,0.5075,1000.5776,hard_accel_decel
957662,-0.2148,-0.0066,0.9457,-1.7413,3.7625,-0.3150,1000.4797,hard_accel_decel
957722,-0.3109,0.0169,0.8891,-2.1437,0.2013,-0.2713,1000.4841,hard_accel_decel
957782,-0.1808,0.1576,1.0606,1.5575,-0.2188,0.4812,1000.4639,hard_accel_decel
957842,-0.3802,0.0603,0.7748,-2.6688,-1.9600,0.1750,1000.4521,hard_accel_decel
957902,-0.2869,0.1562,1.0352,-0.6300,3.2025,-0.3587,1000.4460,hard_accel_decel
957962,-0.2794,0.0595,1.0658,1.2337,1.9600,-0.2450,1000.4480,hard_accel_decel
958022,-0.2677,-0.0425,1.0726,0.8400,1.0850,-0.3938,1000.4631,hard_accel_decel
958082,-0.2798,-0.0339,0.8754,-3.6925,-1.2250,1.9075,1000.4062,hard_accel_decel
958142,-0.2542,-0.0134,0.8464,-4.0950,2.7562,0.9013,1000.3831,hard_accel_decel
958202,-0.3079,0.0880,0.9189,-1.7587,0.6562,0.6300,1000.3467,hard_accel_decel
958262,-0.1578,0.0281,1.2177,0.4288,2.0125,1.0237,1000.4006,hard_accel_decel
958322,-0.1652,0.0190,1.1693,-4.1825,4.6900,0.4638,1000.4138,hard_accel_decel
958382,-0.2609,0.1371,1.0236,1.9250,1.4612,0.5600,1000.4131,hard_accel_decel
958442,-0.2111,0.0021,0.8159,-3.7013,-1.2162,1.1025,1000.3643,hard_accel_decel
958502,-0.2159,0.1049,0.8909,-2.9488,-3.1850,0.3850,1000.3259,hard_accel_decel
958562,-0.2108,-0.0554,0.6735,-1.5312,-7.2275,0.1312,1000.2473,hard_accel_decel
958622,-0.3021,-0.0373,0.8142,0.3500,0.3063,1.4088,1000.2422,hard_accel_decel
958682,-0.2518,0.1135,0.8560,-5.7925,0.6475,0.5075,1000.2617,hard_accel_decel
958742,-0.2198,-0.2779,0.4653,-3.5000,-7.7087,2.3012,1000.1772,hard_accel_decel
958802,-0.0554,0.0000,1.2959,3.3425,3.5438,0.5250,1000.2083,hard_accel_decel
958862,-0.3021,0.2194,1.0504,3.1325,2.6337,-1.5050,1000.1433,hard_accel_decel
958922,-0.1433,-0.1613,1.1924,-0.9887,2.0213,-0.4025,1000.1426,hard_accel_decel
958982,-0.3167,0.0086,0.9611,-1.9688,-2.8963,1.2250,1000.1267,hard_accel_decel
959042,-0.2599,0.1249,1.0116,-0.5425,2.9750,0.0088,1000.1104,hard_accel_decel
959102,-0.2356,-0.0018,0.9104,-6.4662,2.6163,-0.0437,1000.0657,hard_accel_decel
959162,-0.1989,-0.0357,1.1776,-3.7188,3.9813,-0.3063,1000.0200,hard_accel_decel
959222,-0.3390,-0.0381,0.8469,-4.6025,-3.5262,0.7613,1000.0151,hard_accel_decel
959282,-0.2597,-0.0830,1.0817,-2.6688,0.8925,0.1312,1000.0449,hard_accel_decel
959342,-0.2294,-0.0369,1.0835,-0.3762,-2.3450,0.6037,1000.0225,hard_accel_decel
959402,-0.2724,0.0002,1.0720,5.9150,7.2362,-0.3938,1000.0303,hard_accel_decel
959462,-0.2191,0.0498,1.1680,4.2787,-2.6337,1.0850,999.9724,hard_accel_decel
959522,-0.1815,-0.0815,0.7017,-1.3913,-4.5938,0.9800,1000.0120,hard_accel_decel
959582,-0.3928,0.0816,0.4814,1.3475,-4.0338,0.5075,999.9438,hard_accel_decel
959642,-0.2417,0.0393,0.5794,0.5512,11.7163,-0.0088,999.9783,hard_accel_decel
959702,-0.0788,0.0083,0.9169,0.7000,2.4588,-0.4900,999.9360,hard_accel_decel
959762,0.1145,0.2094,1.1026,-3.4037,2.1525,-0.3587,999.9927,hard_accel_decel
959822,-0.0335,0.0356,0.8903,-4.5237,1.3475,0.5775,999.9368,hard_accel_decel
959882,0.0520,-0.0041,1.1037,0.8400,5.0050,0.0437,999.9688,hard_accel_decel
959942,-0.0664,0.1779,1.3415,3.8150,7.1050,0.1400,999.9978,hard_accel_decel
960002,-0.0454,-0.0966,0.7276,2.9137,1.9863,0.0875,999.9771,hard_accel_decel
960062,-0.1471,-0.0922,0.4802,2.7650,-4.4625,0.3850,999.9580,hard_accel_decel
960122,-0.0986,-0.0054,0.8028,1.6625,1.6450,0.0700,999.9814,hard_accel_decel
960182,0.0603,-0.1080,0.8804,3.6488,-3.0187,0.3587,999.9792,hard_accel_decel
960242,-0.0620,0.1853,0.8426,-0.6562,-4.0512,0.5337,1000.0232,hard_accel_decel
960302,0.1450,-0.0747,0.9994,-0.2275,1.5750,0.2625,999.9878,hard_accel_decel
960362,0.0123,0.0675,1.0258,3.5350,2.3625,-0.1838,999.9634,hard_accel_decel
960422,0.0698,0.0173,1.1102,0.5337,0.8400,0.3413,999.9915,hard_accel_decel
960482,0.1624,0.0556,1.0797,4.5150,1.0588,0.3413,1000.0286,hard_accel_decel
960542,0.0254,0.0363,0.7939,1.3388,-3.3863,0.1225,1000.0100,hard_accel_decel
960602,0.0048,-0.0644,1.0426,1.4875,2.8963,0.1575,1000.0349,hard_accel_decel
960662,0.0068,-0.0622,0.6429,-3.5438,-3.8063,0.4988,1000.0032,hard_accel_decel
960722,0.0350,0.0293,0.8454,-1.7325,-3.6137,0.6125,1000.0090,hard_accel_decel
960782,0.1915,0.2457,0.9201,-2.7037,2.2750,-0.4550,999.9924,hard_accel_decel
960842,0.1364,0.1227,0.8528,-1.4963,-7.9100,0.3850,999.9846,hard_accel_decel
960902,-0.0956,-0.0120,0.7637,-1.5662,0.8225,-0.1050,1000.0039,hard_accel_decel
960962,0.1891,0.0675,1.1946,3.2462,2.2838,-0.6562,1000.0073,hard_accel_decel
961022,0.0950,0.1537,0.8877,0.9362,-6.8775,-0.8225,1000.0364,hard_accel_decel
961082,0.0710,-0.0227,0.6517,-0.9800,-10.8062,0.1488,1000.0603,hard_accel_decel
961142,0.3013,0.0861,1.1070,3.2200,-1.7237,-0.5337,1000.0496,hard_accel_decel
961202,0.2815,0.0640,0.9941,-0.3500,-2.7738,0.8138,1000.0654,hard_accel_decel
961262,0.3326,-0.0825,1.2180,-1.4438,5.7225,-0.6562,1000.0918,hard_accel_decel
961322,0.2242,0.1540,0.8377,-1.2950,-4.8650,0.7262,1000.0930,hard_accel_decel
961382,0.2630,0.0732,0.9770,1.9425,-3.3425,0.1312,1000.1370,hard_accel_decel
961442,0.2894,0.0752,1.0102,-1.8200,-1.0150,0.9450,1000.1333,hard_accel_decel
961502,0.1540,0.0199,0.7793,-0.2625,5.8450,-0.1138,1000.1609,hard_accel_decel
961562,0.2543,0.1022,0.7977,-3.3425,-0.3938,-0.3150,1000.1711,hard_accel_decel
961622,0.4785,0.1281,1.1262,3.8500,2.2313,0.0787,1000.1880,hard_accel_decel
961682,0.4136,0.1216,1.2027,3.6837,5.5738,-0.1050,1000.2158,hard_accel_decel
961742,0.4218,-0.0631,1.1046,3.8763,-2.6163,0.6388,1000.2319,hard_accel_decel
961802,0.4897,0.1815,1.0997,-3.1588,2.0650,0.7875,1000.2771,hard_accel_decel
961862,0.5583,0.1854,1.4679,-3.4300,7.7350,0.0262,1000.2751,hard_accel_decel
961922,0.3984,0.0315,0.9775,2.8525,1.8025,0.9100,1000.3337,hard_accel_decel
961982,0.5173,0.2338,1.2356,0.8575,-0.4462,0.5600,1000.3179,hard_accel_decel
962042,0.5185,0.1034,1.0004,-1.7500,1.2600,0.7262,1000.3586,hard_accel_decel
962102,0.3533,-0.0342,0.7896,-0.3938,-2.1000,0.7962,1000.3723,hard_accel_decel
962162,0.3858,-0.0668,0.7683,-1.6013,-1.6187,0.5775,1000.3726,hard_accel_decel
962222,0.3125,0.0871,0.7377,0.2275,-3.0450,-0.8400,1000.4014,hard_accel_decel
962282,0.5517,-0.1291,0.9067,-1.0500,-7.4725,3.2812,1000.4451,hard_accel_decel
962342,0.5154,0.2248,1.0246,-4.5150,-2.2925,0.7262,1000.5103,hard_accel_decel
962402,0.4243,-0.1096,0.9044,4.4713,0.9450,-2.8875,1000.4995,hard_accel_decel
962462,0.5337,0.0018,1.4040,-0.9100,16.5550,2.8788,1000.5369,hard_accel_decel
962522,0.5735,0.4067,1.2998,3.9900,6.6500,-0.0175,1000.5186,hard_accel_decel
962582,0.5197,0.2098,0.9385,-3.3600,10.1237,0.7875,1000.5857,hard_accel_decel
962642,0.4794,0.6215,1.3099,14.1925,13.6938,-5.2587,1000.6399,hard_accel_decel
962702,0.4824,0.2464,0.9736,-5.7925,-5.6175,-4.6900,1000.6123,hard_accel_decel
962762,0.0007,-0.4738,0.5422,0.4112,4.1650,0.7175,1000.6658,hard_accel_decel
962822,0.5037,0.1457,1.2488,10.8763,-0.1312,-1.3913,1000.6970,hard_accel_decel
962882,-0.2201,0.2860,0.3421,-10.3250,-4.5763,-1.4787,1000.6665,hard_accel_decel
962942,0.4138,-0.2982,0.9471,-4.3400,-1.9075,3.8412,1000.6953,hard_accel_decel
963002,0.5624,0.0722,1.2003,3.3775,-1.5050,0.3413,1000.7129,hard_accel_decel
963062,0.4613,0.2262,0.5768,-0.7350,-10.7537,-0.0262,1000.7197,hard_accel_decel
963122,0.4212,-0.1161,1.1602,-3.8500,1.8463,0.8575,1000.7119,hard_accel_decel
963182,0.3267,-0.0342,0.9982,-2.7912,0.1663,1.3125,1000.7690,hard_accel_decel
963242,0.3400,-0.0422,0.9306,-2.8788,-0.6300,-0.6475,1000.8018,hard_accel_decel
963302,0.3414,-0.1884,0.8576,-1.9688,-3.3163,-0.4988,1000.8062,hard_accel_decel
963362,0.3538,-0.0669,0.9650,4.2613,-3.8063,0.7350,1000.8425,hard_accel_decel
963422,0.2905,0.0341,0.7144,-1.4088,-3.6662,-0.0088,1000.8625,hard_accel_decel
963482,0.3402,0.0400,0.9414,-3.3600,2.5287,0.3150,1000.8762,hard_accel_decel
963542,0.3179,0.0304,0.9177,-2.1350,4.7512,-0.7175,1000.8765,hard_accel_decel
963602,0.2657,-0.1039,0.8377,-1.2687,-0.6913,-0.7788,1000.9124,hard_accel_decel
963662,0.3778,-0.0818,0.9884,2.1263,0.1138,-0.8225,1000.9336,hard_accel_decel
963722,0.3437,0.0367,0.9203,0.5950,0.9800,-0.6737,1000.9402,hard_accel_decel
963782,0.4189,0.1138,1.0667,1.0850,-0.0525,-0.0262,1000.9631,hard_accel_decel
963842,0.4130,0.0894,0.9748,-0.4288,-1.9512,-0.1663,1000.9834,hard_accel_decel
963902,0.3191,-0.0163,0.8231,-2.6425,-2.3625,-0.4375,1000.9934,hard_accel_decel
963962,0.3591,-0.0559,0.8818,-2.7300,-1.4963,-0.3500,1001.0042,hard_accel_decel
964022,0.4184,0.0268,0.9494,0.9975,-2.3363,-0.4725,1001.0222,hard_accel_decel
964082,0.4119,0.0794,0.9279,-0.4988,-0.2887,-0.8138,1001.0286,hard_accel_decel
964142,0.4058,0.0239,1.1671,1.6100,1.0063,-0.4462,1001.0371,hard_accel_decel
964202,0.5422,-0.0098,1.1377,1.1200,1.6888,-0.5337,1001.0588,hard_accel_decel
964262,0.4162,-0.0037,1.0206,-1.1025,-0.6825,-0.1050,1001.0701,hard_accel_decel
964322,0.4026,0.1204,1.0078,-1.3737,-0.3413,-0.5163,1001.0674,hard_accel_decel
964382,0.2755,-0.1545,0.8394,-0.4288,-4.5237,0.0613,1001.0833,hard_accel_decel
964442,0.4363,-0.0439,1.0033,-1.0325,-1.2250,0.1138,1001.1030,hard_accel_decel
964502,0.4089,-0.0013,1.1434,-1.0063,2.1263,0.1575,1001.1233,hard_accel_decel
964562,0.3323,-0.0342,0.9973,-1.8987,0.7350,0.2013,1001.1426,hard_accel_decel
964622,0.4491,0.0437,1.0634,-0.1225,0.0700,0.6300,1001.1572,hard_accel_decel
964682,0.3372,0.0545,1.0135,-0.3237,0.2713,0.4638,1001.1746,hard_accel_decel
964742,0.3628,-0.0025,0.9068,0.4812,0.3500,0.0437,1001.1799,hard_accel_decel
964802,0.2898,0.0268,0.8220,-3.1237,1.6100,0.3850,1001.1985,hard_accel_decel
964862,0.4556,-0.0525,1.2201,-3.7362,5.1013,0.5688,1001.2117,hard_accel_decel
964922,0.4446,-0.0073,1.0164,3.0187,-0.3500,1.6363,1001.2197,hard_accel_decel
964982,0.4290,-0.0051,1.1674,0.0962,1.1287,1.2075,1001.2151,hard_accel_decel
965042,0.3192,0.0005,0.9912,2.4675,0.5512,0.6913,1001.2288,hard_accel_decel
965102,0.3298,-0.0778,0.8597,-0.1050,-4.0775,0.5688,1001.2471,hard_accel_decel
965162,0.2725,0.1132,1.0246,4.3575,-1.8375,0.8925,1001.2485,hard_accel_decel
965222,0.3711,-0.0285,0.9784,-1.9075,0.2800,0.4638,1001.2593,hard_accel_decel
965282,0.3236,0.0825,1.0404,-2.4325,1.9162,1.1375,1001.2751,hard_accel_decel
965342,0.2845,-0.0285,0.9072,-1.8987,2.9838,0.7262,1001.2849,hard_accel_decel
965402,0.3357,0.1105,0.9870,-2.4325,0.2537,0.0962,1001.2896,hard_accel_decel
965462,0.3563,0.0644,1.0860,-1.4350,1.3913,0.4725,1001.3115,hard_accel_decel
965522,0.3134,-0.0954,1.0365,0.6737,2.1875,-0.2887,1001.3159,hard_accel_decel
965582,0.2706,-0.0612,0.9182,-0.4462,2.6688,0.0175,1001.3071,hard_accel_decel
965642,0.3848,-0.0662,0.9830,3.3425,1.5137,-0.1750,1001.3198,hard_accel_decel
965702,0.3851,0.0437,1.0738,0.3237,-0.0262,0.4725,1001.3381,hard_accel_decel
965762,0.3054,0.0578,0.9606,-0.3675,-1.7150,0.6562,1001.3398,hard_accel_decel
965822,0.3027,0.0289,0.9402,-0.9712,-0.2275,0.8925,1001.3428,hard_accel_decel
965882,0.3013,-0.0288,0.9736,-1.2075,0.8487,0.3762,1001.3562,hard_accel_decel
965942,0.3089,0.0209,1.0024,-1.4875,-1.7763,0.5075,1001.3494,hard_accel_decel
966002,0.1638,0.0004,0.9367,-1.8463,-1.1463,0.4812,1001.3525,hard_accel_decel
966062,0.2256,0.0024,0.9697,-0.9625,1.0237,0.2013,1001.3567,hard_accel_decel
966122,0.2058,-0.0105,0.9758,-1.1200,-0.1575,0.7175,1001.3599,hard_accel_decel
966182,0.1745,-0.0020,1.0030,0.0437,0.8925,-0.1225,1001.3474,hard_accel_decel
966242,0.1225,0.0203,0.9670,0.9100,1.5225,0.4812,1001.3625,hard_accel_decel
966302,0.0063,-0.0465,0.9246,0.9100,-0.0962,0.5688,1001.3638,hard_accel_decel
966362,0.0532,-0.0468,0.9919,0.1050,0.6825,0.3587,1001.3662,hard_accel_decel
966422,0.0686,0.0138,1.0345,0.2713,0.2713,0.2362,1001.3601,hard_accel_decel
966482,0.0895,0.0242,1.0781,-0.8400,1.6363,0.2537,1001.3652,hard_accel_decel
966542,0.0696,-0.0423,0.9781,1.0938,-0.1050,0.0088,1001.3848,hard_accel_decel
966602,0.0273,-0.0073,0.9819,0.2887,0.7350,0.1663,1001.3640,hard_accel_decel
966662,0.0656,-0.0240,0.9517,0.3413,-0.4900,0.3063,1001.3713,hard_accel_decel
966722,0.0181,-0.0106,0.9597,1.1812,-1.8288,0.4288,1001.3733,hard_accel_decel
966782,0.0205,-0.0261,1.0114,2.1088,1.0150,0.3325,1001.3743,hard_accel_decel
966842,0.0344,-0.0063,1.0462,1.5312,-0.8750,0.4462,1001.3721,hard_accel_decel
966902,-0.0264,-0.0124,0.9407,1.7938,-1.2075,0.4550,1001.3867,hard_accel_decel
966962,-0.0145,0.0431,0.9958,0.8313,0.2188,0.1050,1001.3887,hard_accel_decel
967022,-0.0566,0.0223,0.9567,-0.1663,-0.3500,0.2800,1001.3811,hard_accel_decel
967082,-0.1028,-0.0264,1.0136,0.2013,1.7500,0.2887,1001.3833,hard_accel_decel
967142,-0.1876,0.0323,0.9679,-0.8662,1.7938,0.2713,1001.3748,hard_accel_decel
967202,-0.2230,0.0195,1.0484,0.4462,4.2962,0.0875,1001.3701,hard_accel_decel
967262,-0.3467,0.0622,0.9911,1.0588,3.0625,0.3500,1001.3740,hard_accel_decel
967322,-0.2653,0.0029,1.1024,-1.6275,5.2150,0.5250,1001.3701,hard_accel_decel
967382,-0.3133,-0.0749,0.9729,-1.9425,0.3850,0.3938,1001.3662,hard_accel_decel
967442,-0.4122,0.0776,0.9069,3.1150,5.5738,0.4462,1001.3679,hard_accel_decel
967502,-0.4182,-0.1019,0.5836,-1.9075,-1.8288,-0.4025,1001.3647,hard_accel_decel
967562,-0.4053,-0.0795,0.9828,0.7350,2.5463,0.8487,1001.3469,hard_accel_decel
967622,-0.4047,0.1120,0.9204,1.4963,0.9975,-0.0613,1001.3406,hard_accel_decel
967682,-0.4397,0.1059,0.9356,-1.5575,4.9175,0.0613,1001.3333,hard_accel_decel
967742,-0.4162,-0.1020,0.9340,-2.5988,4.0512,0.3675,1001.3264,hard_accel_decel
967802,-0.4111,-0.0727,0.9531,0.6475,1.4612,0.3675,1001.3245,hard_accel_decel
967862,-0.3985,0.1718,0.8499,3.0013,-2.9575,0.1575,1001.3132,hard_accel_decel
967922,-0.4244,0.0212,1.0161,1.4175,2.2313,1.1200,1001.2986,hard_accel_decel
967982,-0.3855,0.0925,0.8694,1.6275,-0.9625,0.0700,1001.3008,hard_accel_decel
968042,-0.3389,-0.0624,1.2054,3.2113,-2.2750,1.5050,1001.2866,hard_accel_decel
968102,-0.5239,-0.0090,0.8340,3.9375,-3.2287,1.7675,1001.2710,hard_accel_decel
968162,-0.2986,-0.0093,0.8838,-1.6888,-4.2875,0.2450,1001.2739,hard_accel_decel
968222,-0.4092,0.0649,0.9486,-0.0262,-3.1588,0.3237,1001.2681,hard_accel_decel
968282,-0.3655,-0.0659,1.0321,-0.1488,-1.8550,0.3850,1001.2561,hard_accel_decel
968342,-0.4006,-0.0337,1.0366,2.1962,0.0525,0.8050,1001.2476,hard_accel_decel
968402,-0.2140,-0.0524,1.1697,-0.5163,0.8400,-0.1488,1001.2239,hard_accel_decel
968462,-0.4565,0.0537,0.9018,4.7250,3.1325,0.4900,1001.2080,hard_accel_decel
968522,-0.1859,0.0644,1.1087,0.2013,4.2350,0.4988,1001.1919,hard_accel_decel
968582,-0.4348,-0.1175,0.8306,-0.3675,1.7850,0.7350,1001.2024,hard_accel_decel
968642,-0.4050,0.0123,1.0526,-0.8750,2.7387,0.4288,1001.1851,hard_accel_decel
968702,-0.3687,0.0306,1.1354,-3.2900,2.4675,0.2537,1001.1670,hard_accel_decel
968762,-0.4282,-0.1333,0.9350,0.5250,5.1800,0.1838,1001.1697,hard_accel_decel
968822,-0.3421,0.1390,1.0205,-2.0387,-6.2562,0.3587,1001.1467,hard_accel_decel
968882,-0.3535,0.1304,0.9468,-3.6137,0.7700,-0.0088,1001.1306,hard_accel_decel
968942,-0.3049,-0.1953,1.1233,-4.0950,5.1275,-0.0437,1001.0986,hard_accel_decel
969002,-0.2921,0.1235,0.9497,2.0387,-7.2362,0.4200,1001.0906,hard_accel_decel
969062,-0.2782,-0.0529,1.1866,0.7350,3.3250,-0.2800,1001.0955,hard_accel_decel
969122,-0.3174,0.0029,0.9843,1.2337,-0.2975,0.2275,1001.0903,hard_accel_decel
969182,-0.2816,0.0714,1.0210,0.9100,-3.2113,0.3762,1001.0679,hard_accel_decel
969242,-0.3255,-0.0881,1.0164,1.9600,3.2987,-0.1575,1001.0491,hard_accel_decel
969302,-0.3340,0.0559,1.0167,-0.2713,-0.5775,1.4175,1001.0176,hard_accel_decel
969362,-0.2962,0.0222,1.1265,0.1663,2.2575,0.8400,1001.0220,hard_accel_decel
969422,-0.4441,-0.0151,0.7410,0.7088,-3.1325,0.9362,1001.0156,hard_accel_decel
969482,-0.4340,-0.0183,0.9265,1.0237,5.6438,0.3237,1000.9880,hard_accel_decel
969542,-0.2782,0.0527,0.9667,2.0038,0.4462,-0.0437,1000.9646,hard_accel_decel
969602,-0.3169,0.0093,1.0588,1.4350,-0.3850,0.7262,1000.9639,hard_accel_decel
969662,-0.4328,-0.0505,0.7754,3.3163,-3.6050,0.9712,1000.9211,hard_accel_decel
969722,-0.3175,0.0681,0.9202,-3.0625,4.0425,0.6737,1000.9465,hard_accel_decel
969782,-0.2392,-0.1286,1.2010,-2.4938,5.7137,1.0938,1000.8904,hard_accel_decel
969842,-0.3280,0.1923,0.9559,2.3712,-1.7500,1.1200,1000.8877,hard_accel_decel
969902,-0.2876,-0.0261,0.9776,-1.4963,1.3825,0.0613,1000.8518,hard_accel_decel
969962,-0.3511,0.0085,1.0170,1.1725,1.4088,-0.3675,1000.8564,hard_accel_decel
970022,-0.2611,-0.0063,1.1161,-0.0350,-2.4325,0.0525,1000.8254,hard_accel_decel
970082,-0.2982,0.0440,1.0957,1.4262,0.3413,1.3913,1000.8181,hard_accel_decel
970142,-0.2572,-0.0381,1.0738,1.6888,-0.1663,0.1750,1000.8127,hard_accel_decel
970202,-0.3177,0.1386,0.9953,0.2625,0.4025,-0.0700,1000.7754,hard_accel_decel
970262,-0.3753,0.0648,0.8684,0.0613,2.0475,-0.0613,1000.7742,hard_accel_decel
970322,-0.3213,-0.0864,0.8369,-1.9950,-0.1925,0.2362,1000.7480,hard_accel_decel
970382,-0.3894,0.0752,1.0343,-1.2950,-0.3675,0.2362,1000.7356,hard_accel_decel
970442,-0.3828,-0.1344,0.9794,-0.6300,-0.1838,-0.2625,1000.7361,hard_accel_decel
970502,-0.3583,0.1196,1.0086,2.6075,0.0175,0.0525,1000.7258,hard_accel_decel
970562,-0.2645,-0.0342,1.0980,2.5113,2.3712,0.2537,1000.7251,hard_accel_decel
970622,-0.2535,-0.0393,1.1599,4.1650,0.1400,0.4550,1000.6897,hard_accel_decel
970682,-0.3097,-0.1515,0.8872,4.1912,0.2450,-0.1225,1000.6863,hard_accel_decel
970742,-0.2513,0.1321,0.9740,-1.0325,1.1025,0.8750,1000.6775,hard_accel_decel
970802,-0.2395,-0.1870,0.7874,-1.2425,-0.7350,0.8225,1000.6489,hard_accel_decel
970862,-0.3901,0.1754,1.0197,2.3800,-4.6025,1.0412,1000.6348,hard_accel_decel
970922,-0.3048,0.0507,0.9958,3.0712,-2.5025,0.3938,1000.5938,hard_accel_decel
970982,-0.1613,0.1344,1.0646,2.5025,-1.5662,0.0000,1000.5820,hard_accel_decel
971042,-0.4819,0.0188,0.7382,-0.6125,-3.5875,1.3563,1000.5571,hard_accel_decel
971102,-0.2552,0.0164,1.0280,-0.7613,-0.2450,1.0500,1000.5300,hard_accel_decel
971162,-0.3032,-0.1093,0.9481,1.6187,0.7962,1.6625,1000.4980,hard_accel_decel
971222,-0.4301,0.0168,0.8330,-1.9338,-0.0700,0.6562,1000.4875,hard_accel_decel
971282,-0.1101,0.0927,1.1386,0.4462,-3.6488,1.4262,1000.4458,hard_accel_decel
971342,-0.2575,0.1245,1.1055,1.3038,3.7713,0.6737,1000.4280,hard_accel_decel
971402,-0.2774,0.0500,0.9541,0.5775,-5.4425,0.7088,1000.3960,hard_accel_decel
971462,-0.3185,0.0022,0.9029,2.8788,0.0000,0.9187,1000.3911,hard_accel_decel
971522,-0.1945,0.0276,1.1749,0.5775,1.6975,0.7175,1000.3787,hard_accel_decel
971582,-0.2777,0.0266,1.0063,0.5600,0.6562,0.0962,1000.3303,hard_accel_decel
971642,-0.2455,-0.0781,0.9840,-4.5237,2.7387,-0.0350,1000.2808,hard_accel_decel
971702,-0.2564,0.0105,0.9135,-1.6975,3.0450,0.1225,1000.2852,hard_accel_decel
971762,-0.3635,-0.0359,0.8009,-0.1050,-2.9925,0.9538,1000.2803,hard_accel_decel
971822,-0.3104,0.1581,0.8383,1.8550,1.0675,1.1812,1000.2896,hard_accel_decel
971882,-0.2682,0.0127,0.8783,-1.2687,0.3063,-0.0350,1000.2454,hard_accel_decel
971942,-0.2070,0.1007,0.7332,-1.1375,1.8550,-0.0262,1000.2478,hard_accel_decel
972002,-0.2108,0.0651,1.2432,3.0538,0.1838,0.6913,1000.2471,hard_accel_decel
972062,-0.2347,0.0698,1.1968,2.3100,-1.0237,0.2188,1000.2190,hard_accel_decel
972122,-0.2350,0.0506,1.1563,2.3450,3.4037,0.0437,1000.2163,hard_accel_decel
972182,-0.3631,0.0517,1.0341,3.8412,0.0437,0.5250,1000.2407,hard_accel_decel
972242,-0.3409,-0.0651,1.0282,-1.3563,4.2875,0.3150,1000.2532,hard_accel_decel
972302,-0.2603,0.0869,0.8944,-1.3125,-0.3675,0.1838,1000.2190,hard_accel_decel
972362,-0.2489,-0.0062,1.0607,-2.1088,-1.4438,0.1138,1000.2173,hard_accel_decel
972422,-0.2867,0.1298,0.8289,0.6125,0.5337,-0.2013,1000.2039,hard_accel_decel
972482,-0.0633,0.1017,0.9280,-2.0125,6.6413,-0.3325,1000.1343,hard_accel_decel
972542,-0.1898,0.0041,0.9944,-1.4700,0.0525,0.4025,1000.1721,hard_accel_decel
972602,-0.2425,-0.0337,1.0014,-0.1225,-2.9400,0.1575,1000.1667,hard_accel_decel
972662,-0.2439,0.0200,0.9945,-1.2950,-1.3125,-0.2362,1000.1406,hard_accel_decel
972722,-0.3191,0.0303,0.8930,0.5512,-3.6137,0.0262,1000.1470,hard_accel_decel
972782,-0.1717,-0.0143,1.0446,0.0350,-0.5250,0.1925,1000.1677,hard_accel_decel
972842,-0.1550,0.0110,1.1168,0.4200,-0.5425,0.4112,1000.1143,hard_accel_decel
972902,-0.2010,0.1838,1.1465,3.8150,-0.4200,0.1488,1000.0950,hard_accel_decel
972962,-0.1386,0.0620,1.0152,-2.6075,3.6050,-0.2625,1000.0420,hard_accel_decel
973022,-0.1088,-0.0109,1.1046,-0.0350,-2.2313,0.4375,1000.0491,hard_accel_decel
973082,-0.1391,0.0930,0.9950,4.5850,-0.2188,-0.0787,1000.0750,hard_accel_decel
973142,-0.0898,-0.1216,1.0221,-0.9975,1.0588,0.2887,1000.0713,hard_accel_decel
973202,0.0427,0.0151,1.1265,-0.7700,-2.8612,0.5950,1000.0598,hard_accel_decel
973262,0.0057,0.0620,0.8871,-0.2362,0.0262,0.1838,1000.0762,hard_accel_decel
973322,0.0134,-0.0283,0.9125,-0.6125,-4.1125,0.6825,1000.0674,hard_accel_decel
973382,0.1140,0.0207,1.1024,1.7062,-2.8963,0.9975,1000.0344,hard_accel_decel
973442,0.0398,0.0691,0.9806,1.4963,1.5662,0.2013,1000.0303,hard_accel_decel
973502,0.0857,0.0707,1.1002,-1.0063,-0.3762,0.2275,1000.0391,hard_accel_decel
973562,0.0168,0.0190,0.9151,0.6388,0.5863,-0.1575,1000.0505,hard_accel_decel
973622,0.0783,-0.0220,1.1061,-0.1400,3.3775,0.1488,1000.0437,hard_accel_decel
973682,0.0502,0.0161,0.9789,3.1325,1.3650,0.5163,1000.0110,hard_accel_decel
973742,0.0825,0.0803,0.9719,1.4088,-0.7962,0.7962,999.9924,hard_accel_decel
973802,-0.0488,-0.0600,0.9001,-1.6013,0.7088,0.4812,1000.0229,hard_accel_decel
973862,0.0363,0.0217,0.9052,-1.0237,1.3125,0.2100,999.9795,hard_accel_decel
973922,0.0640,0.0800,0.9058,-1.1113,2.6075,0.7788,1000.0037,hard_accel_decel
973982,0.0251,-0.1498,0.8957,-3.9113,5.2675,-0.3762,1000.0518,hard_accel_decel
974042,0.1169,0.1068,1.0905,0.3675,-6.7812,0.9450,1000.0574,hard_accel_decel
974102,0.0855,0.0639,1.0214,-2.4413,0.5863,0.2537,1000.0830,hard_accel_decel
974162,0.1401,0.0203,1.2364,0.5775,2.8438,-0.2537,1000.0959,hard_accel_decel
974222,0.0268,-0.1222,0.7649,-2.6075,1.2337,0.0962,1000.0767,hard_accel_decel
974282,0.1035,-0.0714,1.1019,-1.0237,4.0950,0.0613,1000.0979,hard_accel_decel
974342,0.1480,0.1040,1.2019,0.0525,4.8650,0.4638,1000.1709,hard_accel_decel
974402,0.1278,-0.0625,0.8439,-0.8925,-1.7850,0.0787,1000.1421,hard_accel_decel
974462,0.2681,-0.0569,1.0855,-0.3500,-2.4762,-0.4550,1000.1677,hard_accel_decel
974522,0.3941,0.1178,1.0011,1.3913,-1.4088,-0.2887,1000.1824,hard_accel_decel
974582,0.5283,0.1283,1.0124,-2.3888,-0.7700,-0.2537,1000.1714,hard_accel_decel
974642,0.4853,-0.0227,1.2124,1.2162,-1.1200,0.8662,1000.1565,hard_accel_decel
974702,0.2984,-0.0049,0.9860,-2.0825,3.3775,0.7088,1000.1650,hard_accel_decel
974762,0.2711,0.1310,0.8438,2.7825,-6.0725,0.6650,1000.2139,hard_accel_decel
974822,0.3351,-0.0464,1.1349,2.3712,5.8975,-0.6913,1000.2625,hard_accel_decel
974882,0.3914,0.0241,1.0948,1.2513,2.2662,0.2362,1000.2585,hard_accel_decel
974942,0.3299,-0.0544,0.9362,3.0887,-1.4700,0.0350,1000.3210,hard_accel_decel
975002,0.3289,0.0744,1.0158,4.0338,1.3650,-0.2975,1000.3176,hard_accel_decel
975062,0.4148,-0.0098,1.1672,1.9075,0.2013,0.0350,1000.3684,hard_accel_decel
975122,0.3704,-0.0603,0.9270,1.0850,-1.6100,-0.1575,1000.3701,hard_accel_decel
975182,0.4321,0.1290,0.9199,0.0262,-3.9900,0.0613,1000.4092,hard_accel_decel
975242,0.4631,0.0953,0.9004,-0.7262,-3.3688,0.0262,1000.3772,hard_accel_decel
975302,0.4556,-0.1096,1.0131,-3.2200,0.9887,-0.1138,1000.4031,hard_accel_decel
975362,0.4611,0.0325,1.1014,1.7413,0.2362,0.0088,1000.4358,hard_accel_decel
975422,0.4427,0.0281,0.8901,-1.5400,-1.3563,0.9013,1000.4761,hard_accel_decel
975482,0.4922,-0.0326,0.8558,4.3137,-2.6425,-0.2713,1000.4812,hard_accel_decel
975542,0.4949,0.0258,0.9997,0.6650,1.6275,-0.2100,1000.5403,hard_accel_decel
975602,0.6271,0.2137,1.2395,-0.2188,6.4837,0.0525,1000.5376,hard_accel_decel
975662,0.3799,0.2216,0.9238,1.5137,-0.8925,-0.3587,1000.5779,hard_accel_decel
975722,0.4299,-0.0832,0.7910,1.0850,1.2513,-0.4988,1000.6033,hard_accel_decel
975782,0.4917,0.1194,0.9762,2.6337,-1.7850,0.2362,1000.6223,hard_accel_decel
975842,0.3985,0.0161,0.6906,-0.1750,0.5075,-0.5250,1000.6594,hard_accel_decel
975902,0.4241,-0.1671,0.8420,3.1325,0.0787,0.1225,1000.6775,hard_accel_decel
975962,0.4975,0.0719,0.8577,-1.1025,0.3063,0.9800,1000.7300,hard_accel_decel
976022,0.5644,0.1838,1.1009,0.1488,-1.5137,0.6562,1000.7344,hard_accel_decel
976082,0.4610,0.0099,0.8882,1.6975,1.9338,1.4438,1000.7854,hard_accel_decel
976142,0.4576,-0.0344,0.9257,-0.8487,-4.5500,0.9712,1000.7903,hard_accel_decel
976202,0.5199,-0.0786,0.9820,2.6688,-0.0088,0.1312,1000.8218,hard_accel_decel
976262,0.5688,0.0182,1.0038,-4.8125,0.5775,2.1175,1000.8572,hard_accel_decel
976322,0.4275,0.1042,1.0626,-5.3375,4.0338,1.1200,1000.8630,hard_accel_decel
976382,0.4816,0.1106,0.9525,-3.0013,1.0325,1.0850,1000.8972,hard_accel_decel
976442,0.4363,-0.0156,0.8101,-1.2775,-0.6737,2.0213,1000.9053,hard_accel_decel
976502,0.4321,-0.0444,0.8320,-0.3150,1.1200,1.0500,1000.9600,hard_accel_decel
976562,0.4461,0.1857,0.9755,0.8838,3.2638,0.8050,1000.9731,hard_accel_decel
976622,0.5060,0.2494,0.8740,1.7850,-0.1050,1.0675,1000.9792,hard_accel_decel
976682,0.4158,0.1825,0.9997,-2.9925,1.5488,0.5425,1000.9880,hard_accel_decel
976742,0.4449,-0.0076,0.9231,0.5775,-1.1287,0.7175,1001.0210,hard_accel_decel
976802,0.4202,0.0080,0.9112,2.9225,0.8138,0.1925,1001.0161,hard_accel_decel
976862,0.5290,0.1316,1.2654,5.0575,0.1312,0.8925,1001.0283,hard_accel_decel
976922,0.4905,0.1896,0.9508,1.7413,-4.0338,1.2162,1001.0530,hard_accel_decel
976982,0.4739,-0.0297,0.7025,-2.1000,-1.8200,1.1900,1001.0598,hard_accel_decel
977042,0.3638,-0.1149,0.6428,-2.9750,3.3863,1.6100,1001.0918,hard_accel_decel
977102,0.4143,0.1423,0.9950,1.7675,4.0775,0.3237,1001.0908,hard_accel_decel
977162,0.4753,0.0146,1.0880,0.6475,-1.2250,0.6913,1001.1172,hard_accel_decel
977222,0.5766,0.1421,1.0655,0.4112,-0.9538,0.7088,1001.1521,hard_accel_decel
977282,0.5307,-0.0712,0.8142,-1.9950,-0.9975,0.7088,1001.1582,hard_accel_decel
977342,0.4291,0.0916,0.8423,0.9362,3.8063,0.0000,1001.1770,hard_accel_decel
977402,0.5515,0.2253,0.9092,-2.3537,2.4850,1.2425,1001.1897,hard_accel_decel
977462,0.4849,0.0164,1.1207,0.1050,5.2937,-0.9625,1001.1951,hard_accel_decel
977522,0.3375,0.0559,0.8801,0.3675,0.8838,-1.4088,1001.2214,hard_accel_decel
977582,0.3658,-0.1037,0.6832,0.2450,-0.6737,-0.7262,1001.2310,hard_accel_decel
977642,0.2916,-0.0068,0.9008,-1.4612,-1.0063,0.2887,1001.2412,hard_accel_decel
977702,0.3414,-0.0101,0.8613,-3.3950,-3.1850,0.8925,1001.2476,hard_accel_decel
977762,0.3165,-0.0323,0.8286,-1.4088,-1.4612,0.2013,1001.2644,hard_accel_decel
977822,0.2921,-0.0752,0.9301,0.7175,0.0613,-0.4200,1001.2808,hard_accel_decel
977882,0.3579,-0.0019,0.9667,-0.7700,2.5550,-0.8575,1001.2866,hard_accel_decel
977942,0.4659,0.0261,0.9721,-3.3075,1.4175,0.0437,1001.2876,hard_accel_decel
978002,0.3806,0.0310,0.9146,-1.2950,-1.5137,0.4988,1001.2922,hard_accel_decel
978062,0.3604,0.0240,0.8877,2.3012,0.2887,-0.3237,1001.3074,hard_accel_decel
978122,0.3919,0.0181,0.9922,-1.2075,0.4288,0.5075,1001.3115,hard_accel_decel
978182,0.3750,0.0564,1.0782,1.3650,1.3913,0.3413,1001.3218,hard_accel_decel
978242,0.2259,-0.0122,0.8883,0.9275,-0.0350,0.5075,1001.3220,hard_accel_decel
978302,0.2867,0.0941,1.0326,-1.4525,0.6825,0.3850,1001.3225,hard_accel_decel
978362,0.2552,-0.0090,1.0272,-0.3938,-1.9863,0.5250,1001.3391,hard_accel_decel
978422,0.2554,0.1017,1.0895,1.5925,4.9088,0.2013,1001.3445,hard_accel_decel
978482,0.0410,0.0698,0.9170,-1.0150,-0.0525,-0.1663,1001.3435,hard_accel_decel
978542,0.0876,-0.0805,1.1031,-0.5600,2.2750,-0.4288,1001.3523,hard_accel_decel
978602,0.0605,0.0253,0.9648,0.9187,0.9450,0.1400,1001.3425,hard_accel_decel
978662,0.0303,0.0750,1.0331,-0.9013,4.1562,0.1663,1001.3552,hard_accel_decel
978722,0.1183,0.0269,1.0185,0.7000,-1.1988,-0.1663,1001.3550,hard_accel_decel
978782,0.0983,-0.0171,1.0334,-0.5337,1.2162,-0.2100,1001.3494,hard_accel_decel
978842,0.0518,0.0581,1.0112,-0.4288,1.3212,-0.0787,1001.3611,hard_accel_decel
978902,0.0206,0.0245,0.9946,-0.6650,-1.5662,0.0000,1001.3501,hard_accel_decel
978962,0.1042,0.0757,1.1183,-0.5863,0.7350,0.2362,1001.3438,hard_accel_decel
979022,0.1198,0.0940,1.0287,-1.9338,1.0412,-0.2013,1001.3525,hard_accel_decel
979082,0.0991,0.0107,1.0841,-2.1613,1.3125,-0.2188,1001.3567,hard_accel_decel
979142,0.0230,-0.0239,1.0594,-1.0762,2.9662,-0.4025,1001.3608,hard_accel_decel
979202,-0.0340,0.0415,0.9531,-1.2162,1.2687,0.0262,1001.3586,hard_accel_decel
979262,-0.0205,-0.0908,1.0056,1.7763,1.6537,0.4375,1001.3540,hard_accel_decel
979322,-0.2255,0.0429,0.9661,-1.7325,4.9088,-0.2625,1001.3591,hard_accel_decel
979382,-0.2252,-0.0156,1.1451,1.5050,4.1300,-0.2800,1001.3667,hard_accel_decel
979442,-0.4180,-0.0298,0.8962,1.5750,1.2950,0.2362,1001.3584,hard_accel_decel
979502,-0.4097,-0.0059,1.0785,1.2250,4.7688,0.9013,1001.3630,hard_accel_decel
979562,-0.2021,-0.4441,1.0570,-7.9713,-11.0250,1.7763,1001.3616,hard_accel_decel
979622,-0.3407,-0.0077,1.0248,-2.1000,4.1038,0.2625,1001.3606,hard_accel_decel
979682,-0.3780,0.1100,0.9043,-0.6737,3.0450,0.1488,1001.3381,hard_accel_decel
979742,-0.3495,-0.0283,0.9869,0.3938,-1.0500,0.1488,1001.3430,hard_accel_decel
979802,-0.3795,0.0683,0.9342,0.9887,1.1375,-0.9625,1001.3367,hard_accel_decel
979862,-0.4213,-0.0839,0.6854,-1.1900,-6.3875,0.4025,1001.3171,hard_accel_decel
979922,-0.3540,-0.1413,0.8574,-2.1088,0.7262,1.0938,1001.3162,hard_accel_decel
979982,-0.4780,0.2191,0.9614,7.3063,11.3837,0.4725,1001.3071,hard_accel_decel
980042,-0.1966,-0.0470,0.9869,-2.1437,-1.3737,0.0262,1001.2959,hard_accel_decel
980102,-0.2484,0.2020,1.2093,1.7325,0.9538,1.2425,1001.2732,hard_accel_decel
980162,-0.4011,0.1301,1.0836,3.3950,7.3500,0.1138,1001.2915,hard_accel_decel
980222,-0.2381,0.0373,1.1573,-3.5438,-3.6225,0.5863,1001.2542,hard_accel_decel
980282,-0.1964,-0.0057,1.0382,1.6100,0.1488,-0.2800,1001.2603,hard_accel_decel
980342,-0.1981,0.0712,0.9273,-1.1375,-1.1550,0.1838,1001.2493,hard_accel_decel
980402,-0.1937,0.2084,1.1161,-2.3888,4.1825,0.3762,1001.2241,hard_accel_decel
980462,-0.4455,-0.1242,0.6905,-2.0125,0.1663,0.2800,1001.2322,hard_accel_decel
980522,-0.2086,0.1337,1.1248,0.3150,-1.8900,-0.2800,1001.2102,hard_accel_decel
980582,-0.2752,0.0935,1.1839,-1.3212,-0.9538,-0.8050,1001.2019,hard_accel_decel
980642,-0.2811,-0.0293,1.0399,1.4963,0.7962,0.0437,1001.1892,hard_accel_decel
980702,-0.2194,0.2328,1.0502,-1.0588,-1.5838,0.6388,1001.1831,hard_accel_decel
980762,-0.2725,0.0201,0.9802,-1.9512,2.0650,0.5775,1001.1726,hard_accel_decel
980822,-0.4321,0.0093,0.9289,-1.3388,0.1225,0.4462,1001.1536,hard_accel_decel
980882,-0.3336,-0.0730,0.8377,-1.1638,-3.0712,0.5075,1001.1365,hard_accel_decel
980942,-0.4787,0.0206,0.8666,0.0875,-0.9275,-0.2625,1001.1252,hard_accel_decel
981002,-0.3191,0.0483,0.8043,0.5950,-3.2725,-0.3150,1001.1201,hard_accel_decel
981062,-0.2757,-0.1485,1.0899,-0.3150,-0.7088,0.7262,1001.0952,hard_accel_decel
981122,-0.4005,0.0368,0.8740,1.5400,-2.7125,0.6825,1001.0886,hard_accel_decel
981182,-0.2567,-0.0026,1.1161,1.2513,-3.4037,0.5163,1001.0696,hard_accel_decel
981242,-0.4067,-0.0632,1.0477,4.9350,-0.8050,1.2862,1001.0715,hard_accel_decel
981302,-0.3477,0.0942,1.1632,0.5337,3.4213,0.4725,1001.0535,hard_accel_decel
981362,-0.1189,0.0666,1.3249,0.9887,7.3500,0.7175,1001.0408,hard_accel_decel
981422,-0.2521,0.0134,0.9267,1.1025,0.1050,0.1925,1001.0420,hard_accel_decel
981482,-0.2123,0.0695,1.2357,-1.3212,-1.1812,1.7763,1001.0312,hard_accel_decel
981542,-0.2676,0.0655,1.1531,2.3100,-0.2275,-0.9450,1001.0159,hard_accel_decel
981602,-0.2731,0.3004,1.0687,1.5575,-4.5850,0.0262,1000.9961,hard_accel_decel
981662,-0.1167,0.2187,1.0307,-0.1925,-5.3900,1.1375,1000.9868,hard_accel_decel
981722,-0.4041,-0.0961,0.7601,0.2362,0.0700,0.6825,1000.9797,hard_accel_decel
981782,-0.3406,0.0825,1.0387,0.4812,1.6800,0.0000,1000.9868,hard_accel_decel
981842,-0.1952,-0.0559,0.8065,-1.9950,2.8612,-0.5775,1000.9692,hard_accel_decel
981902,-0.3733,0.0468,1.1556,0.6562,3.3863,0.5337,1000.9778,hard_accel_decel
981962,-0.4025,-0.0695,0.8608,0.8662,-0.9538,0.2362,1000.9573,hard_accel_decel
982022,-0.1388,0.0905,1.1262,3.8675,-2.2925,0.2713,1000.9407,hard_accel_decel
982082,-0.2356,-0.1939,0.8774,-2.3100,1.5838,0.8750,1000.9148,hard_accel_decel
982142,-0.2884,-0.1108,0.8123,2.4413,-5.3550,1.3125,1000.8940,hard_accel_decel
982202,-0.2370,0.1543,1.0556,3.9550,-3.2200,0.4900,1000.8975,hard_accel_decel
982262,-0.2864,-0.2461,0.7591,-1.4963,-2.9050,-0.6913,1000.8940,hard_accel_decel
982322,-0.3724,-0.1798,0.6739,3.6400,1.3300,0.1225,1000.8997,hard_accel_decel
982382,-0.3016,0.0293,1.1568,-0.5775,0.7437,1.0588,1000.8743,hard_accel_decel
982442,-0.3792,-0.2578,0.7998,-1.1463,3.9637,1.2862,1000.8618,hard_accel_decel
982502,-0.1788,0.2191,1.0607,-2.6950,-3.5087,1.4700,1000.8103,hard_accel_decel
982562,-0.1500,0.0634,1.2192,-3.2725,-1.7938,1.8550,1000.8245,hard_accel_decel
982622,-0.1867,0.0680,1.2083,0.6825,-0.6300,-0.4638,1000.7834,hard_accel_decel
982682,-0.2657,-0.0062,0.8295,2.0213,-2.7475,-0.2800,1000.7935,hard_accel_decel
982742,-0.3143,-0.1931,0.6568,-2.2662,-3.6575,0.5337,1000.7729,hard_accel_decel
982802,-0.2155,0.1412,0.8991,-6.0462,-2.4150,0.5163,1000.7930,hard_accel_decel
982862,-0.1676,0.0875,1.3041,1.3737,-5.3637,0.2625,1000.7610,hard_accel_decel
982922,-0.2561,-0.0098,1.0430,-0.9450,3.4562,-0.2625,1000.7661,hard_accel_decel
982982,-0.4304,0.0910,0.8896,3.3338,3.1325,0.0088,1000.7378,hard_accel_decel
983042,-0.2525,-0.2369,0.9950,-9.3888,1.2425,0.8050,1000.7495,hard_accel_decel
983102,-0.1215,0.1212,1.2876,-2.5463,7.9100,-0.4200,1000.7334,hard_accel_decel
983162,-0.1906,0.1742,1.1216,-0.9013,1.1638,1.4612,1000.6992,hard_accel_decel
983222,-0.3165,0.2222,0.6914,-1.1812,0.4375,0.2887,1000.7002,hard_accel_decel
983282,-0.1042,-0.2320,1.0993,-4.3488,-5.1275,1.3563,1000.6707,hard_accel_decel
983342,-0.4489,-0.0359,0.6429,2.1350,-0.9800,0.2800,1000.6431,hard_accel_decel
983402,-0.1577,0.3470,1.3176,1.4350,0.0787,-0.5337,1000.6750,hard_accel_decel
983462,-0.3156,-0.1773,0.9182,-2.5287,2.8263,-0.6037,1000.6404,hard_accel_decel
983522,-0.2893,0.0663,0.7709,3.6750,-11.8300,0.9187,1000.6194,hard_accel_decel
983582,-0.2355,0.1322,1.0075,1.5750,-0.6475,-0.8050,1000.6169,hard_accel_decel
983642,-0.0200,-0.0640,1.1432,-3.8238,-3.0100,-0.1575,1000.5796,hard_accel_decel
983702,-0.1664,-0.0010,1.0716,0.4025,-1.7413,0.6650,1000.5852,hard_accel_decel
983762,-0.1847,0.2128,1.0370,5.9325,-0.3850,0.3237,1000.5874,hard_accel_decel
983822,-0.2106,-0.0201,1.2236,0.9887,6.2300,-0.9887,1000.5676,hard_accel_decel
983882,-0.3074,0.0566,0.8844,1.9775,2.8875,-0.1663,1000.5420,hard_accel_decel
983942,-0.2406,0.0725,0.9514,-0.5950,5.7225,0.1050,1000.5510,hard_accel_decel
984002,-0.2357,0.0195,1.1796,1.1113,3.5262,0.0962,1000.5632,hard_accel_decel
984062,-0.2218,0.1709,1.0005,3.4300,-1.5662,0.6737,1000.5554,hard_accel_decel
984122,-0.3002,-0.0165,0.8876,-2.8700,-0.0350,-0.6737,1000.4915,hard_accel_decel
984182,-0.3716,-0.0795,0.6190,-0.6300,-0.6737,0.0875,1000.4993,hard_accel_decel
984242,-0.2208,0.1749,0.8443,0.8225,-1.7938,0.7088,1000.4915,hard_accel_decel
984302,-0.1762,-0.1029,1.1031,-3.4913,0.4638,0.0787,1000.4500,hard_accel_decel
984362,-0.2982,-0.1360,0.7220,0.6562,0.6125,-0.3762,1000.4524,hard_accel_decel
984422,-0.2599,-0.0971,0.9251,0.6562,2.5463,-0.8575,1000.4626,hard_accel_decel
984482,-0.2399,0.0508,1.1519,2.2050,4.1737,-0.1400,1000.4377,hard_accel_decel
984542,-0.2421,-0.0190,1.0051,1.9512,-1.1463,-0.2537,1000.4023,hard_accel_decel
984602,-0.1613,-0.0397,1.0802,0.8925,-1.9250,0.6037,1000.3992,hard_accel_decel
984662,-0.2884,-0.1010,0.9503,2.1962,4.3400,-0.6737,1000.3887,hard_accel_decel
984722,-0.1891,0.0563,0.9896,-1.6013,-0.8925,0.7350,1000.3708,hard_accel_decel
984782,-0.2235,0.0514,0.7912,-1.8463,-2.4237,0.3850,1000.3176,hard_accel_decel
984842,-0.1554,0.1545,1.1444,-2.3712,4.4800,-0.0437,1000.3130,hard_accel_decel
984902,0.0183,-0.0156,1.1890,-6.0025,-4.5062,0.7350,1000.2864,hard_accel_decel
984962,-0.1677,0.0291,1.1250,0.7613,2.6163,-0.4288,1000.2974,hard_accel_decel
985022,-0.1857,-0.0147,1.1059,7.1750,-2.1263,0.5163,1000.2981,hard_accel_decel
985082,-0.3596,0.0200,0.8020,-2.1350,-2.0387,0.1750,1000.2568,hard_accel_decel
985142,-0.1657,-0.0712,0.9653,-1.1287,-0.7525,0.9362,1000.2390,hard_accel_decel
985202,-0.2722,0.1805,1.1475,3.4125,3.7887,-0.7000,1000.2371,hard_accel_decel
985262,-0.1476,0.4111,1.0915,-2.6688,3.7625,-0.5075,1000.2373,hard_accel_decel
985322,0.0381,0.1140,1.4349,-2.2313,-2.4150,0.7962,1000.1997,hard_accel_decel
985382,-0.0971,-0.0364,1.2519,1.2075,1.8637,0.6825,1000.2188,hard_accel_decel
985442,-0.0791,0.3123,0.8821,3.5963,0.8662,0.1838,1000.1912,hard_accel_decel
985502,0.0627,0.2510,1.1061,-0.0875,-7.3150,1.3300,1000.1826,hard_accel_decel
985562,0.0159,-0.2504,0.9328,3.4738,1.8375,0.1400,1000.1902,hard_accel_decel
985622,-0.0659,-0.1408,0.7565,3.7450,0.7788,0.2275,1000.1238,hard_accel_decel
985682,0.0522,0.2287,1.1214,-3.2200,1.3650,0.6300,1000.1321,hard_accel_decel
985742,0.1900,-0.0259,1.1122,-5.8100,0.4200,0.2713,1000.0974,hard_accel_decel
985802,0.1637,0.0168,1.0477,-2.9137,-1.6013,0.3325,1000.1165,hard_accel_decel
985862,0.0727,0.0132,0.9006,0.1925,6.0025,-0.0175,1000.1472,hard_accel_decel
985922,0.1208,0.1140,0.9875,-0.1050,-0.8838,-0.4462,1000.1296,hard_accel_decel
985982,0.1040,-0.0049,1.0155,-0.3675,0.6037,0.2275,1000.1184,hard_accel_decel
986042,0.1325,0.0793,1.0124,-1.9512,-1.8112,0.3237,1000.1538,hard_accel_decel
986102,0.0753,0.0365,0.8650,-3.3512,-4.0775,0.2275,1000.1479,hard_accel_decel
986162,0.0178,-0.0188,0.9740,-5.3987,1.2862,-0.2275,1000.2134,hard_accel_decel
986222,0.1138,-0.0069,1.1115,0.2362,0.8575,-0.6737,1000.2244,hard_accel_decel
986282,0.0994,0.0766,1.0895,-3.7800,-0.8575,-0.2887,1000.2026,hard_accel_decel
986342,0.0032,-0.0012,0.7695,-8.2338,-1.9863,0.3325,1000.1855,hard_accel_decel
986402,0.0517,-0.0254,0.8950,-3.5000,-3.7362,0.0875,1000.2104,hard_accel_decel
986462,0.0669,0.1493,0.9931,-9.2225,-0.1838,0.5163,1000.2373,hard_accel_decel
986522,0.1793,0.0905,1.2983,-6.2825,0.5950,-0.1488,1000.2305,hard_accel_decel
986582,0.2893,0.0874,1.3964,-7.4900,2.4150,-0.8050,1000.2292,hard_accel_decel
986642,0.1827,-0.0381,1.2930,-3.3512,14.0525,-0.2450,1000.2595,hard_accel_decel
986702,0.0622,0.0037,1.0812,3.1325,-3.6837,-0.4550,1000.2788,hard_accel_decel
986762,-0.0143,0.1068,0.9744,4.2000,0.1400,0.1663,1000.2859,hard_accel_decel
986822,0.1845,0.3455,1.2967,-9.3538,2.7300,-0.2625,1000.2634,hard_accel_decel
986882,0.2196,-0.0532,1.2209,-0.0787,-1.6013,-0.6650,1000.2737,hard_accel_decel
986942,0.1127,-0.1605,1.0011,0.3938,-0.7875,-1.0938,1000.2695,hard_accel_decel
987002,0.2086,0.2665,1.2171,3.0625,-4.7162,0.6300,1000.2622,hard_accel_decel
987062,0.1247,-0.1727,0.5314,-1.6888,-6.8600,-0.0175,1000.2837,hard_accel_decel
987122,0.2008,0.1157,1.0566,4.0950,-0.6562,0.5688,1000.3032,hard_accel_decel
987182,0.1130,-0.2184,0.6939,-4.4012,2.0038,-0.8575,1000.3066,hard_accel_decel
987242,0.3538,-0.0010,0.9939,-2.3975,0.6650,-0.0525,1000.3054,hard_accel_decel
987302,0.6379,-0.2130,1.1846,-0.7613,10.1500,1.0762,1000.2893,hard_accel_decel
987362,0.5455,-0.3296,1.3557,9.9312,5.9062,4.1737,1000.3582,hard_accel_decel
987422,0.2679,0.0790,1.1641,2.5812,5.6613,0.4375,1000.4119,hard_accel_decel
987482,0.0767,-0.0454,0.5993,4.2175,-2.3012,-0.2537,1000.4229,hard_accel_decel
987542,0.2294,0.0529,0.9647,3.6137,-4.4363,-0.2800,1000.4392,hard_accel_decel
987602,0.4749,-0.0007,1.1337,0.8750,-0.6300,-0.3938,1000.4685,hard_accel_decel
987662,0.5120,0.0739,1.0763,-0.1575,-6.3700,0.5775,1000.4888,hard_accel_decel
987722,0.4008,-0.1810,0.9057,-0.8838,-1.4612,0.0875,1000.5056,hard_accel_decel
987782,0.4942,0.1804,1.0876,2.0825,-4.9525,0.3325,1000.5017,hard_accel_decel
987842,0.5366,-0.0324,1.1651,-1.4262,-2.7562,1.8987,1000.6189,hard_accel_decel
987902,0.3681,-0.1049,0.8716,-1.3038,-2.7213,0.4988,1000.6121,hard_accel_decel
987962,0.5464,0.2038,1.2058,2.7387,1.4438,1.6800,1000.6372,hard_accel_decel
988022,0.4695,-0.0603,1.1199,-1.9338,1.0500,1.6013,1000.6770,hard_accel_decel
988082,0.5212,-0.2176,0.7408,1.0675,1.9950,1.5662,1000.6797,hard_accel_decel
988142,0.4555,0.0954,0.9808,-0.5600,2.5375,1.7325,1000.7251,hard_accel_decel
988202,0.6254,-0.1896,1.1902,-1.4088,-2.5638,0.6650,1000.7327,hard_accel_decel
988262,0.5469,-0.0935,1.2313,6.4837,2.0738,0.5600,1000.7971,hard_accel_decel
988322,0.6376,0.0566,0.8948,0.2625,-2.3187,1.0237,1000.7832,hard_accel_decel
988382,0.4372,0.0981,0.8698,-1.8025,-0.8225,1.9950,1000.8330,hard_accel_decel
988442,0.5026,-0.1601,0.8203,4.6462,0.0962,-0.4375,1000.8521,hard_accel_decel
988502,0.2562,-0.1271,0.6339,0.1750,6.8600,1.9775,1000.8772,hard_accel_decel
988562,0.4394,0.0034,0.9692,-0.7788,-0.7000,-0.8925,1000.8718,hard_accel_decel
988622,0.5915,0.1200,1.2717,-3.0887,6.1775,0.4988,1000.9019,hard_accel_decel
988682,0.5763,0.0417,1.1048,2.9575,-4.8300,0.5425,1000.9238,hard_accel_decel
988742,0.6188,0.0429,1.1078,4.4363,-7.0262,-0.7875,1000.9348,hard_accel_decel
988802,0.6518,0.3184,1.0324,4.6112,-0.3938,-0.0700,1000.9526,hard_accel_decel
988862,0.5367,-0.0759,0.9262,-1.2687,-3.9987,0.9100,1000.9553,hard_accel_decel
988922,0.6766,0.2553,1.1544,-1.1375,3.3250,0.4812,1000.9729,hard_accel_decel
988982,0.5775,-0.0617,1.2944,1.7938,-4.8212,1.6187,1000.9663,hard_accel_decel
989042,0.4099,-0.0461,0.8226,3.6400,-5.0750,-0.8400,1001.0159,hard_accel_decel
989102,0.1774,0.0102,1.0612,1.2775,-2.9313,1.1025,1001.0083,hard_accel_decel
989162,0.4617,-0.0183,0.9052,2.0387,-5.6788,1.0850,1001.0247,hard_accel_decel
989222,0.4041,0.0437,0.8628,-1.5050,-1.8463,0.9362,1001.0410,hard_accel_decel
989282,0.3677,-0.0954,0.7581,-8.1025,-1.4963,-0.7788,1001.0537,hard_accel_decel
989342,0.5405,0.0029,0.8850,-3.0975,3.4300,-0.1400,1001.0513,hard_accel_decel
989402,0.2635,-0.2533,0.9628,3.8238,-2.2838,1.0500,1001.0713,hard_accel_decel
989462,0.4143,-0.1008,0.9353,0.4812,-0.9187,0.3850,1001.0955,hard_accel_decel
989522,0.7354,-0.0418,1.3727,2.0038,-0.6825,0.6388,1001.1216,hard_accel_decel
989582,0.6886,0.0210,1.1107,-4.1825,3.8937,0.4462,1001.1292,hard_accel_decel
989642,0.4746,-0.0457,0.7865,-1.2687,1.4350,0.7788,1001.1604,hard_accel_decel
989702,0.4548,-0.0470,1.0740,-4.9262,4.3925,1.0938,1001.1726,hard_accel_decel
989762,0.3494,0.1318,0.9489,-2.5113,1.1025,0.5163,1001.1907,hard_accel_decel
989822,0.4690,0.0611,1.0061,-1.9075,0.1663,0.7875,1001.1890,hard_accel_decel
989882,0.4707,0.0461,0.9050,-3.6312,1.8987,0.9800,1001.2227,hard_accel_decel
989942,0.3889,-0.0625,0.9331,-1.7150,-0.4988,1.1025,1001.2109,hard_accel_decel
990002,0.2821,0.0179,0.8147,2.7738,0.4988,0.4550,1001.2180,hard_accel_decel
990062,0.3475,-0.0798,0.8350,-2.8350,1.5575,0.6300,1001.2317,hard_accel_decel
990122,0.3467,-0.0118,1.0799,0.7613,-0.9100,0.4200,1001.2402,hard_accel_decel
990182,0.4469,-0.0390,1.0453,-1.0412,0.3762,0.2975,1001.2405,hard_accel_decel
990242,0.3414,-0.0224,0.9774,-2.8438,0.0962,0.6650,1001.2581,hard_accel_decel
990302,0.3697,0.0325,1.0893,1.9600,0.9362,0.6825,1001.2690,hard_accel_decel
990362,0.2877,0.0212,0.9638,0.3850,-1.4612,-0.4550,1001.2737,hard_accel_decel
990422,0.3152,-0.0322,0.9657,2.0912,0.2800,0.8313,1001.3035,hard_accel_decel
990482,0.2957,-0.0445,0.9850,-0.3150,0.2800,0.2013,1001.3081,hard_accel_decel
990542,0.2974,-0.0261,0.9514,0.7437,-1.1113,0.5337,1001.2949,hard_accel_decel
990602,0.2547,-0.0551,0.9442,-0.6212,1.1287,1.0150,1001.2959,hard_accel_decel
990662,0.3213,0.0618,1.0692,-0.6825,1.1113,0.2275,1001.2944,hard_accel_decel
990722,0.2729,0.0093,0.8935,-2.2137,-0.1312,0.1225,1001.3091,hard_accel_decel
990782,0.3135,-0.0020,0.9936,0.7000,-1.3125,0.4550,1001.3103,hard_accel_decel
990842,0.2111,0.0016,0.8969,0.7962,-0.8138,0.0787,1001.3188,hard_accel_decel
990902,0.2320,-0.0598,0.9274,0.9712,-0.4375,-0.0875,1001.3159,hard_accel_decel
990962,0.2686,0.0190,1.0478,-0.3500,1.8112,0.4725,1001.3279,hard_accel_decel
991022,0.2089,-0.0281,1.0194,-0.3762,0.3150,0.2450,1001.3506,hard_accel_decel
991082,0.1962,0.0234,1.0655,2.8087,0.5337,-0.4988,1001.3425,hard_accel_decel
991142,0.1205,-0.0544,0.9865,2.4150,-0.2713,0.0175,1001.3342,hard_accel_decel
991202,0.0939,-0.0264,0.9382,2.1000,0.0787,-0.2625,1001.3354,hard_accel_decel
991262,0.0996,-0.0196,0.9731,2.8087,0.4375,0.0875,1001.3423,hard_accel_decel
991322,0.1029,0.0308,1.0606,-0.4988,0.4900,0.4112,1001.3533,hard_accel_decel
991382,0.0564,0.0078,0.9689,-1.5312,2.5988,0.6562,1001.3523,hard_accel_decel
991442,0.0237,-0.0041,1.0219,-0.7088,1.5312,0.1488,1001.3523,hard_accel_decel
991502,0.0595,0.0451,1.0395,-0.3850,-0.4988,-0.4462,1001.3542,hard_accel_decel
991562,0.0869,-0.0051,0.9958,-0.4900,0.9887,-0.4200,1001.3513,hard_accel_decel
991622,0.0916,-0.0149,0.9808,-1.5838,-0.4025,0.1663,1001.3589,hard_accel_decel
991682,0.0578,-0.0381,1.0089,-0.5512,0.3500,0.4550,1001.3616,hard_accel_decel
991742,0.0844,-0.0425,0.9984,1.6013,-1.0063,0.4638,1001.3540,hard_accel_decel
991802,0.0422,0.0205,1.0191,2.8263,0.8400,0.0262,1001.3572,hard_accel_decel
991862,0.0103,0.0137,0.9353,0.8925,0.8750,0.1575,1001.3628,hard_accel_decel
991922,0.0342,-0.0476,0.9938,1.4875,-0.6388,0.2537,1001.3542,hard_accel_decel
991982,0.0619,0.0297,1.0230,1.1113,1.0588,0.2975,1001.3596,hard_accel_decel
992042,0.0161,-0.0119,0.9643,-0.0525,0.0787,0.1050,1001.3662,hard_accel_decel
992102,0.0127,-0.0373,0.9165,0.2625,1.1988,0.0000,1001.3499,hard_accel_decel
992162,0.0320,0.0509,1.0199,1.1900,1.6712,-0.1138,1001.3591,hard_accel_decel
992222,0.0645,0.0254,1.0244,-1.3563,-0.7000,0.6300,1001.3650,hard_accel_decel
992282,0.1066,0.0393,1.0795,-0.0175,-1.1025,0.7088,1001.3525,hard_accel_decel
992342,0.0290,0.0386,0.9985,-0.5688,0.2537,0.3325,1001.3557,hard_accel_decel
992402,0.0232,0.0135,0.9577,-1.3038,-1.5488,-0.4288,1001.3545,hard_accel_decel
992462,0.0646,-0.0825,1.0133,1.2600,0.4112,-0.2975,1001.3606,hard_accel_decel
992522,0.0115,0.0334,0.9604,2.0475,1.7763,-0.1925,1001.3574,hard_accel_decel
992582,0.0209,-0.0557,0.9653,0.5337,0.1750,0.4550,1001.3467,hard_accel_decel
