.0437,0.2625,0.2537,1001.3201,smooth_accel_decel2
380522,0.0218,0.0125,0.9874,0.0525,0.2100,0.2450,1001.3201,smooth_accel_decel2
380582,0.0204,0.0048,0.9904,0.1488,0.0875,0.20,407522,-0.0485,0.0407,0.9974,0.3150,0.2275,0.2013,1001.2756,smooth_accel_decel2
407582,-0.0476,0.0310,0.9997,0.3325,0.2275,0.2887,1001.2979,smooth_accel_decel2
407642,-0.0459,0.0368,0.9895,0.0700,0.0875,0.2275,1001.2915,smooth_accel_decel2
407702,-0.0420,0.0428,0.9990,0.3150,0.3063,0.1225,1001.2913,smooth_accel_decel2
407762,-0.0422,0.0398,0.9927,0.1838,0.1838,0.0525,1001.2922,smooth_accel_decel2
407822,-0.0464,0.0395,0.9974,-0.2100,0.2362,0.1138,1001.2896,smooth_accel_decel2
407882,-0.0428,0.0420,0.9943,0.1663,0.3675,0.1663,1001.2849,smooth_accel_decel2
407942,-0.0434,0.0317,0.9987,-0.0875,0.2450,0.1750,1001.2922,smooth_accel_decel2
408002,-0.0395,0.0347,0.9939,0.4900,0.3413,0.0875,1001.2900,smooth_accel_decel2
408062,-0.0381,0.0339,0.9981,0.3675,0.3675,0.0437,1001.2854,smooth_accel_decel2
408122,-0.0432,0.0217,0.9958,0.8838,0.4550,0.1488,1001.2932,smooth_accel_decel2
408182,-0.0472,0.0412,0.9838,0.7437,0.5950,0.3938,1001.2900,smooth_accel_decel2
408242,-0.0378,0.0488,0.9950,0.4900,0.5250,0.2362,1001.2898,smooth_accel_decel2
408302,-0.0376,0.0437,0.9997,-0.1488,0.4988,0.0875,1001.2778,smooth_accel_decel2
408362,-0.0454,0.0376,0.9796,-0.0175,0.4200,-0.0088,1001.2913,smooth_accel_decel2
408422,-0.0393,0.0239,0.9960,0.0000,0.5512,-0.0437,1001.2866,smooth_accel_decel2
408482,-0.0295,0.0410,0.9921,0.0962,0.3413,0.1575,1001.2927,smooth_accel_decel2
408542,-0.0383,0.0107,0.9975,0.2800,0.0525,0.3500,1001.2905,smooth_accel_decel2
408602,-0.0312,0.0527,1.0092,0.0525,0.3150,0.2537,1001.2910,smooth_accel_decel2
408662,-0.0183,0.0565,0.9948,-0.2975,0.1838,0.2975,1001.2805,smooth_accel_decel2
408722,-0.0347,0.0335,1.0097,-0.3938,0.3237,0.2887,1001.2854,smooth_accel_decel2
408782,-0.0349,0.0325,0.9853,-0.4812,0.4375,0.1838,1001.2944,smooth_accel_decel2
408842,-0.0212,0.0151,0.9952,-0.8487,0.2013,0.1750,1001.2961,smooth_accel_decel2
408902,-0.0476,0.0412,0.9918,-0.9100,-0.1925,0.2362,1001.2917,smooth_accel_decel2
408962,-0.0390,0.0364,0.9990,-0.0613,0.2275,0.3237,1001.2800,smooth_accel_decel2
409022,-0.0485,0.0327,0.9907,-0.0262,0.3325,0.2975,1001.2820,smooth_accel_decel2
409082,-0.0529,0.0373,0.9912,-0.0088,0.5337,0.4375,1001.2969,smooth_accel_decel2
409142,-0.0700,0.0488,0.9967,-0.4288,0.3675,0.4112,1001.2930,smooth_accel_decel2
409202,-0.0786,0.0207,1.0025,-0.8313,0.5863,0.4462,1001.2878,smooth_accel_decel2
409262,-0.0898,0.0403,0.9853,-1.1463,0.6650,0.3237,1001.2871,smooth_accel_decel2
409322,-0.0983,0.0319,0.9745,-0.9187,0.4550,0.3500,1001.2893,smooth_accel_decel2
409382,-0.0974,0.0188,0.9938,-1.0588,0.4025,0.2625,1001.2769,smooth_accel_decel2
409442,-0.1188,0.0143,1.0026,-0.7000,0.6913,0.3237,1001.2864,smooth_accel_decel2
409502,-0.1276,0.0171,1.0175,1.2600,1.0325,0.2275,1001.2854,smooth_accel_decel2
409562,-0.1113,0.0154,0.9953,1.1900,0.6125,0.3413,1001.2913,smooth_accel_decel2
409622,-0.1461,0.0122,1.0028,2.1175,0.7437,-0.0262,1001.2776,smooth_accel_decel2
409682,-0.1615,0.0489,0.9837,3.0363,0.3587,-0.0875,1001.2839,smooth_accel_decel2
409742,-0.1063,0.0534,1.0260,1.6625,0.3500,0.1925,1001.2881,smooth_accel_decel2
409802,-0.1171,0.0334,1.0050,1.1200,0.0700,0.2013,1001.2756,smooth_accel_decel2
409862,-0.1593,0.0368,0.9333,0.6212,0.0175,0.1225,1001.2671,smooth_accel_decel2
409922,-0.1369,0.0373,1.0082,0.9275,0.2713,-0.1925,1001.2673,smooth_accel_decel2
409982,-0.0869,0.0632,1.0741,-0.6037,1.1550,-0.0613,1001.2649,smooth_accel_decel2
410042,-0.1509,0.0317,0.9684,0.2887,0.3150,0.0175,1001.2676,smooth_accel_decel2
410102,-0.1549,0.0603,0.9542,-0.2887,-0.2800,0.0875,1001.2637,smooth_accel_decel2
410162,-0.1207,-0.0193,0.9912,0.1663,-1.1900,0.0350,1001.2688,smooth_accel_decel2
410222,-0.0949,0.0078,0.9885,1.1200,-0.7262,0.4288,1001.2676,smooth_accel_decel2
410282,-0.1311,0.0463,1.0146,0.3587,0.1663,0.2713,1001.2646,smooth_accel_decel2
410342,-0.1945,0.0213,0.9738,0.0700,1.1638,-0.0262,1001.2646,smooth_accel_decel2
410402,-0.1268,0.0567,1.0121,0.2362,-0.6825,0.1750,1001.2537,smooth_accel_decel2
410462,-0.0922,-0.0297,0.9806,-1.0588,-0.0875,0.5775,1001.2595,smooth_accel_decel2
410522,-0.0874,0.0798,1.0958,0.0437,0.4200,0.3150,1001.2498,smooth_accel_decel2
410582,-0.1347,0.0142,1.0170,-0.3762,0.9625,0.3850,1001.2544,smooth_accel_decel2
410642,-0.1136,0.0088,0.9863,-2.9137,-0.6125,0.5950,1001.2515,smooth_accel_decel2
410702,-0.1035,-0.0173,1.0050,-1.2075,0.8225,0.2100,1001.2490,smooth_accel_decel2
410762,-0.1620,0.0242,0.9767,0.9538,0.9362,-0.5425,1001.2480,smooth_accel_decel2
410822,-0.0716,0.0090,1.0265,3.1675,0.4288,-0.4112,1001.2520,smooth_accel_decel2
410882,-0.0753,0.0221,1.0136,2.0387,-0.2362,-0.0262,1001.2493,smooth_accel_decel2
410942,-0.1274,0.0129,0.9289,1.0237,-0.7262,0.3500,1001.2302,smooth_accel_decel2
411002,-0.0883,0.0259,0.9872,0.0525,0.4900,0.4725,1001.2397,smooth_accel_decel2
411062,-0.1587,0.0730,0.9426,1.4700,-0.1400,0.0437,1001.2263,smooth_accel_decel2
411122,-0.1559,0.0403,1.0051,-0.6212,1.6625,-0.3325,1001.2244,smooth_accel_decel2
411182,-0.1515,-0.0287,0.9781,-1.8813,-0.3063,0.0525,1001.2227,smooth_accel_decel2
411242,-0.1493,-0.0666,0.8627,-1.8550,-1.7325,-0.0613,1001.2217,smooth_accel_decel2
411302,-0.1669,-0.0016,0.9870,0.0175,1.3038,-0.2450,1001.2283,smooth_accel_decel2
411362,-0.0778,0.0391,1.0992,0.0000,0.9712,0.0350,1001.2183,smooth_accel_decel2
411422,-0.0739,0.0731,1.0353,0.0088,-0.1400,0.1225,1001.2285,smooth_accel_decel2
411482,-0.1454,-0.0637,0.9875,1.1200,0.3587,0.2275,1001.2209,smooth_accel_decel2
411542,-0.1254,0.0874,0.9517,-0.5950,-0.6650,0.5512,1001.2161,smooth_accel_decel2
411602,-0.1123,0.0981,1.0149,-2.0038,-0.3150,0.4288,1001.2112,smooth_accel_decel2
411662,-0.1103,0.0666,0.9775,-0.6737,0.9712,0.6650,1001.2161,smooth_accel_decel2
411722,-0.1332,0.0789,0.9074,-0.0962,0.4462,-0.2537,1001.2000,smooth_accel_decel2
411782,-0.1293,0.0847,1.0494,1.4963,-0.6388,-0.2013,1001.1941,smooth_accel_decel2
411842,-0.2120,0.0827,0.8642,0.4812,-1.8463,-0.1838,1001.2051,smooth_accel_decel2
411902,-0.2037,0.0282,0.9548,0.6562,1.7587,0.3675,1001.1829,smooth_accel_decel2
411962,-0.1566,-0.1682,1.0687,-0.4200,2.3012,0.3587,1001.1975,smooth_accel_decel2
412022,-0.1236,0.0922,1.0250,0.6913,-0.1225,0.5163,1001.1934,smooth_accel_decel2
412082,-0.1991,0.1269,0.9582,-0.2537,-1.1900,-0.0525,1001.1858,smooth_accel_decel2
412142,-0.1705,0.0693,0.9789,-1.5137,-1.2162,-0.3063,1001.1951,smooth_accel_decel2
412202,-0.1218,0.0154,0.9367,-0.1838,0.7000,0.3237,1001.1929,smooth_accel_decel2
412262,-0.0935,0.0075,1.1021,-3.2025,0.3325,0.9275,1001.1755,smooth_accel_decel2
412322,-0.0956,-0.0024,0.9499,1.3913,-0.0613,0.0787,1001.1780,smooth_accel_decel2
412382,-0.0998,0.0390,0.8711,1.2775,-1.8463,-0.2800,1001.1787,smooth_accel_decel2
412442,-0.1191,-0.0332,0.9664,2.3800,2.4588,-0.3938,1001.1711,smooth_accel_decel2
412502,-0.1032,0.0464,0.9744,2.8175,-0.6475,0.2450,1001.1648,smooth_accel_decel2
412562,-0.1359,0.0375,1.0034,-1.7150,-4.6550,0.6913,1001.1582,smooth_accel_decel2
412622,-0.1096,0.0834,0.9814,-0.4812,-1.8987,0.3063,1001.1577,smooth_accel_decel2
412682,0.0143,0.1280,1.0467,-2.5025,-5.6175,0.6650,1001.1587,smooth_accel_decel2
412742,-0.0939,0.0625,0.9992,-1.8288,-0.7613,0.6212,1001.1533,smooth_accel_decel2
412802,-0.1752,0.1001,0.9589,-0.4725,-0.8662,0.2188,1001.1462,smooth_accel_decel2
412862,-0.1258,0.0436,0.9525,1.0850,0.0787,0.2887,1001.1465,smooth_accel_decel2
412922,-0.1491,-0.0536,0.9699,4.0687,0.8838,0.1750,1001.1338,smooth_accel_decel2
412982,-0.1778,0.0444,0.8739,0.0088,0.5863,0.0262,1001.1335,smooth_accel_decel2
413042,-0.1976,-0.0734,0.9399,0.4550,2.7125,0.0088,1001.1467,smooth_accel_decel2
413102,-0.2049,-0.0102,0.9800,-0.2713,0.5075,0.2450,1001.1423,smooth_accel_decel2
413162,-0.1459,-0.0954,1.0480,-0.3413,0.9187,0.4288,1001.1477,smooth_accel_decel2
413222,-0.1586,0.0020,0.8152,-1.4438,-0.2450,-0.2275,1001.1348,smooth_accel_decel2
413282,-0.1539,-0.0069,0.9823,-0.3587,1.3212,0.0262,1001.1343,smooth_accel_decel2
413342,-0.2143,0.0047,1.0304,1.8813,0.8750,0.2100,1001.1296,smooth_accel_decel2
413402,-0.1473,-0.0243,0.9684,0.8050,-0.1050,0.6212,1001.1257,smooth_accel_decel2
413462,-0.1295,0.0247,0.9665,-2.7825,0.6650,0.6913,1001.1331,smooth_accel_decel2
413522,-0.1255,0.0542,1.0399,-0.2625,0.0962,0.7262,1001.1340,smooth_accel_decel2
413582,-0.0920,0.0066,1.1568,-0.3325,-0.7088,1.0762,1001.1167,smooth_accel_decel2
413642,-0.1091,0.0468,1.1070,-0.1138,1.9338,0.7700,1001.1162,smooth_accel_decel2
413702,-0.2539,-0.1103,0.8249,-1.4875,-0.9100,0.3762,1001.1094,smooth_accel_decel2
413762,-0.1083,0.0410,1.0470,0.2800,1.4787,1.0325,1001.1150,smooth_accel_decel2
413822,-0.1549,-0.1216,0.9176,1.1463,-1.1200,0.6037,1001.1047,smooth_accel_decel2
413882,-0.1681,0.0426,0.9387,1.9425,-4.0512,0.9275,1001.1101,smooth_accel_decel2
413942,-0.1773,0.0881,0.9343,0.7262,-3.1675,0.8662,1001.1079,smooth_accel_decel2
414002,-0.2591,-0.1340,0.9521,1.3475,-2.3625,0.3762,1001.1021,smooth_accel_decel2
414062,-0.1670,0.0855,0.9794,3.5963,0.2625,0.1838,1001.0891,smooth_accel_decel2
414122,-0.0891,0.0326,0.9831,-2.0738,0.1750,0.3500,1001.0857,smooth_accel_decel2
414182,-0.1279,-0.0432,1.0140,1.2950,1.1988,0.1663,1001.0522,smooth_accel_decel2
414242,-0.1054,0.0296,0.9479,4.8300,2.7037,1.2513,1001.0586,smooth_accel_decel2
414302,-0.0868,-0.0517,1.1039,2.8788,2.0825,-0.0175,1001.0469,smooth_accel_decel2
414362,-0.1823,0.0473,0.9958,3.6400,1.2250,0.2887,1001.0547,smooth_accel_decel2
414422,0.0461,0.1315,1.4624,2.9137,1.7587,1.5575,1001.0432,smooth_accel_decel2
414482,-0.0964,0.0993,0.9467,-0.8750,-1.0675,1.1025,1001.0293,smooth_accel_decel2
414542,-0.1725,0.0036,0.9136,0.7962,-0.5688,0.8750,1001.0203,smooth_accel_decel2
414602,-0.0486,0.0954,1.0465,-0.6212,-2.8788,0.2188,1001.0083,smooth_accel_decel2
414662,-0.1901,-0.0114,0.8089,0.1663,-2.1175,0.0175,1001.0166,smooth_accel_decel2
414722,-0.1848,0.1363,1.0638,2.0825,-0.0787,0.7875,1001.0198,smooth_accel_decel2
414782,-0.1718,-0.0092,1.1197,-2.6950,-0.6125,0.2450,1001.0105,smooth_accel_decel2
414842,-0.1547,-0.0027,0.8943,-3.4300,-1.2513,0.8050,1001.0181,smooth_accel_decel2
414902,-0.1785,-0.0051,0.8569,-2.7125,-3.5787,0.9625,1001.0066,smooth_accel_decel2
414962,-0.0598,-0.0041,1.0792,0.1400,0.7962,0.2188,1001.0032,smooth_accel_decel2
415022,-0.1735,-0.0390,0.9391,-1.1287,-0.7962,0.2713,1000.9924,smooth_accel_decel2
415082,-0.1415,0.0525,0.8711,0.3762,-3.0800,0.3237,1000.9888,smooth_accel_decel2
415142,-0.0835,0.0337,1.1626,-0.6388,1.1550,0.5512,1000.9829,smooth_accel_decel2
415202,-0.1848,0.1088,1.0344,-0.2887,1.4787,0.2362,1000.9912,smooth_accel_decel2
415262,-0.0100,0.0468,1.1481,-0.3237,2.5550,0.5250,1000.9893,smooth_accel_decel2
415322,-0.1578,0.0443,1.0112,0.2713,2.6075,0.3063,1000.9875,smooth_accel_decel2
415382,-0.1130,0.1486,0.9814,-1.4262,-0.6650,0.0962,1000.9839,smooth_accel_decel2
415442,-0.0381,0.1154,1.1836,0.3938,-1.1287,0.6650,1000.9722,smooth_accel_decel2
415502,-0.0661,0.1717,0.9060,-2.4938,1.2775,0.7088,1000.9915,smooth_accel_decel2
415562,-0.1437,0.0447,1.0053,-2.6250,2.6075,0.3413,1000.9761,smooth_accel_decel2
415622,-0.1813,0.0886,0.9745,-0.3675,2.3100,0.7088,1000.9795,smooth_accel_decel2
415682,-0.0384,0.0307,0.8272,-5.8275,1.3563,0.1225,1000.9734,smooth_accel_decel2
415742,0.0321,0.0581,1.2295,-2.5200,3.1850,0.0875,1000.9795,smooth_accel_decel2
415802,-0.1429,-0.0561,0.8103,-1.6013,-2.3888,0.0700,1000.9719,smooth_accel_decel2
415862,-0.1120,0.0630,0.9196,-0.3150,-1.6450,0.5863,1000.9602,smooth_accel_decel2
415922,-0.1137,0.0498,0.8333,-2.5725,-4.7600,0.5337,1000.9529,smooth_accel_decel2
415982,-0.0162,0.0861,1.0661,-3.5525,2.2487,0.1312,1000.9451,smooth_accel_decel2
416042,-0.1394,0.0425,1.0435,0.0000,1.6888,-0.1138,1000.9690,smooth_accel_decel2
416102,-0.0174,-0.0490,0.9701,-0.9887,-1.0063,0.4550,1000.9543,smooth_accel_decel2
416162,-0.0293,0.0024,0.9372,3.3512,-2.0300,0.2188,1000.9451,smooth_accel_decel2
416222,-0.0983,0.1227,1.0338,-0.0350,-0.2100,0.2975,1000.9392,smooth_accel_decel2
416282,-0.0386,0.1210,1.1515,0.8225,4.4713,0.2625,1000.9392,smooth_accel_decel2
416342,0.0681,0.2328,1.1853,2.4500,3.6312,-0.2713,1000.9280,smooth_accel_decel2
416402,-0.0418,0.1371,0.8950,0.1400,-1.7237,0.2013,1000.9375,smooth_accel_decel2
416462,-0.0328,0.0539,1.2168,2.5287,-0.2362,-0.0875,1000.9343,smooth_accel_decel2
416522,-0.0690,-0.0314,0.9121,1.9338,-0.9975,-0.9013,1000.9346,smooth_accel_decel2
416582,-0.0979,0.0839,0.9123,2.3012,-1.3388,0.1400,1000.9231,smooth_accel_decel2
416642,-0.0772,-0.1173,1.0408,-0.4288,0.9450,-0.5950,1000.9268,smooth_accel_decel2
416702,-0.0756,0.0549,1.0306,1.6100,0.4112,0.6388,1000.9224,smooth_accel_decel2
416762,-0.0913,0.0024,0.8970,-1.1463,-0.2537,0.9712,1000.9158,smooth_accel_decel2
416822,-0.1301,-0.0525,0.9882,3.1063,-0.4638,0.0613,1000.9097,smooth_accel_decel2
416882,-0.0693,0.2355,0.9562,1.4875,-1.6187,0.5337,1000.9043,smooth_accel_decel2
416942,0.0351,0.1359,1.1034,0.8838,-0.7700,0.9275,1000.8989,smooth_accel_decel2
417002,-0.0264,0.1135,0.9643,-0.0262,2.5113,-0.2362,1000.8950,smooth_accel_decel2
417062,0.0554,0.1182,1.1068,-2.1613,-0.3938,0.4725,1000.9050,smooth_accel_decel2
417122,-0.0295,0.1693,1.0450,1.2513,2.1088,-0.3500,1000.8923,smooth_accel_decel2
417182,-0.0912,-0.1313,0.9512,-2.6600,-0.2800,0.4112,1000.8857,smooth_accel_decel2
417242,-0.0524,0.0601,1.1090,-0.7613,-0.2975,0.4900,1000.8899,smooth_accel_decel2
417302,-0.0195,0.0249,1.0477,0.3063,-1.1550,0.2188,1000.8738,smooth_accel_decel2
417362,0.0209,-0.0105,1.0197,0.8662,1.9775,-0.0613,1000.8772,smooth_accel_decel2
417422,-0.0922,0.0051,0.9875,0.8400,0.5163,-0.2100,1000.8660,smooth_accel_decel2
417482,0.0359,0.0517,1.1678,1.3825,-1.3388,-0.1050,1000.8838,smooth_accel_decel2
417542,-0.0627,0.1096,0.9586,0.4375,0.4288,0.1400,1000.8899,smooth_accel_decel2
417602,0.0285,0.0618,1.0529,-1.0237,0.9187,0.1138,1000.8652,smooth_accel_decel2
417662,-0.0373,0.0498,0.9692,-1.1025,-1.0150,0.2362,1000.8679,smooth_accel_decel2
417722,0.0292,-0.0595,1.0307,-1.1812,-4.9612,0.3500,1000.8660,smooth_accel_decel2
417782,0.0881,0.0747,1.0862,1.6712,-3.3163,0.3500,1000.8748,smooth_accel_decel2
417842,-0.0703,0.0481,1.0658,0.2188,0.6212,0.6212,1000.8657,smooth_accel_decel2
417902,-0.1002,0.0644,0.8215,1.9600,-1.5488,0.1575,1000.8591,smooth_accel_decel2
417962,0.0090,0.0407,0.9363,2.5200,-2.7037,0.3325,1000.8772,smooth_accel_decel2
418022,-0.0512,0.0171,0.9765,0.2800,-2.9313,0.4812,1000.8621,smooth_accel_decel2
418082,-0.1035,-0.0151,0.7776,1.5400,-0.6300,-0.8662,1000.8669,smooth_accel_decel2
418142,-0.0991,-0.0678,0.8619,4.2263,-2.1875,-0.3500,1000.8516,smooth_accel_decel2
418202,-0.1518,0.0127,0.7587,0.5600,-2.4237,-0.2713,1000.8694,smooth_accel_decel2
418262,0.0003,0.0486,1.0019,2.9925,-0.7175,0.0262,1000.8582,smooth_accel_decel2
418322,0.0853,0.1191,0.8621,-2.7213,-6.6937,1.1725,1000.8645,smooth_accel_decel2
418382,-0.0386,0.2889,1.0651,-1.4700,8.5050,-0.2975,1000.8633,smooth_accel_decel2
418442,0.0649,0.0906,1.1753,-0.7262,7.5425,-0.3413,1000.8689,smooth_accel_decel2
418502,0.0693,0.1310,1.2081,-0.8838,7.3150,0.2713,1000.8652,smooth_accel_decel2
418562,-0.0731,0.1674,1.0172,-3.9900,7.0963,0.5775,1000.8694,smooth_accel_decel2
418622,0.0354,-0.0725,1.0846,-0.9275,2.8087,-0.2275,1000.8496,smooth_accel_decel2
418682,-0.0625,0.0107,0.9669,0.9362,-1.3737,0.1050,1000.8696,smooth_accel_decel2
418742,-0.0630,0.0676,0.8977,0.7875,-3.0275,0.4725,1000.8604,smooth_accel_decel2
418802,-0.1183,0.1466,0.7829,-0.8050,-3.1850,0.4112,1000.8506,smooth_accel_decel2
418862,0.0213,-0.1030,0.8359,-2.0125,-2.4500,0.0700,1000.8406,smooth_accel_decel2
418922,0.0171,0.0071,0.9151,2.5900,-2.8612,-0.3500,1000.8333,smooth_accel_decel2
418982,0.0793,0.1774,1.0185,-0.1663,-1.6537,0.3675,1000.8289,smooth_accel_decel2
419042,-0.0181,0.0881,0.9276,1.6187,1.0850,-0.1400,1000.8564,smooth_accel_decel2
419102,0.0038,0.0749,1.0980,1.5225,1.9600,-0.5512,1000.8403,smooth_accel_decel2
419162,-0.0193,-0.0348,0.9246,-1.1463,3.7800,0.2275,1000.8481,smooth_accel_decel2
419222,-0.0121,0.0988,1.0455,-2.8612,-0.2100,0.2100,1000.8579,smooth_accel_decel2
419282,-0.0744,0.0231,0.8527,-1.8375,-3.0625,0.2013,1000.8745,smooth_accel_decel2
419342,0.0327,-0.0927,1.1883,1.1287,1.1463,-0.6913,1000.8601,smooth_accel_decel2
419402,-0.0315,0.0642,0.9406,-0.7613,-1.7850,-0.4025,1000.8843,smooth_accel_decel2
419462,-0.0439,-0.0293,1.1000,1.3913,-3.5262,0.7350,1000.8677,smooth_accel_decel2
419522,0.1071,-0.0112,1.0460,-5.1712,0.8400,-0.6562,1000.8557,smooth_accel_decel2
419582,-0.0136,0.0467,1.0648,-3.5612,1.6013,0.8575,1000.8442,smooth_accel_decel2
419642,0.0007,0.0445,1.1875,-5.1625,5.5125,-0.0525,1000.8608,smooth_accel_decel2
419702,0.1074,0.0130,1.1253,-2.6688,1.2250,-0.3063,1000.8503,smooth_accel_decel2
419762,0.0256,-0.0262,1.1278,-0.4462,1.2337,0.6212,1000.8169,smooth_accel_decel2
419822,-0.0227,-0.0720,0.9884,-0.4200,0.4200,0.4462,1000.8450,smooth_accel_decel2
419882,-0.0234,-0.0007,1.0141,-2.1788,-2.1700,0.1138,1000.8367,smooth_accel_decel2
419942,0.0192,0.0232,1.0124,-2.2137,-2.0912,0.7262,1000.8438,smooth_accel_decel2
420002,-0.0119,0.1205,0.8809,-1.1725,-1.5137,0.1312,1000.8589,smooth_accel_decel2
420062,0.1039,0.0188,1.0741,0.5950,0.1925,0.0437,1000.8469,smooth_accel_decel2
420122,0.0054,-0.0185,0.9467,-1.8550,0.3413,-0.0613,1000.8574,smooth_accel_decel2
420182,0.0288,0.0183,1.0060,-2.2575,-0.2625,0.3938,1000.8582,smooth_accel_decel2
420242,-0.0320,0.0239,0.8952,-0.0700,-1.0500,0.3325,1000.8704,smooth_accel_decel2
420302,-0.0049,-0.0008,0.9135,2.2050,-1.9338,0.3587,1000.8691,smooth_accel_decel2
420362,0.0015,-0.0149,0.8943,-1.0938,-1.1900,0.2537,1000.8623,smooth_accel_decel2
420422,0.0234,0.0240,0.8887,-1.0500,-0.3675,-0.0525,1000.8472,smooth_accel_decel2
420482,0.1042,-0.0381,1.0182,-2.5725,-2.2225,0.3762,1000.8611,smooth_accel_decel2
420542,0.0180,0.0144,0.9423,-0.0437,-2.2750,0.1925,1000.8667,smooth_accel_decel2
420602,0.0603,0.0102,0.9660,0.8138,0.8225,0.4725,1000.8621,smooth_accel_decel2
420662,0.0625,0.0002,0.9909,0.7788,1.6888,0.1925,1000.8750,smooth_accel_decel2
420722,0.1081,0.0558,1.1361,-0.1050,-1.0850,0.1838,1000.8462,smooth_accel_decel2
420782,0.0071,0.1593,1.0612,-4.8825,0.4025,0.6650,1000.8630,smooth_accel_decel2
420842,0.0325,-0.1949,0.8528,0.0700,-0.9100,-0.7000,1000.8662,smooth_accel_decel2
420902,0.0301,0.0714,0.9745,5.6700,0.4025,0.1838,1000.8730,smooth_accel_decel2
420962,0.1100,0.1593,1.0937,3.1325,0.7088,-0.5950,1000.8879,smooth_accel_decel2
421022,0.0819,0.0212,0.9551,-1.8288,3.2638,0.2625,1000.8853,smooth_accel_decel2
421082,0.0570,0.0592,1.0317,0.6037,0.4288,1.3563,1000.9126,smooth_accel_decel2
421142,0.0225,-0.0176,1.0568,4.4363,-1.2950,-0.0787,1000.8960,smooth_accel_decel2
421202,0.0031,-0.0095,0.8701,2.0387,1.2950,-0.5950,1000.8906,smooth_accel_decel2
421262,0.0932,-0.0298,1.0228,4.5150,-2.0300,0.1663,1000.8948,smooth_accel_decel2
421322,0.0124,0.1770,0.7266,3.4825,-2.6512,-0.2188,1000.8784,smooth_accel_decel2
421382,0.0154,0.0229,0.9135,-1.4438,2.1962,0.1488,1000.8967,smooth_accel_decel2
421442,0.1052,-0.1604,1.0357,0.0613,0.8400,0.1575,1000.8884,smooth_accel_decel2
421502,0.1952,0.1671,1.1575,1.4350,-2.9225,-0.0962,1000.8738,smooth_accel_decel2
421562,0.0917,0.1800,1.0194,0.1488,-3.0100,0.9275,1000.8857,smooth_accel_decel2
421622,0.1177,-0.0432,0.9780,1.6888,-1.9075,0.2362,1000.8970,smooth_accel_decel2
421682,0.0813,0.1298,0.9313,2.3187,-4.9350,0.4988,1000.8921,smooth_accel_decel2
421742,0.0249,-0.1376,0.7151,-5.3200,-2.2400,0.4375,1000.8840,smooth_accel_decel2
421802,-0.0967,-0.0173,0.9177,-4.5500,-2.8175,-0.4638,1000.8938,smooth_accel_decel2
421862,-0.0115,-0.0176,0.7815,0.4375,-0.4638,-0.1050,1000.8916,smooth_accel_decel2
421922,-0.1089,-0.1073,0.7249,1.6450,2.3625,-0.6650,1000.8867,smooth_accel_decel2
421982,-0.0129,0.1471,0.9282,-0.2188,3.5438,-0.2013,1000.8889,smooth_accel_decel2
422042,0.0795,0.2114,1.1180,-3.5438,4.6462,0.6125,1000.8850,smooth_accel_decel2
422102,-0.0285,-0.0884,0.9526,-0.6388,-5.8538,0.7350,1000.8904,smooth_accel_decel2
422162,-0.0126,-0.0010,0.9099,6.0637,-1.3475,0.6562,1000.9043,smooth_accel_decel2
422222,0.2056,-0.0071,1.2249,0.8050,-1.9950,-0.0875,1000.9062,smooth_accel_decel2
422282,0.1328,0.1789,1.1808,1.8200,1.2250,-0.2275,1000.9202,smooth_accel_decel2
422342,0.0182,0.0964,1.0075,2.2838,-2.5900,0.2537,1000.9119,smooth_accel_decel2
422402,0.1139,0.0463,1.0673,0.0175,1.1287,-0.3413,1000.9131,smooth_accel_decel2
422462,0.1164,0.0724,1.1256,-1.7763,0.0437,0.5250,1000.9216,smooth_accel_decel2
422522,0.0559,0.0158,1.0931,-1.1463,3.9813,0.2013,1000.9226,smooth_accel_decel2
422582,0.0237,-0.0057,0.8735,-1.1812,-1.6888,-0.2537,1000.9102,smooth_accel_decel2
422642,0.1057,0.1291,1.0682,-1.5137,2.9488,-0.1750,1000.9233,smooth_accel_decel2
422702,0.0175,-0.0203,1.0404,3.6137,1.0850,0.1400,1000.9172,smooth_accel_decel2
422762,0.0713,0.0100,0.9916,1.4612,-1.5575,0.0437,1000.9165,smooth_accel_decel2
422822,0.0644,-0.0176,0.9462,-1.9162,-1.0938,0.0437,1000.9180,smooth_accel_decel2
422882,-0.0103,0.0354,0.8852,0.2887,1.0325,-0.0350,1000.9082,smooth_accel_decel2
422942,0.0771,0.0139,1.0385,0.5950,2.9662,-0.6650,1000.9080,smooth_accel_decel2
423002,0.0500,0.0349,0.9643,3.8412,1.0938,-0.4725,1000.9182,smooth_accel_decel2
423062,0.1097,0.0088,1.2207,3.2987,1.2775,-0.1488,1000.9119,smooth_accel_decel2
423122,0.0581,0.0532,0.9235,1.0412,-3.2200,1.4088,1000.9236,smooth_accel_decel2
423182,0.0795,0.0102,1.0038,-0.4112,0.2625,0.2887,1000.9236,smooth_accel_decel2
423242,0.1418,-0.0251,1.1960,1.4612,1.1375,1.3125,1000.9111,smooth_accel_decel2
423302,0.0673,0.0179,0.9157,-0.7350,-1.5925,1.4875,1000.9197,smooth_accel_decel2
423362,0.0708,0.0752,1.0011,-1.8550,0.3675,1.6800,1000.9102,smooth_accel_decel2
423422,-0.0434,-0.1322,0.8577,7.6650,-1.4000,0.7525,1000.9346,smooth_accel_decel2
423482,-0.0249,0.0351,0.7964,0.6562,-0.0262,1.3737,1000.9580,smooth_accel_decel2
423542,0.0874,0.1335,1.0411,-1.5662,-1.0675,1.2075,1000.9521,smooth_accel_decel2
423602,0.1520,0.1493,1.1053,2.0563,2.9750,-0.3150,1000.9307,smooth_accel_decel2
423662,-0.0461,0.1188,0.7828,0.0175,-2.2313,0.6650,1000.9377,smooth_accel_decel2
423722,0.1855,-0.0159,1.0716,2.0650,2.0300,0.0787,1000.9451,smooth_accel_decel2
423782,0.1635,0.0417,1.2975,2.6862,7.6300,0.4988,1000.9570,smooth_accel_decel2
423842,0.0149,0.1383,0.8467,1.0412,0.7088,0.1488,1000.9717,smooth_accel_decel2
423902,0.0362,0.0619,0.9445,0.4112,-1.2600,0.2275,1000.9707,smooth_accel_decel2
423962,0.0124,-0.0459,0.9149,-0.8050,2.5900,-0.1663,1000.9724,smooth_accel_decel2
424022,0.0822,0.2033,1.1594,0.0613,0.1138,1.8025,1000.9697,smooth_accel_decel2
424082,0.0525,-0.0244,1.0042,0.9275,1.8025,0.7350,1000.9480,smooth_accel_decel2
424142,-0.0332,-0.1455,0.8394,1.2950,2.4325,-0.4638,1000.9507,smooth_accel_decel2
424202,0.0286,-0.2015,0.9734,-0.7788,5.1537,0.3675,1000.9724,smooth_accel_decel2
424262,0.1444,0.1076,1.1897,-0.4988,-2.0213,0.6388,1000.9727,smooth_accel_decel2
424322,-0.0489,-0.0725,1.1332,-1.8900,2.9750,0.8925,1000.9712,smooth_accel_decel2
424382,-0.0520,-0.0137,0.9367,-1.9775,-1.6625,0.7525,1000.9570,smooth_accel_decel2
424442,0.0190,-0.0547,0.7986,-0.1050,-3.4125,1.3300,1000.9656,smooth_accel_decel2
424502,-0.0539,0.1119,0.6263,2.5113,-5.8450,0.4112,1000.9668,smooth_accel_decel2
424562,0.0942,0.0960,1.0333,1.8112,-0.3850,0.1750,1000.9717,smooth_accel_decel2
424622,0.1759,0.0685,1.2066,1.6537,-6.9475,0.9625,1000.9724,smooth_accel_decel2
424682,-0.0188,0.1385,0.8510,0.2537,-4.1562,0.8487,1000.9761,smooth_accel_decel2
424742,-0.1196,-0.1929,0.8300,3.9550,-0.4375,0.6475,1000.9709,smooth_accel_decel2
424802,0.2340,0.1076,1.2300,0.5425,2.9137,0.2713,1000.9963,smooth_accel_decel2
424862,0.1632,0.2218,1.0533,3.7013,-1.2862,0.5775,1000.9941,smooth_accel_decel2
424922,0.0803,0.2200,0.8482,-1.9425,3.9113,0.4550,1000.9778,smooth_accel_decel2
424982,-0.0002,-0.0528,0.7430,-0.9450,11.4275,-0.6212,1000.9900,smooth_accel_decel2
425042,-0.1145,0.1627,1.0568,-1.9688,7.1400,0.0875,1000.9871,smooth_accel_decel2
425102,0.0735,0.0220,1.0168,-3.4125,-0.6388,0.6212,1001.0081,smooth_accel_decel2
425162,-0.0425,0.0529,0.8003,0.0088,-1.1550,0.2188,1000.9993,smooth_accel_decel2
425222,-0.0742,-0.1125,0.7334,-4.0862,0.5250,-0.7262,1001.0020,smooth_accel_decel2
425282,0.1611,0.1593,1.0329,-3.5087,1.1200,-0.2800,1001.0012,smooth_accel_decel2
425342,0.0034,0.0663,0.8744,-0.6562,-3.3338,-0.2188,1000.9875,smooth_accel_decel2
425402,0.2172,0.1412,1.1287,-0.5863,-3.2725,0.6913,1000.9983,smooth_accel_decel2
425462,0.1238,0.1704,1.0463,4.9788,0.6212,0.1488,1000.9946,smooth_accel_decel2
425522,0.0783,0.0601,0.9869,0.3762,-2.3625,-0.5775,1000.9937,smooth_accel_decel2
425582,0.1227,0.1062,1.1638,-1.2687,2.2050,-0.1225,1001.0063,smooth_accel_decel2
425642,0.0761,0.0261,0.9728,-3.0100,1.5137,0.3063,1001.0024,smooth_accel_decel2
425702,0.0817,0.0902,1.1173,-1.9600,-3.0887,0.5688,1001.0117,smooth_accel_decel2
425762,-0.0100,-0.0258,1.0598,-1.4875,2.2838,-0.0787,1001.0127,smooth_accel_decel2
425822,0.1130,-0.0529,1.0675,-4.1475,-0.8838,0.1750,1001.0159,smooth_accel_decel2
425882,0.0731,-0.0572,0.9643,-0.2100,-0.6475,0.2362,1001.0176,smooth_accel_decel2
425942,0.1217,0.1768,1.2449,-1.9338,-3.7713,0.8662,1001.0244,smooth_accel_decel2
426002,0.1156,-0.0301,1.0573,-1.2337,0.2013,-0.0350,1001.0266,smooth_accel_decel2
426062,-0.0160,0.0495,0.8358,0.2975,-2.8263,0.3850,1001.0310,smooth_accel_decel2
426122,0.0956,0.0561,1.1492,-1.6275,1.4438,-0.1312,1001.0278,smooth_accel_decel2
426182,0.0611,0.0398,0.9811,-2.4150,-0.0088,0.1312,1001.0413,smooth_accel_decel2
426242,0.1642,0.2821,1.0443,-3.2025,-0.6475,0.5337,1001.0378,smooth_accel_decel2
426302,0.1188,-0.0122,1.0222,-1.1550,2.3275,-0.3850,1001.0291,smooth_accel_decel2
426362,0.1398,-0.0637,1.2464,-3.1937,2.6337,0.5600,1001.0366,smooth_accel_decel2
426422,0.0403,0.1565,0.9557,1.9250,-0.8838,0.1050,1001.0342,smooth_accel_decel2
426482,0.1091,-0.0498,1.0821,1.0938,-5.2937,-0.1225,1001.0481,smooth_accel_decel2
426542,-0.0549,-0.0005,1.0070,4.3400,1.1287,-0.3587,1001.0283,smooth_accel_decel2
426602,0.0537,-0.0467,1.0526,2.3275,-0.3587,0.3237,1001.0498,smooth_accel_decel2
426662,-0.0525,0.1796,0.9609,-0.4025,0.2188,0.9013,1001.0544,smooth_accel_decel2
426722,0.0057,-0.2112,0.8218,1.3212,0.1838,-1.0237,1001.0281,smooth_accel_decel2
426782,0.0542,0.1022,1.0285,3.9637,-2.5375,0.0700,1001.0344,smooth_accel_decel2
426842,0.0973,0.0978,1.1029,-0.7962,-1.6450,0.0787,1001.0486,smooth_accel_decel2
426902,0.1088,-0.0647,1.1002,-0.0525,1.5575,0.7350,1001.0435,smooth_accel_decel2
426962,0.0878,0.1896,1.0538,0.0613,1.2950,0.0088,1001.0439,smooth_accel_decel2
427022,0.1589,-0.0346,1.0472,0.4900,-6.7288,1.0500,1001.0422,smooth_accel_decel2
427082,0.1935,0.1345,1.0509,6.1863,-4.6638,0.8838,1001.0439,smooth_accel_decel2
427142,-0.0995,0.1957,0.8276,-2.3800,0.1838,-0.4112,1001.0549,smooth_accel_decel2
427202,0.1203,-0.1917,0.8589,-2.6337,-0.6825,0.8313,1001.0457,smooth_accel_decel2
427262,0.0875,0.1413,1.1792,0.4200,5.0400,1.5750,1001.0547,smooth_accel_decel2
427322,0.1387,0.2931,1.0492,1.2950,1.8112,1.0412,1001.0593,smooth_accel_decel2
427382,-0.0218,-0.0956,0.6815,-8.0938,1.4787,0.7437,1001.0520,smooth_accel_decel2
427442,0.0490,0.0262,1.2423,-0.4988,7.6825,0.3850,1001.0505,smooth_accel_decel2
427502,0.0093,-0.0160,1.0333,-1.1375,7.4637,0.2188,1001.0647,smooth_accel_decel2
427562,0.1540,0.3387,0.9370,-0.9362,-4.4538,0.9187,1001.0574,smooth_accel_decel2
427622,0.1098,-0.0888,1.0245,-7.1050,0.0088,0.1225,1001.0627,smooth_accel_decel2
427682,0.1455,0.0082,1.1249,0.9975,4.2438,-0.1138,1001.0464,smooth_accel_decel2
427742,0.1013,0.1984,1.0002,-1.8375,2.7387,0.3587,1001.0637,smooth_accel_decel2
427802,0.0181,-0.0832,0.9243,-0.5688,0.3938,0.2362,1001.0657,smooth_accel_decel2
427862,0.0245,0.0532,0.9531,4.9525,0.9975,-0.2100,1001.0669,smooth_accel_decel2
427922,0.0598,-0.0237,0.8750,-2.5725,-1.6013,-0.7700,1001.0784,smooth_accel_decel2
427982,0.1523,-0.1057,1.0038,-0.4812,0.4988,0.5075,1001.0671,smooth_accel_decel2
428042,0.0776,0.0390,0.9717,-3.0975,-0.5512,0.7700,1001.0781,smooth_accel_decel2
428102,0.1099,0.0525,1.1891,-1.8463,-0.0875,0.1663,1001.0784,smooth_accel_decel2
428162,0.0816,-0.0849,1.0904,-0.6562,2.9488,0.1050,1001.0596,smooth_accel_decel2
428222,0.0066,-0.0110,0.9711,0.7437,0.1225,0.0262,1001.0823,smooth_accel_decel2
428282,0.0315,-0.1216,0.9215,0.5775,-0.3675,0.2275,1001.0930,smooth_accel_decel2
428342,0.0734,0.1441,1.0773,0.3150,-2.4675,0.2800,1001.0786,smooth_accel_decel2
428402,0.0265,0.0334,1.0136,1.2162,0.7437,-0.5163,1001.0798,smooth_accel_decel2
428462,0.1125,-0.0335,0.9985,-0.3413,1.4262,0.0525,1001.0901,smooth_accel_decel2
428522,0.0257,0.0120,0.7881,-1.4262,-3.2287,0.4288,1001.0886,smooth_accel_decel2
428582,0.0159,-0.2608,0.9301,-0.9013,-0.1312,0.5425,1001.0835,smooth_accel_decel2
428642,-0.0131,0.0691,0.7559,0.0962,-2.6250,-0.0350,1001.0977,smooth_accel_decel2
428702,0.0833,-0.0459,0.9066,-2.8875,0.9275,-0.0262,1001.1008,smooth_accel_decel2
428762,-0.1232,-0.0124,0.6675,2.0912,-0.4375,-1.1725,1001.0994,smooth_accel_decel2
428822,0.0963,-0.1265,1.1391,-4.7863,0.0350,-0.0088,1001.0898,smooth_accel_decel2
428882,0.0579,0.0917,1.0207,2.7475,-1.2513,-0.0700,1001.0911,smooth_accel_decel2
428942,0.0300,-0.1251,0.9762,-0.0088,-0.7175,0.4375,1001.1057,smooth_accel_decel2
429002,-0.0045,0.0569,0.9592,0.5863,1.4963,-0.4375,1001.1074,smooth_accel_decel2
429062,-0.0639,0.0646,0.8841,-0.1575,3.1937,-0.2625,1001.1021,smooth_accel_decel2
429122,0.0713,-0.0483,1.2182,1.6800,1.7413,-1.1900,1001.1145,smooth_accel_decel2
429182,-0.0251,-0.1429,1.0073,-0.6037,-0.3850,-0.9362,1001.0999,smooth_accel_decel2
429242,0.1576,0.0989,1.0657,-0.5863,1.8200,-0.0350,1001.1018,smooth_accel_decel2
429302,0.1222,0.0404,0.9203,0.7437,-0.3938,-0.7962,1001.0940,smooth_accel_decel2
429362,0.0019,-0.0266,0.9845,0.6913,3.5175,-0.8838,1001.1069,smooth_accel_decel2
429422,0.0222,0.0192,0.8386,-0.2625,-1.4963,-0.2625,1001.1011,smooth_accel_decel2
429482,0.0808,-0.0137,1.0026,-0.4025,2.5812,-0.1575,1001.1216,smooth_accel_decel2
429542,0.0554,0.0136,0.8274,-0.4288,-3.3075,-0.0962,1001.1047,smooth_accel_decel2
429602,0.1305,0.0349,1.0997,0.7700,2.8875,-0.0613,1001.1177,smooth_accel_decel2
429662,0.0027,0.0532,1.0369,2.8438,1.8112,-0.2275,1001.1184,smooth_accel_decel2
429722,0.0653,-0.0220,0.8984,-0.4638,-1.8200,-0.5425,1001.1331,smooth_accel_decel2
429782,0.0065,-0.0170,0.9621,0.3150,-1.9162,0.2013,1001.1240,smooth_accel_decel2
429842,0.0388,-0.0037,0.8974,-0.0437,-3.7713,-0.0962,1001.1304,smooth_accel_decel2
429902,0.1459,0.0813,1.1384,-0.0262,0.1400,0.1750,1001.1206,smooth_accel_decel2
429962,0.1268,-0.0240,1.0517,-2.6775,-0.8925,0.6737,1001.1218,smooth_accel_decel2
430022,0.0254,0.0063,0.9338,-0.3938,1.6975,0.3850,1001.1294,smooth_accel_decel2
430082,0.0456,-0.0232,0.9531,0.4725,-2.2225,-0.0175,1001.1243,smooth_accel_decel2
430142,0.0610,0.0681,0.9797,0.4462,1.7500,0.3063,1001.1343,smooth_accel_decel2
430202,0.0510,-0.0103,0.9353,1.2600,0.8050,0.1663,1001.1287,smooth_accel_decel2
430262,0.1407,0.1010,1.2476,-0.1050,0.9538,0.3063,1001.1311,smooth_accel_decel2
430322,0.0842,0.0397,1.0002,-4.1912,0.1750,0.6650,1001.1304,smooth_accel_decel2
430382,0.0371,0.0203,0.9199,-0.4988,-1.2162,0.2362,1001.1318,smooth_accel_decel2
430442,0.0630,-0.0353,0.9515,-2.1000,-2.7912,-0.0350,1001.1438,smooth_accel_decel2
430502,0.0278,-0.0283,1.0088,2.7738,2.3100,0.1663,1001.1516,smooth_accel_decel2
430562,-0.0070,-0.0608,1.0173,0.7875,-0.1750,-0.2450,1001.1565,smooth_accel_decel2
430622,0.0330,-0.0200,0.9714,0.8225,-0.4638,0.2975,1001.1609,smooth_accel_decel2
430682,0.0445,-0.0213,1.0961,-0.8662,2.2400,0.0525,1001.1543,smooth_accel_decel2
430742,0.0554,0.0781,0.9329,-1.5400,2.2400,0.4550,1001.1509,smooth_accel_decel2
430802,0.1105,0.0137,1.0653,-2.8875,3.1675,0.3413,1001.1511,smooth_accel_decel2
430862,0.0962,-0.0376,1.0049,0.3675,-0.0613,0.7000,1001.1497,smooth_accel_decel2
430922,0.0783,0.1237,1.0893,-0.7962,-1.4875,0.9625,1001.1545,smooth_accel_decel2
430982,0.0065,-0.0540,0.9439,-2.5900,1.7500,0.1663,1001.1565,smooth_accel_decel2
431042,0.0531,-0.0276,1.0125,-0.5863,-0.8750,1.0325,1001.1697,smooth_accel_decel2
431102,0.0793,0.0317,0.9238,0.9362,-2.3363,0.8400,1001.1665,smooth_accel_decel2
431162,0.0143,0.0142,0.9191,-0.6037,-0.5600,0.4288,1001.1506,smooth_accel_decel2
431222,-0.0505,-0.1047,0.8552,2.5725,1.4438,0.0262,1001.1602,smooth_accel_decel2
431282,-0.0331,0.0432,0.8381,1.3388,-0.8750,-0.0700,1001.1619,smooth_accel_decel2
431342,0.0412,-0.0687,0.9880,-0.3500,0.0700,0.2713,1001.1543,smooth_accel_decel2
431402,0.0966,0.0773,1.0219,2.8438,-0.4900,0.7088,1001.1758,smooth_accel_decel2
431462,0.1141,-0.0240,1.0153,1.8025,1.7413,-0.2188,1001.1755,smooth_accel_decel2
431522,0.0784,0.0053,0.9687,0.5337,-1.8463,0.2625,1001.1614,smooth_accel_decel2
431582,0.1007,0.1430,1.0143,3.5087,3.3163,-0.3850,1001.1704,smooth_accel_decel2
431642,0.1017,0.0422,0.9246,-2.6075,-1.8637,0.0525,1001.1628,smooth_accel_decel2
431702,0.1015,-0.0139,1.0297,0.7350,-0.2713,0.3413,1001.1501,smooth_accel_decel2
431762,0.0368,-0.0917,0.8411,0.0875,-2.7475,0.8838,1001.1558,smooth_accel_decel2
431822,0.0513,-0.0190,0.9635,-1.9600,-2.5725,-0.0350,1001.1763,smooth_accel_decel2
431882,-0.0374,-0.0969,0.9074,0.7788,-0.7175,-0.7350,1001.1799,smooth_accel_decel2
431942,0.0110,-0.0232,0.9911,-1.5137,1.8025,-0.4288,1001.1787,smooth_accel_decel2
432002,0.0273,0.0444,0.9048,0.3150,0.3587,0.4900,1001.1794,smooth_accel_decel2
432062,0.1247,0.0266,1.0582,-3.5700,-2.4675,0.6300,1001.1833,smooth_accel_decel2
432122,-0.0361,-0.0977,0.8891,0.1400,0.3587,0.8138,1001.1931,smooth_accel_decel2
432182,-0.0688,0.0407,0.9377,0.2713,0.0875,-0.3237,1001.1880,smooth_accel_decel2
432242,0.0694,-0.0547,0.8874,-0.4638,3.2375,-0.6300,1001.1831,smooth_accel_decel2
432302,-0.0163,-0.0952,1.0218,2.3712,0.6388,0.2013,1001.1777,smooth_accel_decel2
432362,0.0077,0.0343,0.9195,1.2162,-1.1900,-0.5337,1001.1833,smooth_accel_decel2
432422,0.1828,-0.0381,1.1431,4.7512,2.8350,0.1750,1001.1970,smooth_accel_decel2
432482,0.1235,0.1505,1.0818,2.7387,1.9600,0.1138,1001.1875,smooth_accel_decel2
432542,0.0971,0.0717,1.0738,-1.4963,-0.7088,0.0962,1001.1970,smooth_accel_decel2
432602,0.0878,-0.0522,1.0580,-2.3625,2.4413,0.2362,1001.2085,smooth_accel_decel2
432662,0.0712,-0.0381,0.7937,1.8637,0.8225,-0.4988,1001.1892,smooth_accel_decel2
432722,0.2745,0.3882,1.3854,0.6125,3.8588,1.5400,1001.2021,smooth_accel_decel2
432782,0.0759,-0.0334,1.0529,-1.0150,-4.3400,0.3675,1001.2070,smooth_accel_decel2
432842,0.0600,-0.0713,0.9674,5.3550,-2.0213,-1.0850,1001.2065,smooth_accel_decel2
432902,0.0756,0.0386,0.8925,-2.1350,0.4900,0.1138,1001.2029,smooth_accel_decel2
432962,0.0300,-0.0054,1.0009,-1.8200,0.9100,0.1488,1001.2085,smooth_accel_decel2
433022,0.0412,-0.1037,1.0910,0.6475,2.4413,-0.1050,1001.2048,smooth_accel_decel2
433082,-0.0624,-0.0351,0.8716,-3.1237,2.1175,0.2013,1001.2092,smooth_accel_decel2
433142,0.1473,0.0039,1.0539,-0.6300,-0.1488,0.3938,1001.2175,smooth_accel_decel2
433202,0.1402,0.0403,0.9847,-5.0050,3.0275,0.2887,1001.2083,smooth_accel_decel2
433262,0.1090,-0.0101,0.9232,-1.0850,0.5512,1.2162,1001.2200,smooth_accel_decel2
433322,0.0489,-0.0077,0.9506,0.1488,0.0613,0.5600,1001.2148,smooth_accel_decel2
433382,0.0420,-0.0810,1.0840,-1.3038,1.2862,-0.5775,1001.2197,smooth_accel_decel2
433442,0.0273,0.0169,1.0046,0.1312,-0.0175,0.7700,1001.2126,smooth_accel_decel2
433502,0.1349,0.0266,1.1656,0.2537,2.2750,0.9712,1001.2219,smooth_accel_decel2
433562,0.0239,0.0566,0.9238,-0.7875,-1.1375,0.6125,1001.2122,smooth_accel_decel2
433622,0.0834,0.0603,1.0502,0.5512,-0.4375,0.3587,1001.2170,smooth_accel_decel2
433682,0.0437,0.0552,0.8758,1.1200,0.4988,0.1663,1001.2253,smooth_accel_decel2
433742,-0.0014,-0.1139,0.8886,0.8225,-2.6250,0.0962,1001.2271,smooth_accel_decel2
433802,0.0430,-0.0551,0.9983,1.8025,0.0875,-0.0525,1001.2266,smooth_accel_decel2
433862,0.0095,0.0096,0.9882,0.4462,1.4700,0.3237,1001.2114,smooth_accel_decel2
433922,-0.0017,-0.0570,0.8348,-0.6650,-0.4112,0.2887,1001.2329,smooth_accel_decel2
433982,0.0354,-0.0850,0.9600,1.3913,-2.3625,0.8487,1001.2209,smooth_accel_decel2
434042,0.0429,0.0215,1.0058,2.7475,1.1287,-0.0262,1001.2258,smooth_accel_decel2
434102,0.1312,0.0641,1.2144,0.1575,4.5237,-0.0875,1001.2197,smooth_accel_decel2
434162,0.0663,-0.0165,0.9709,-0.8225,1.5838,0.3850,1001.2144,smooth_accel_decel2
434222,0.0578,0.0176,0.9421,-0.7350,-0.2537,0.6037,1001.2131,smooth_accel_decel2
434282,0.0280,-0.0024,0.9526,0.4900,0.4725,0.2362,1001.2131,smooth_accel_decel2
434342,0.1164,0.0244,0.9837,0.2887,-0.6737,0.3413,1001.2214,smooth_accel_decel2
434402,0.0637,0.0407,0.9370,0.4550,-0.7613,0.7788,1001.2207,smooth_accel_decel2
434462,0.1210,0.0303,1.1761,1.0150,0.4375,0.3762,1001.2358,smooth_accel_decel2
434522,0.0018,-0.0101,0.9109,0.9362,-2.3537,0.4812,1001.2378,smooth_accel_decel2
434582,-0.0077,0.0295,0.9235,2.3450,-0.1838,0.6825,1001.2297,smooth_accel_decel2
434642,0.1049,0.0127,1.1180,0.2013,2.0825,0.2013,1001.2361,smooth_accel_decel2
434702,0.0339,-0.0449,1.0102,-0.0613,1.4700,0.2800,1001.2388,smooth_accel_decel2
434762,0.0134,-0.0569,0.9858,0.4638,-1.4612,0.5863,1001.2317,smooth_accel_decel2
434822,0.0789,0.1064,1.0717,1.9075,1.4787,0.2275,1001.2385,smooth_accel_decel2
434882,0.0562,-0.0398,0.9772,0.0700,0.5425,0.3938,1001.2373,smooth_accel_decel2
434942,0.0412,0.0343,1.0188,0.6388,0.1312,0.1750,1001.2373,smooth_accel_decel2
435002,0.0107,-0.0243,0.9877,0.0088,-0.4288,0.1663,1001.2317,smooth_accel_decel2
435062,0.1223,0.0425,1.0365,-1.2687,-0.7700,0.2100,1001.2405,smooth_accel_decel2
435122,0.1139,0.0705,1.0175,1.0588,-0.4812,0.0962,1001.2358,smooth_accel_decel2
435182,0.0501,0.0552,0.9532,0.5250,0.2188,0.0350,1001.2358,smooth_accel_decel2
435242,0.0359,0.0444,0.9282,0.7350,0.3587,-0.4462,1001.2375,smooth_accel_decel2
435302,0.1023,0.0009,1.0609,1.4088,0.3500,-0.4112,1001.2385,smooth_accel_decel2
435362,0.0664,0.0134,0.9942,0.2100,0.4550,0.1138,1001.2278,smooth_accel_decel2
435422,0.0942,0.0825,1.1134,1.1725,1.4175,0.3587,1001.2246,smooth_accel_decel2
435482,0.0188,0.0935,0.9840,-0.3413,-0.3500,0.2625,1001.2319,smooth_accel_decel2
435542,0.0691,0.0744,0.9992,-0.5425,0.1488,-0.1838,1001.2422,smooth_accel_decel2
435602,0.0911,-0.0439,0.9833,-2.0387,0.6037,0.3938,1001.2380,smooth_accel_decel2
435662,-0.0190,0.0386,0.9701,0.3500,0.9187,-0.4812,1001.2332,smooth_accel_decel2
435722,0.0674,0.0019,0.9659,-0.4288,0.9625,-0.3500,1001.2390,smooth_accel_decel2
435782,0.1064,-0.0461,0.9753,-0.3063,0.9712,-0.2975,1001.2341,smooth_accel_decel2
435842,0.0551,-0.0432,0.9584,0.0875,0.2887,-0.2100,1001.2524,smooth_accel_decel2
435902,0.0717,-0.0356,1.1122,0.7962,-0.1312,0.2625,1001.2561,smooth_accel_decel2
435962,0.0186,0.0890,0.9906,0.2013,0.5425,-0.2537,1001.2500,smooth_accel_decel2
436022,0.0254,-0.0492,1.0080,2.5463,1.7587,-0.4550,1001.2510,smooth_accel_decel2
436082,0.0523,-0.0193,1.0104,0.1750,1.6625,0.1488,1001.2397,smooth_accel_decel2
436142,0.0002,0.0378,1.0240,-0.0350,-1.0588,0.2100,1001.2588,smooth_accel_decel2
436202,0.0451,-0.0542,0.9665,-1.1550,-1.8637,0.3675,1001.2554,smooth_accel_decel2
436262,0.1147,0.0905,1.0817,0.5950,-0.5075,0.1663,1001.2590,smooth_accel_decel2
436322,0.0342,0.0458,1.0549,0.1050,-2.1175,0.3500,1001.2561,smooth_accel_decel2
436382,0.0179,-0.0370,0.9831,-0.0875,1.1550,0.3587,1001.2483,smooth_accel_decel2
436442,0.0115,0.0199,0.9548,-1.0150,1.6100,0.3150,1001.2439,smooth_accel_decel2
436502,0.0742,-0.0908,0.9683,-1.7062,-0.0787,0.5775,1001.2617,smooth_accel_decel2
436562,0.0637,0.0109,1.0590,0.6562,2.2487,0.3938,1001.2588,smooth_accel_decel2
436622,0.0309,0.0996,0.9936,0.6650,1.9250,-0.2013,1001.2622,smooth_accel_decel2
436682,0.0200,-0.0493,0.9872,0.0262,0.5863,-0.1925,1001.2588,smooth_accel_decel2
436742,0.0142,0.0536,0.9748,0.4812,0.9800,-0.0262,1001.2561,smooth_accel_decel2
436802,0.1020,-0.0725,1.0843,-2.0912,-0.3587,0.4375,1001.2612,smooth_accel_decel2
436862,-0.0044,0.0097,0.9487,1.6450,-0.3938,0.1838,1001.2622,smooth_accel_decel2
436922,-0.0278,-0.0021,0.8472,1.1550,-1.9512,-0.0525,1001.2698,smooth_accel_decel2
436982,0.0675,-0.0110,0.9877,0.2713,-0.3413,0.0000,1001.2678,smooth_accel_decel2
437042,0.0465,-0.0013,0.8971,1.5050,-0.3850,0.2275,1001.2654,smooth_accel_decel2
437102,0.0403,0.0386,0.9820,0.2975,-1.1287,0.2625,1001.2715,smooth_accel_decel2
437162,0.0217,-0.0306,0.9568,0.1575,0.2713,0.0000,1001.2634,smooth_accel_decel2
437222,0.0573,-0.0260,1.0275,0.6388,0.5950,0.2275,1001.2739,smooth_accel_decel2
437282,0.0535,0.0777,1.0241,-0.4900,0.4375,0.0350,1001.2559,smooth_accel_decel2
437342,0.1256,-0.0547,1.1059,-0.1575,0.0262,0.3762,1001.2642,smooth_accel_decel2
437402,-0.0346,0.0691,0.9616,0.7613,0.7875,0.2625,1001.2708,smooth_accel_decel2
437462,0.0520,-0.0145,0.9831,-0.6300,-0.9538,-0.1663,1001.2715,smooth_accel_decel2
437522,0.0386,0.0222,0.9930,-0.1225,1.3475,0.3675,1001.2637,smooth_accel_decel2
437582,0.0446,-0.0068,0.9274,0.0700,0.3762,0.2013,1001.2656,smooth_accel_decel2
437642,0.0447,0.0314,0.9464,0.2450,-0.2188,0.3150,1001.2710,smooth_accel_decel2
437702,0.0191,-0.0046,0.9270,-0.2537,-0.6125,0.3850,1001.2747,smooth_accel_decel2
437762,0.0691,0.0478,1.0273,0.5163,-1.1113,0.3675,1001.2720,smooth_accel_decel2
437822,0.1132,0.0053,1.0435,1.6625,-0.9625,0.3325,1001.2737,smooth_accel_decel2
437882,0.0105,0.0810,0.9860,1.5050,1.2162,0.3500,1001.2832,smooth_accel_decel2
437942,0.0708,0.0709,0.9852,0.1050,-1.0412,0.1488,1001.2786,smooth_accel_decel2
438002,0.0540,0.0061,1.0388,1.1550,0.1925,0.0437,1001.2776,smooth_accel_decel2
438062,0.0725,0.0351,0.9929,0.2275,-1.4175,0.0350,1001.2749,smooth_accel_decel2
438122,0.0834,-0.0122,1.0133,0.4025,-0.9450,0.2713,1001.2700,smooth_accel_decel2
438182,0.0720,-0.0020,0.9768,0.4112,0.5075,0.0088,1001.2864,smooth_accel_decel2
438242,0.0307,-0.0020,0.9506,-0.5425,-1.3300,0.7962,1001.2830,smooth_accel_decel2
438302,0.0550,-0.0003,1.0512,-0.1838,-0.0875,0.5863,1001.2715,smooth_accel_decel2
438362,-0.0104,0.0524,1.0063,0.3063,1.3125,0.1050,1001.2827,smooth_accel_decel2
438422,-0.0014,-0.0603,0.9870,1.2775,1.3650,0.0437,1001.2671,smooth_accel_decel2
438482,0.0018,-0.0041,0.9685,-0.9362,0.8487,0.2887,1001.2712,smooth_accel_decel2
438542,0.0275,0.0326,1.0019,1.6800,0.3500,0.2887,1001.2764,smooth_accel_decel2
438602,0.0520,0.0380,1.0148,1.1812,0.3500,-0.1575,1001.2739,smooth_accel_decel2
438662,-0.0486,-0.0254,0.9184,1.8813,0.0875,-0.0350,1001.2671,smooth_accel_decel2
438722,-0.0382,-0.0163,0.9784,0.8575,-1.1725,0.2713,1001.2788,smooth_accel_decel2
438782,-0.0839,-0.0071,0.9769,1.7150,0.4550,0.0700,1001.2676,smooth_accel_decel2
438842,-0.0647,0.0025,0.9833,0.0525,0.4025,0.3413,1001.2776,smooth_accel_decel2
438902,-0.0646,0.0497,0.9233,-0.4812,0.0613,0.2975,1001.2856,smooth_accel_decel2
438962,-0.0232,0.0042,1.0289,-1.4963,1.7413,0.2362,1001.2703,smooth_accel_decel2
439022,-0.0727,-0.0287,1.0509,0.8925,1.9250,0.2188,1001.2815,smooth_accel_decel2
439082,-0.0818,0.0020,1.1370,0.7088,2.0912,0.3762,1001.2783,smooth_accel_decel2
439142,-0.1380,0.0151,0.9657,0.1225,0.8662,0.5075,1001.2715,smooth_accel_decel2
439202,-0.1293,0.0378,1.0029,0.7525,0.1488,0.1925,1001.2720,smooth_accel_decel2
439262,-0.0849,-0.0029,1.0084,1.1463,0.4375,0.1050,1001.2593,smooth_accel_decel2
439322,-0.1233,-0.0207,0.9299,0.4288,-0.4638,0.0700,1001.2703,smooth_accel_decel2
439382,-0.1342,0.0386,0.9984,0.7788,1.0063,-0.0350,1001.2698,smooth_accel_decel2
439442,-0.1737,-0.0855,1.0272,-0.0350,1.4525,-0.0787,1001.2607,smooth_accel_decel2
439502,-0.1435,-0.0342,0.9751,2.1350,1.7237,-0.2013,1001.2588,smooth_accel_decel2
439562,-0.1236,-0.0526,0.9897,0.2975,-1.1900,0.2537,1001.2632,smooth_accel_decel2
439622,-0.1343,-0.0687,0.9540,-1.8725,-1.3212,0.6650,1001.2544,smooth_accel_decel2
439682,-0.1713,-0.0085,0.9264,-0.9538,-0.6212,0.6037,1001.2517,smooth_accel_decel2
439742,-0.0997,0.0178,1.0521,0.2188,0.1488,0.2887,1001.2402,smooth_accel_decel2
439802,-0.1062,0.0268,1.0734,0.1750,1.8725,0.1488,1001.2256,smooth_accel_decel2
439862,-0.1298,0.0247,0.8901,-1.0850,-1.4175,0.7788,1001.2412,smooth_accel_decel2
439922,-0.1347,0.0386,0.9941,-0.9450,1.1900,0.4462,1001.2231,smooth_accel_decel2
439982,-0.1957,-0.0181,0.9052,-0.8662,-1.9600,0.2800,1001.2351,smooth_accel_decel2
440042,-0.0824,0.0312,1.1029,1.2337,1.6187,0.4462,1001.2344,smooth_accel_decel2
440102,-0.1839,-0.1201,0.9362,1.6625,-3.0625,0.3762,1001.2346,smooth_accel_decel2
440162,-0.1718,0.0151,0.8811,0.1575,-0.1400,0.2100,1001.2317,smooth_accel_decel2
440222,-0.1172,0.0439,0.9939,0.0700,-0.0437,0.8400,1001.2258,smooth_accel_decel2
440282,-0.1174,-0.1051,1.0635,0.7700,-0.9712,0.3500,1001.2200,smooth_accel_decel2
440342,-0.1598,-0.0595,0.9130,-0.3938,-1.1725,-0.0088,1001.2188,smooth_accel_decel2
440402,-0.1027,-0.0361,1.0555,0.0000,1.8725,-0.3675,1001.2205,smooth_accel_decel2
440462,-0.1327,0.0259,0.9595,0.8838,0.3150,0.1050,1001.2180,smooth_accel_decel2
440522,-0.1369,-0.0056,0.9730,-0.3938,1.1375,-0.0700,1001.2070,smooth_accel_decel2
440582,-0.1405,-0.1028,0.9804,0.9275,2.1175,-0.2800,1001.2219,smooth_accel_decel2
440642,-0.1796,0.0440,0.9730,-1.1375,-0.4200,0.0262,1001.2241,smooth_accel_decel2
440702,-0.1820,-0.1149,1.0660,1.0150,2.7037,-0.3850,1001.2151,smooth_accel_decel2
440762,-0.1613,-0.0475,0.8814,-1.5750,-2.5200,0.6212,1001.2119,smooth_accel_decel2
440822,-0.1330,-0.0263,1.0978,0.6913,1.0675,0.2450,1001.2095,smooth_accel_decel2
440882,-0.1595,-0.0176,1.0168,0.5163,0.7700,-0.1925,1001.2063,smooth_accel_decel2
440942,-0.0668,0.0245,1.0416,0.7437,-1.0412,0.4812,1001.2051,smooth_accel_decel2
441002,-0.0132,0.0195,1.1358,-0.2537,-3.7188,0.3413,1001.2046,smooth_accel_decel2
441062,-0.1078,0.0210,0.9711,-0.9625,1.1988,0.7088,1001.2043,smooth_accel_decel2
441122,-0.2056,-0.0280,0.8251,-0.2887,-3.3425,0.7962,1001.2046,smooth_accel_decel2
441182,-0.1645,-0.0802,1.0170,-0.4375,1.1550,0.4200,1001.2026,smooth_accel_decel2
441242,-0.2433,-0.0242,0.8486,-0.8138,-0.1225,-0.1225,1001.2039,smooth_accel_decel2
441302,-0.0992,-0.0029,0.9413,1.0850,-1.6100,0.5425,1001.2048,smooth_accel_decel2
441362,-0.1412,-0.0351,0.8667,0.0175,-1.1725,0.1838,1001.2007,smooth_accel_decel2
441422,-0.1296,-0.0367,0.9901,-2.1350,2.8263,0.6037,1001.1951,smooth_accel_decel2
441482,-0.1871,-0.0192,0.8375,0.0525,-0.0700,0.3500,1001.1946,smooth_accel_decel2
441542,-0.1952,0.0088,1.0329,3.2725,0.1400,0.1050,1001.1824,smooth_accel_decel2
441602,-0.1430,-0.0120,1.0368,0.1750,0.1838,-0.3675,1001.1814,smooth_accel_decel2
441662,-0.1438,-0.0895,0.8571,0.7088,-2.4237,0.2537,1001.1787,smooth_accel_decel2
441722,-0.1398,-0.0003,0.9423,1.4787,-1.4963,0.4112,1001.1631,smooth_accel_decel2
441782,-0.1501,-0.0351,0.8882,-1.6450,-0.1488,0.3237,1001.1641,smooth_accel_decel2
441842,-0.0398,0.0564,1.0011,0.4725,0.7962,0.3675,1001.1541,smooth_accel_decel2
441902,-0.1045,0.0127,1.1505,1.0938,1.6450,0.1750,1001.1531,smooth_accel_decel2
441962,-0.1130,0.0525,0.8865,2.0125,0.1312,0.3237,1001.1465,smooth_accel_decel2
442022,-0.1830,0.0592,0.9783,-1.1638,4.7425,0.7350,1001.1431,smooth_accel_decel2
442082,-0.1035,0.0061,0.9567,-0.2100,-1.0237,0.8225,1001.1338,smooth_accel_decel2
442142,-0.2367,-0.1069,0.8713,-1.4612,0.4200,0.3325,1001.1165,smooth_accel_decel2
442202,-0.1081,0.0145,1.0304,3.2987,-3.0538,0.4112,1001.1179,smooth_accel_decel2
442262,-0.1152,-0.0222,0.9711,-1.7500,1.8637,0.0262,1001.1343,smooth_accel_decel2
442322,-0.1347,0.0168,0.9891,1.6100,2.2925,0.4812,1001.1213,smooth_accel_decel2
442382,-0.1318,0.0065,0.9518,-0.8225,-2.4500,0.9362,1001.1211,smooth_accel_decel2
442442,-0.1371,0.0431,0.9475,1.0237,-0.8050,0.5512,1001.1172,smooth_accel_decel2
442502,-0.1838,-0.0350,0.8553,-1.3388,-1.9950,0.0437,1001.1230,smooth_accel_decel2
442562,-0.0350,0.0764,1.1428,1.5575,-0.2450,0.4550,1001.1321,smooth_accel_decel2
442622,-0.0708,-0.0036,1.0558,-1.3038,-0.9362,0.6212,1001.1257,smooth_accel_decel2
442682,-0.1077,-0.0418,0.9624,-1.2250,0.2537,0.1838,1001.1113,smooth_accel_decel2
442742,-0.0524,0.1266,1.0636,-0.9538,0.4288,0.4200,1001.1077,smooth_accel_decel2
442802,-0.0605,0.0530,1.1429,0.9187,-3.1675,0.5075,1001.1082,smooth_accel_decel2
442862,-0.1305,0.0720,1.0274,1.2425,0.1925,-0.4200,1001.1086,smooth_accel_decel2
442922,-0.0147,-0.0480,1.2229,0.6300,3.5087,-0.1138,1001.1226,smooth_accel_decel2
442982,-0.1283,-0.0105,0.9899,1.9338,-0.4725,-0.1050,1001.1025,smooth_accel_decel2
443042,-0.1232,0.0106,1.0134,0.4550,0.9625,0.5512,1001.0879,smooth_accel_decel2
443102,-0.0835,0.0956,1.0604,-0.6212,0.4112,0.8575,1001.0979,smooth_accel_decel2
443162,-0.1113,-0.0328,1.0048,1.5575,-0.5950,1.0500,1001.0840,smooth_accel_decel2
443222,-0.1060,0.0940,1.1482,2.1875,0.6212,-0.2013,1001.0957,smooth_accel_decel2
443282,-0.0096,0.1418,1.1858,2.6862,0.2975,0.1750,1001.0896,smooth_accel_decel2
443342,-0.0590,-0.0031,1.1761,1.6625,1.7150,0.0000,1001.0850,smooth_accel_decel2
443402,-0.0957,0.1757,1.0268,0.8662,1.8900,0.4988,1001.0876,smooth_accel_decel2
443462,-0.1934,0.0191,0.8137,0.0700,-4.6988,0.5600,1001.0688,smooth_accel_decel2
443522,-0.0905,0.0129,1.0623,3.5000,1.1113,0.0350,1001.0745,smooth_accel_decel2
443582,-0.0175,0.1047,1.0002,-1.8025,-3.8675,0.6650,1001.0779,smooth_accel_decel2
443642,-0.0265,0.0337,1.0436,0.8225,-0.0175,0.9712,1001.0652,smooth_accel_decel2
443702,-0.1754,-0.0183,0.9517,0.6737,0.2713,0.1838,1001.0750,smooth_accel_decel2
443762,-0.1522,-0.0398,1.0108,1.2425,2.3100,-0.1750,1001.0525,smooth_accel_decel2
443822,0.0691,0.0993,1.2414,0.4288,-3.2638,0.3325,1001.0488,smooth_accel_decel2
443882,-0.1157,0.0947,0.9059,-1.3650,-0.1925,0.4200,1001.0486,smooth_accel_decel2
443942,-0.0844,0.0437,1.0178,0.9362,0.4725,0.4200,1001.0442,smooth_accel_decel2
444002,-0.0888,0.0245,0.9587,-0.5075,1.9338,0.0700,1001.0217,smooth_accel_decel2
444062,-0.1418,-0.0359,0.8621,-1.8463,-1.4700,0.0525,1001.0278,smooth_accel_decel2
444122,-0.1034,0.0141,0.8522,0.9887,-3.1063,0.2975,1001.0149,smooth_accel_decel2
444182,-0.0788,-0.0337,1.1190,0.5250,-1.0325,0.3500,1001.0286,smooth_accel_decel2
444242,-0.0852,0.0351,1.0926,3.1588,1.0762,0.0700,1001.0222,smooth_accel_decel2
444302,-0.1015,0.0315,1.0878,-1.9863,1.9512,0.2450,1001.0132,smooth_accel_decel2
444362,-0.0451,0.0123,1.0318,-2.0475,-0.7350,0.4462,1001.0227,smooth_accel_decel2
444422,-0.0637,0.0279,1.0744,-0.1400,1.5400,0.3150,1001.0132,smooth_accel_decel2
444482,-0.0910,-0.0051,0.9455,-1.4612,-0.5075,0.2800,1001.0039,smooth_accel_decel2
444542,-0.0508,0.0634,0.9728,0.8225,-2.0738,-0.0175,1001.0059,smooth_accel_decel2
444602,-0.0454,0.0600,1.0684,0.1488,0.3237,0.2625,1001.0037,smooth_accel_decel2
444662,-0.1299,-0.0025,0.8465,-1.0500,3.7538,0.0000,1001.0020,smooth_accel_decel2
444722,-0.1083,0.0493,0.9351,-2.2838,-1.4700,0.5512,1000.9729,smooth_accel_decel2
444782,-0.1505,-0.0930,0.8522,-3.9113,-1.5750,-0.6037,1000.9785,smooth_accel_decel2
444842,-0.2003,-0.0264,0.7859,0.3587,0.1925,-0.1488,1000.9709,smooth_accel_decel2
444902,-0.0556,-0.0925,1.0580,0.1225,-0.0613,-0.0613,1000.9458,smooth_accel_decel2
444962,-0.0303,0.0407,0.8525,-0.8050,-0.3413,0.3150,1000.9438,smooth_accel_decel2
445022,-0.0293,0.0753,1.0878,-1.9425,5.6525,-0.5688,1000.9277,smooth_accel_decel2
445082,-0.0766,0.2219,0.9037,-2.3537,-4.0075,0.9800,1000.9302,smooth_accel_decel2
445142,0.0271,-0.0018,1.1495,0.5337,1.2862,0.7262,1000.9326,smooth_accel_decel2
445202,-0.0069,-0.1671,1.0752,5.7400,0.0088,-0.2975,1000.9541,smooth_accel_decel2
445262,-0.0522,0.1713,0.9867,-1.3563,1.4000,0.1400,1000.9348,smooth_accel_decel2
445322,-0.1454,-0.0659,0.8821,0.1400,3.0887,-0.0175,1000.9207,smooth_accel_decel2
445382,-0.1286,0.1139,0.9799,-2.1525,2.2225,0.5775,1000.9224,smooth_accel_decel2
445442,-0.0839,-0.1798,0.8386,-0.8925,-1.7413,0.9887,1000.9265,smooth_accel_decel2
445502,-0.0669,0.0286,0.9517,5.3987,-0.2188,-0.3500,1000.9316,smooth_accel_decel2
445562,-0.1405,-0.0020,0.9379,-1.0588,0.4638,-0.9187,1000.9275,smooth_accel_decel2
445622,-0.0789,-0.0917,0.8426,-1.9075,0.0787,0.1925,1000.9207,smooth_accel_decel2
445682,-0.2969,0.1113,0.7113,2.1525,-0.9975,0.4638,1000.8948,smooth_accel_decel2
445742,-0.0512,-0.1019,0.9203,-3.6400,1.1463,-0.0787,1000.9080,smooth_accel_decel2
445802,0.0086,0.0312,1.1675,-0.7613,0.2713,0.3500,1000.9045,smooth_accel_decel2
445862,-0.0942,0.1186,0.9374,-0.8487,-0.1575,0.2100,1000.9180,smooth_accel_decel2
445922,-0.0271,-0.1088,0.9116,-1.1113,-3.7362,0.0787,1000.9121,smooth_accel_decel2
445982,0.0547,0.0020,1.2988,0.5163,-1.8025,-0.2450,1000.9250,smooth_accel_decel2
446042,-0.0690,0.0190,0.8340,1.5750,-1.6537,0.0262,1000.9141,smooth_accel_decel2
446102,-0.1019,-0.0784,0.9111,-2.1088,2.3712,0.1838,1000.9197,smooth_accel_decel2
446162,-0.0800,-0.2691,0.7357,-1.4088,-4.1562,0.5163,1000.9058,smooth_accel_decel2
446222,0.0503,0.0439,0.9987,-0.8225,-1.4000,-0.0175,1000.8989,smooth_accel_decel2
446282,-0.0907,-0.1149,0.8617,-0.9187,-2.6688,0.3063,1000.8989,smooth_accel_decel2
446342,0.0413,0.0972,1.1056,-5.0312,-1.8637,0.8925,1000.8821,smooth_accel_decel2
446402,0.0856,0.0442,1.0789,-5.1800,-2.2925,1.3825,1000.8889,smooth_accel_decel2
446462,0.0113,-0.1154,1.0960,-2.8875,-5.2325,0.9887,1000.8933,smooth_accel_decel2
446522,-0.0935,-0.1313,0.7401,2.6862,-1.0588,-0.5250,1000.9001,smooth_accel_decel2
446582,0.1537,0.1124,1.2615,-0.6562,4.2787,0.3850,1000.8716,smooth_accel_decel2
446642,0.1616,0.0879,1.0711,-1.1287,-5.6788,0.7962,1000.8909,smooth_accel_decel2
446702,0.0834,0.0894,1.0211,-0.4200,4.0425,0.6037,1000.8804,smooth_accel_decel2
446762,0.0992,0.2108,1.1236,4.4538,-2.8438,-0.2275,1000.8936,smooth_accel_decel2
446822,0.1527,0.0764,1.1293,0.0962,0.4812,0.2625,1000.8823,smooth_accel_decel2
446882,-0.0465,0.0539,0.9485,2.6337,-1.2162,0.5337,1000.8899,smooth_accel_decel2
446942,-0.0608,-0.0917,0.9977,2.5812,1.4438,-0.1050,1000.8921,smooth_accel_decel2
447002,0.0447,-0.0095,0.9884,-2.4062,0.6300,0.5425,1000.8845,smooth_accel_decel2
447062,0.1208,0.0368,1.0223,-3.3863,1.7587,0.2625,1000.8770,smooth_accel_decel2
447122,-0.2049,-0.1296,0.4973,-3.2550,3.8238,0.7088,1000.8857,smooth_accel_decel2
447182,-0.0480,-0.0493,0.9736,0.2362,1.7675,-0.3063,1000.8943,smooth_accel_decel2
447242,0.0212,-0.0978,0.9922,-2.1263,-6.5712,0.1925,1000.8992,smooth_accel_decel2
447302,0.1471,0.2442,1.0956,-1.6363,2.2050,-0.4200,1000.8992,smooth_accel_decel2
447362,-0.0547,-0.0037,0.8989,0.7000,-5.2675,1.3825,1000.8901,smooth_accel_decel2
447422,0.0029,0.0310,0.9439,3.3775,0.4375,-0.2100,1000.8860,smooth_accel_decel2
447482,0.0025,-0.0697,0.8969,-0.8138,1.6800,-0.7875,1000.8987,smooth_accel_decel2
447542,0.0900,0.0290,0.8589,-1.1287,0.4725,-0.1663,1000.9048,smooth_accel_decel2
447602,0.1030,-0.0830,1.0682,2.8175,-1.4612,0.2537,1000.9031,smooth_accel_decel2
447662,-0.0671,-0.0270,0.8655,-3.1500,1.1725,-0.3237,1000.8931,smooth_accel_decel2
447722,0.1129,-0.0205,0.9398,1.7850,-2.4150,0.1138,1000.9114,smooth_accel_decel2
447782,0.0961,-0.0506,1.0863,-0.0875,-0.4200,0.0525,1000.9006,smooth_accel_decel2
447842,0.0902,-0.0608,1.0327,0.4900,-0.4288,0.4025,1000.9001,smooth_accel_decel2
447902,0.0914,0.0073,1.0560,2.7912,1.2687,0.1750,1000.9138,smooth_accel_decel2
447962,-0.0026,0.0688,1.0011,-1.0237,1.9425,0.0175,1000.9292,smooth_accel_decel2
448022,0.0200,-0.0303,0.9609,-0.4638,-2.9925,0.4112,1000.9280,smooth_accel_decel2
448082,-0.0022,-0.1565,0.9284,-0.6913,1.8375,0.8487,1000.9250,smooth_accel_decel2
448142,0.0486,-0.0002,1.0019,-1.4875,0.6737,0.4025,1000.9299,smooth_accel_decel2
448202,0.0298,-0.0649,0.9826,0.1750,-0.7525,0.2537,1000.9353,smooth_accel_decel2
448262,0.0200,-0.0303,0.8097,-2.7037,-4.1388,-0.7262,1000.9185,smooth_accel_decel2
448322,0.1146,-0.0783,1.1680,2.5463,-1.8025,0.0787,1000.9297,smooth_accel_decel2
448382,0.0772,-0.0073,1.0260,3.3775,1.0588,0.6388,1000.9250,smooth_accel_decel2
448442,0.1196,0.1101,1.1545,2.5900,-1.4262,0.3413,1000.9341,smooth_accel_decel2
448502,0.1606,0.1173,1.2432,-0.7175,1.9863,0.0437,1000.9260,smooth_accel_decel2
448562,0.1035,-0.0742,1.1005,-0.3063,-0.0875,0.5600,1000.9370,smooth_accel_decel2
448622,0.1216,0.0015,1.0000,0.5600,-0.1312,0.4112,1000.9404,smooth_accel_decel2
448682,0.0809,-0.0307,1.0104,0.9013,-1.2950,-0.1663,1000.9358,smooth_accel_decel2
448742,0.0037,-0.1003,0.8908,-2.2400,-0.7437,0.1050,1000.9517,smooth_accel_decel2
448802,0.0866,0.0547,0.9067,1.1113,-2.9750,0.0525,1000.9460,smooth_accel_decel2
448862,0.1059,0.1042,1.1065,-0.8838,-0.5512,0.2537,1000.9436,smooth_accel_decel2
448922,0.0711,0.0266,0.9448,-5.5738,-0.4462,0.4638,1000.9519,smooth_accel_decel2
448982,-0.0295,0.0225,0.8647,-2.9137,-2.2575,-0.1138,1000.9492,smooth_accel_decel2
449042,0.1581,-0.1931,1.0896,1.1287,-2.2838,-0.6650,1000.9526,smooth_accel_decel2
449102,-0.0334,0.0093,0.9653,1.9688,-2.2750,0.2450,1000.9624,smooth_accel_decel2
449162,0.0841,0.0451,1.0138,-1.0412,6.0813,0.7350,1000.9536,smooth_accel_decel2
449222,0.1517,0.1323,1.2132,2.7037,3.7713,-0.2975,1000.9441,smooth_accel_decel2
449282,0.0676,-0.1350,0.8609,1.2162,4.7863,-1.0150,1000.9741,smooth_accel_decel2
449342,-0.0305,-0.2605,0.7835,5.3288,-0.8400,-0.1488,1000.9585,smooth_accel_decel2
449402,0.0431,0.0822,0.9601,-0.9187,-0.6562,1.1900,1000.9673,smooth_accel_decel2
449462,-0.0232,-0.0085,0.7855,-2.4588,-8.8725,1.2862,1000.9653,smooth_accel_decel2
449522,0.1066,0.0348,1.2420,-2.8788,-2.5287,0.8050,1000.9729,smooth_accel_decel2
449582,0.0112,-0.0910,0.8103,1.7850,-0.6737,-0.7000,1000.9529,smooth_accel_decel2
449642,-0.0742,-0.2105,0.7974,5.0750,-1.6363,-1.1725,1000.9717,smooth_accel_decel2
449702,0.0573,-0.0559,1.0719,-0.5075,3.9637,0.5775,1000.9548,smooth_accel_decel2
449762,0.1200,0.1120,1.1348,1.2775,4.7688,0.7525,1000.9624,smooth_accel_decel2
449822,0.0315,0.0244,0.8262,-0.3237,1.4963,0.0700,1000.9707,smooth_accel_decel2
449882,0.0363,-0.0480,1.1675,2.4325,1.1200,0.4812,1000.9888,smooth_accel_decel2
449942,-0.0258,-0.0086,1.0744,3.5000,-1.1550,-0.6650,1000.9939,smooth_accel_decel2
450002,-0.0866,-0.1105,0.6705,-4.8475,-2.5812,-0.0437,1000.9897,smooth_accel_decel2
450062,0.1661,-0.0504,1.2119,3.6750,-4.0163,0.1050,1000.9805,smooth_accel_decel2
450122,-0.0711,0.0966,0.6633,2.9050,-0.2188,0.6562,1000.9817,smooth_accel_decel2
450182,0.0442,0.0551,0.7274,-2.5988,0.1838,0.1225,1000.9768,smooth_accel_decel2
450242,0.0637,0.1917,0.9490,1.9250,1.1638,0.2800,1000.9768,smooth_accel_decel2
450302,0.1443,-0.0517,1.2243,-0.3587,2.8963,-0.8400,1000.9995,smooth_accel_decel2
450362,0.0739,0.0200,1.0155,2.3975,2.0387,0.4725,1001.0034,smooth_accel_decel2
450422,0.0466,-0.1134,0.8494,1.1463,0.4900,-0.4550,1000.9954,smooth_accel_decel2
450482,0.0444,0.0537,1.0002,-3.2113,1.3913,0.1400,1001.0037,smooth_accel_decel2
450542,-0.0610,-0.0863,0.9428,-1.4963,5.5300,0.5425,1001.0146,smooth_accel_decel2
450602,0.0639,0.0498,1.0426,2.4588,0.7175,0.1400,1001.0112,smooth_accel_decel2
450662,0.0830,-0.0758,0.9442,-0.3762,0.0613,0.4988,1001.0098,smooth_accel_decel2
450722,0.0856,-0.0186,1.0451,2.0387,-2.3975,0.3063,1001.0090,smooth_accel_decel2
450782,0.0709,0.0939,1.0006,2.4413,-2.4150,0.5775,1001.0122,smooth_accel_decel2
450842,0.1130,0.0542,1.0507,-2.0650,-3.3163,-0.0875,1001.0051,smooth_accel_decel2
450902,0.1620,0.0844,1.2313,1.2075,-0.6212,1.1638,1001.0090,smooth_accel_decel2
450962,0.0339,0.0849,1.0294,1.6537,0.5775,0.5512,1001.0195,smooth_accel_decel2
451022,0.0325,0.0109,0.9784,3.0275,3.2113,-0.0875,1001.0156,smooth_accel_decel2
451082,0.0608,0.0632,0.9665,1.1900,3.7188,0.0088,1001.0000,smooth_accel_decel2
451142,0.0927,0.1986,1.0994,-3.3250,2.2225,0.5075,1001.0046,smooth_accel_decel2
451202,0.1347,0.0645,1.0675,-0.3500,1.2250,0.1488,1001.0244,smooth_accel_decel2
451262,0.1208,-0.0417,1.1983,-0.9187,2.1875,-0.2800,1001.0391,smooth_accel_decel2
451322,-0.0075,-0.0382,0.8926,0.4550,2.2225,0.2713,1001.0237,smooth_accel_decel2
451382,0.0656,-0.0293,1.1392,-0.1050,1.1725,0.1312,1001.0303,smooth_accel_decel2
451442,0.0706,0.1232,1.0936,-1.4700,-0.9362,-0.1575,1001.0251,smooth_accel_decel2
451502,0.0778,0.0332,0.9702,-0.6300,-0.5688,-0.1312,1001.0215,smooth_accel_decel2
451562,0.0317,-0.0730,0.8269,0.7788,-2.4938,-0.1663,1001.0396,smooth_accel_decel2
451622,0.1445,0.0936,1.1891,-1.4175,2.8350,-0.0437,1001.0347,smooth_accel_decel2
451682,-0.0126,0.0436,0.8533,-2.2838,0.2013,-0.0088,1001.0491,smooth_accel_decel2
451742,0.1155,-0.0620,1.0448,0.0000,-2.1263,0.1400,1001.0400,smooth_accel_decel2
451802,0.1122,0.1516,0.9458,1.2425,-1.8550,-0.1925,1001.0515,smooth_accel_decel2
451862,0.0822,0.0203,1.0912,0.3150,2.0650,-0.3500,1001.0413,smooth_accel_decel2
451922,0.0725,0.0364,0.9606,0.2975,-0.4900,0.1663,1001.0459,smooth_accel_decel2
451982,0.1032,0.0870,1.0555,0.5775,0.6737,0.7613,1001.0510,smooth_accel_decel2
452042,0.1352,-0.0213,1.0275,0.0000,-0.2800,0.4462,1001.0596,smooth_accel_decel2
452102,0.1388,0.0897,1.0724,1.7325,-2.6337,0.8750,1001.0422,smooth_accel_decel2
452162,0.0893,0.0776,0.9699,1.8725,0.9187,0.4025,1001.0605,smooth_accel_decel2
452222,-0.0131,0.0016,0.9267,0.9013,-2.1700,-0.4025,1001.0769,smooth_accel_decel2
452282,0.1082,-0.0559,0.9231,2.8525,-1.0762,0.2713,1001.0613,smooth_accel_decel2
452342,0.0470,0.0168,1.0169,0.6125,1.3737,0.1925,1001.0593,smooth_accel_decel2
452402,0.0303,-0.0478,0.8420,-0.3237,0.2362,0.0175,1001.0540,smooth_accel_decel2
452462,0.1498,0.1271,1.1117,-1.1287,-2.2575,0.1575,1001.0415,smooth_accel_decel2
452522,0.0618,0.0590,1.0231,-0.6212,-0.3938,-0.1138,1001.0552,smooth_accel_decel2
452582,0.0606,0.0500,1.0016,-0.0700,0.9362,-0.4112,1001.0703,smooth_accel_decel2
452642,0.0761,-0.0209,0.9416,4.4275,-2.0650,-0.3675,1001.0530,smooth_accel_decel2
452702,-0.0046,-0.0522,0.8281,1.3913,-3.2375,-1.3125,1001.0632,smooth_accel_decel2
452762,0.1216,-0.0939,0.9516,-7.0525,-1.1200,0.0000,1001.0566,smooth_accel_decel2
452822,0.2222,0.1437,1.1792,0.8750,-1.6013,0.7525,1001.0510,smooth_accel_decel2
452882,-0.0646,0.0872,0.9187,5.0925,2.6512,-1.3563,1001.0686,smooth_accel_decel2
452942,0.1007,0.1137,0.8584,-3.1325,1.2162,-0.0088,1001.0684,smooth_accel_decel2
453002,0.0648,0.0139,0.9482,-2.5900,-1.0675,-0.4462,1001.0474,smooth_accel_decel2
453062,0.1493,-0.1035,1.2353,-0.8313,2.1613,0.0613,1001.0576,smooth_accel_decel2
453122,0.2463,0.0083,0.9557,-2.9838,3.6925,-0.3413,1001.0735,smooth_accel_decel2
453182,0.0980,0.0849,1.1426,3.2550,1.7500,0.9538,1001.0869,smooth_accel_decel2
453242,-0.0517,0.1523,0.9389,1.3913,3.3600,-0.0088,1001.0762,smooth_accel_decel2
453302,0.1250,0.1171,1.1045,-2.7037,2.4938,0.0875,1001.0769,smooth_accel_decel2
453362,0.1303,-0.0081,1.1539,-1.2862,-2.4500,1.4175,1001.0681,smooth_accel_decel2
453422,-0.3253,-0.0365,0.5226,1.6275,-5.7225,0.0700,1001.0752,smooth_accel_decel2
453482,0.2025,0.0681,0.9548,-1.5662,-1.2600,1.6450,1001.0742,smooth_accel_decel2
453542,0.1527,0.0478,1.2580,3.9550,8.8112,0.5425,1001.0608,smooth_accel_decel2
453602,0.0488,-0.1617,0.7867,0.5163,-2.0387,-0.8838,1001.0825,smooth_accel_decel2
453662,0.1297,-0.0694,0.5942,-2.7037,-0.1138,-1.2250,1001.0891,smooth_accel_decel2
453722,0.0370,0.0443,0.6749,-3.6925,-6.8075,0.7613,1001.1030,smooth_accel_decel2
453782,-0.2133,0.1042,0.8979,2.0912,4.1825,0.3938,1001.0820,smooth_accel_decel2
453842,0.2189,0.0783,1.4796,1.7763,0.7262,-0.3150,1001.0913,smooth_accel_decel2
453902,0.1869,0.1013,1.0929,0.3762,2.9662,0.7962,1001.0840,smooth_accel_decel2
453962,0.0461,-0.1049,0.8902,2.1175,-1.5312,-0.5688,1001.0979,smooth_accel_decel2
454022,0.1444,-0.0282,1.0102,-0.2537,-1.9075,-0.1225,1001.0942,smooth_accel_decel2
454082,0.0182,-0.1094,1.0633,-0.0175,-3.5175,1.4175,1001.0835,smooth_accel_decel2
454142,0.0325,0.0295,0.8888,-1.4612,-2.5550,0.3150,1001.0996,smooth_accel_decel2
454202,0.0257,-0.1396,0.8469,1.4350,-2.9662,0.5163,1001.0913,smooth_accel_decel2
454262,-0.0392,-0.0359,0.7846,-1.8550,-0.2100,-0.1663,1001.1016,smooth_accel_decel2
454322,0.0293,-0.0634,0.8292,0.5950,-0.1225,-0.1225,1001.1013,smooth_accel_decel2
454382,0.1324,0.1042,1.1690,0.9275,4.5500,0.9100,1001.1091,smooth_accel_decel2
454442,0.0856,0.0221,0.9989,-2.7562,2.3975,0.3762,1001.0945,smooth_accel_decel2
454502,0.0637,-0.0054,0.9615,-0.6737,-0.5600,0.2188,1001.0942,smooth_accel_decel2
454562,0.0593,-0.1269,1.0167,0.7437,-0.1663,0.3237,1001.0879,smooth_accel_decel2
454622,0.0617,0.0556,0.9872,-0.2537,2.3275,0.7962,1001.0896,smooth_accel_decel2
454682,0.0381,-0.0379,1.0167,1.8987,0.8925,0.5425,1001.0969,smooth_accel_decel2
454742,-0.0269,-0.0669,0.9351,0.3675,1.6100,-0.0875,1001.0933,smooth_accel_decel2
454802,0.0588,-0.0520,0.9091,-2.2575,0.0875,0.2537,1001.0986,smooth_accel_decel2
454862,0.0356,-0.0693,0.8971,1.6888,-0.2800,0.2100,1001.1050,smooth_accel_decel2
454922,0.0784,0.1207,0.9892,0.5075,0.1225,-0.0262,1001.0952,smooth_accel_decel2
454982,0.0099,-0.0961,0.8365,-1.0150,-2.7650,0.0437,1001.1077,smooth_accel_decel2
455042,0.0692,-0.0249,1.0590,-1.2862,0.1488,0.3938,1001.1201,smooth_accel_decel2
455102,0.0520,0.0179,1.0770,1.1638,-1.7150,0.0700,1001.1111,smooth_accel_decel2
455162,0.0429,-0.0622,0.9379,2.2575,-0.0700,0.1925,1001.1062,smooth_accel_decel2
455222,0.0490,0.0664,0.9363,2.8963,-2.4762,0.2013,1001.1177,smooth_accel_decel2
455282,0.0512,-0.0323,0.9789,0.4462,0.0875,-0.0875,1001.1233,smooth_accel_decel2
455342,0.0859,-0.0424,1.0199,-2.3975,0.9275,0.1838,1001.1250,smooth_accel_decel2
455402,0.1062,0.0859,1.0863,-1.8200,0.8575,-0.1750,1001.1084,smooth_accel_decel2
455462,0.0542,-0.0985,1.0021,-1.5488,-0.4550,0.3413,1001.1116,smooth_accel_decel2
455522,0.0290,0.0282,0.9894,-0.5337,1.5838,0.3150,1001.1257,smooth_accel_decel2
455582,0.0074,-0.1132,0.8845,-4.1388,0.4112,0.0175,1001.1091,smooth_accel_decel2
455642,-0.0021,-0.0730,0.9576,1.4350,0.7000,-0.5075,1001.1313,smooth_accel_decel2
455702,0.1347,0.0580,1.0720,0.8487,-1.2250,-0.3237,1001.1152,smooth_accel_decel2
455762,0.1484,0.0349,1.0451,0.7700,-2.1000,-0.1312,1001.1250,smooth_accel_decel2
455822,-0.0269,-0.0854,0.8657,-0.1312,1.6800,0.0262,1001.1313,smooth_accel_decel2
455882,0.0275,-0.0199,1.0367,2.3625,-1.3300,0.4812,1001.1157,smooth_accel_decel2
455942,0.0913,-0.0408,1.0541,-0.7088,1.1638,0.7613,1001.1125,smooth_accel_decel2
456002,-0.0086,-0.0922,0.8708,-1.1200,1.1287,0.2275,1001.1233,smooth_accel_decel2
456062,0.0257,0.0222,1.0668,2.2137,1.9162,-0.2887,1001.1309,smooth_accel_decel2
456122,0.0442,0.0110,0.9816,-0.4725,-0.6650,-0.4812,1001.1270,smooth_accel_decel2
456182,0.1202,-0.0195,1.1192,0.8925,-0.7175,-0.3150,1001.1343,smooth_accel_decel2
456242,0.0376,0.0400,1.0103,2.4500,0.9538,0.2713,1001.1309,smooth_accel_decel2
456302,-0.0027,-0.0447,0.8240,-2.1525,-3.8412,0.5425,1001.1421,smooth_accel_decel2
456362,0.1134,0.0161,1.0831,-0.5688,-0.8487,0.2800,1001.1243,smooth_accel_decel2
456422,0.2342,0.1842,1.1929,1.2775,0.3413,0.0700,1001.1213,smooth_accel_decel2
456482,0.0271,0.0222,0.8664,-0.0525,-1.3913,-0.0787,1001.1252,smooth_accel_decel2
456542,0.1061,0.0222,1.1075,-0.6650,2.5638,-0.0262,1001.1438,smooth_accel_decel2
456602,0.0732,0.0678,0.9584,0.1575,0.3850,-0.0262,1001.1477,smooth_accel_decel2
456662,0.0027,-0.1145,0.9486,0.9712,1.8637,-0.5863,1001.1338,smooth_accel_decel2
456722,-0.0253,0.0149,0.9721,1.2775,0.5600,-0.6037,1001.1470,smooth_accel_decel2
456782,0.0069,-0.1003,1.0673,0.1663,-2.4588,-0.3762,1001.1462,smooth_accel_decel2
456842,-0.0359,-0.0278,0.9211,3.4562,0.7525,0.2450,1001.1455,smooth_accel_decel2
456902,0.0134,-0.2091,0.9140,-0.0175,0.9800,-0.1312,1001.1387,smooth_accel_decel2
456962,0.1135,-0.1825,0.9109,1.6712,0.0262,0.2275,1001.1394,smooth_accel_decel2
457022,0.0232,-0.0393,1.0773,0.4812,1.4350,0.7088,1001.1611,smooth_accel_decel2
457082,0.0307,-0.0598,1.0702,-2.9137,3.0100,0.2975,1001.1428,smooth_accel_decel2
457142,0.0293,-0.1723,1.0097,-3.9375,0.2800,0.3587,1001.1487,smooth_accel_decel2
457202,0.0834,0.0529,0.9706,-2.0300,-0.4725,0.4725,1001.1538,smooth_accel_decel2
457262,0.0384,0.0468,0.9245,-0.2362,-0.4025,-1.0325,1001.1526,smooth_accel_decel2
457322,0.0451,-0.0248,1.2315,-1.4787,2.7650,-0.0613,1001.1609,smooth_accel_decel2
457382,-0.0574,-0.0888,0.8591,1.4963,-1.5925,0.2100,1001.1543,smooth_accel_decel2
457442,-0.0767,-0.0583,0.8450,-0.7262,-0.5863,0.7000,1001.1587,smooth_accel_decel2
457502,-0.0342,-0.0983,0.8555,2.2225,-1.3388,0.4025,1001.1521,smooth_accel_decel2
457562,0.1093,-0.0205,1.0699,-1.9162,-0.7088,0.3938,1001.1597,smooth_accel_decel2
457622,0.0886,-0.0729,1.1019,-0.5775,1.0325,-0.3587,1001.1560,smooth_accel_decel2
457682,0.0996,-0.1169,1.1922,0.9538,3.7188,0.3325,1001.1567,smooth_accel_decel2
457742,0.1489,0.0674,1.0219,-1.8900,3.7713,0.7262,1001.1509,smooth_accel_decel2
457802,0.0410,-0.0551,0.8309,-0.0700,-0.4025,0.6737,1001.1528,smooth_accel_decel2
457862,0.1057,0.0717,1.0288,2.9750,3.5262,0.1138,1001.1589,smooth_accel_decel2
457922,-0.0547,-0.0264,0.8536,-0.6125,1.9863,-0.3500,1001.1680,smooth_accel_decel2
457982,0.0430,0.0068,0.9897,1.9688,-1.0237,0.1312,1001.1865,smooth_accel_decel2
458042,0.0844,0.0163,1.1262,0.1400,2.2750,-0.0088,1001.1768,smooth_accel_decel2
458102,0.0253,-0.1198,1.0975,0.5863,1.2775,-0.2100,1001.1738,smooth_accel_decel2
458162,0.1655,-0.0834,1.0824,0.4462,-3.7100,-0.5075,1001.1711,smooth_accel_decel2
458222,0.0398,0.0620,1.0095,2.7300,-0.0525,-0.3063,1001.1611,smooth_accel_decel2
458282,0.0823,0.0286,0.9706,0.8662,-1.4963,-0.1488,1001.1716,smooth_accel_decel2
458342,0.1676,0.0517,1.1613,4.2175,-0.0875,0.0000,1001.1707,smooth_accel_decel2
458402,0.0693,0.0727,1.0782,2.3100,1.6537,-0.0787,1001.1699,smooth_accel_decel2
458462,0.0171,0.0634,0.8640,0.8050,-0.7962,-0.0613,1001.1833,smooth_accel_decel2
458522,0.0264,-0.1330,0.9293,2.1350,-1.1463,0.0787,1001.1865,smooth_accel_decel2
458582,0.0247,0.0035,1.0238,-0.2362,1.8987,-0.5250,1001.1841,smooth_accel_decel2
458642,0.0894,-0.1088,0.9841,-2.8612,-0.5250,0.4725,1001.1719,smooth_accel_decel2
458702,0.1320,0.0578,1.1122,-1.9950,-0.4725,0.6212,1001.1858,smooth_accel_decel2
458762,0.0508,-0.0913,0.9844,0.9013,0.5863,0.5863,1001.1948,smooth_accel_decel2
458822,-0.0522,0.0303,0.8942,-0.0262,-2.9137,-0.1838,1001.1953,smooth_accel_decel2
458882,0.0237,-0.0198,0.9994,0.0350,0.2362,-0.1925,1001.1892,smooth_accel_decel2
458942,0.0534,-0.0820,1.0654,-1.2075,0.2887,0.4550,1001.2026,smooth_accel_decel2
459002,0.0281,-0.0156,1.0959,1.5050,0.7000,0.1488,1001.1853,smooth_accel_decel2
459062,0.0702,-0.0317,1.0485,3.8763,1.7763,-1.0237,1001.2048,smooth_accel_decel2
459122,0.0883,-0.0213,0.9350,0.5688,1.2950,0.0175,1001.2014,smooth_accel_decel2
459182,0.1113,0.0171,1.1200,-0.2537,4.2263,0.0175,1001.2019,smooth_accel_decel2
459242,0.0966,0.0939,0.9520,-0.6212,-0.1138,1.0588,1001.1980,smooth_accel_decel2
459302,0.0849,0.1144,1.0141,-1.0063,2.0825,0.4988,1001.1982,smooth_accel_decel2
459362,0.0817,0.0564,0.9514,0.5512,2.9575,0.0525,1001.1929,smooth_accel_decel2
459422,0.0423,0.1027,1.0016,0.7788,-0.3587,0.0525,1001.2139,smooth_accel_decel2
459482,0.0822,-0.0759,0.9704,0.5075,-1.5225,-0.3938,1001.2163,smooth_accel_decel2
459542,0.1333,0.0565,1.1271,0.6300,-0.5250,-0.1138,1001.2151,smooth_accel_decel2
459602,0.0618,-0.0107,1.0096,1.0938,-3.5875,0.5600,1001.2312,smooth_accel_decel2
459662,0.0546,0.1116,0.9883,1.9512,-1.1025,0.1138,1001.2222,smooth_accel_decel2
459722,0.0076,-0.0651,0.8220,-0.2625,-0.4988,-0.3938,1001.2083,smooth_accel_decel2
459782,0.0531,-0.1435,0.9238,0.7788,-0.2100,-0.3762,1001.2083,smooth_accel_decel2
459842,0.0583,-0.0010,1.0216,0.0000,0.8050,-0.0875,1001.2158,smooth_accel_decel2
459902,0.0873,0.0630,1.0233,3.1325,2.5550,-0.5163,1001.2090,smooth_accel_decel2
459962,0.0647,0.0175,0.9420,2.0650,2.0213,-0.2537,1001.2146,smooth_accel_decel2
460022,0.1188,0.0301,1.1422,1.2950,4.1650,0.6650,1001.2141,smooth_accel_decel2
460082,0.0304,0.0881,0.9521,1.3913,0.4288,0.1750,1001.2214,smooth_accel_decel2
460142,0.0361,-0.0733,0.9960,-1.0850,0.8050,-0.0350,1001.2214,smooth_accel_decel2
460202,0.0037,-0.0496,1.0021,1.8200,-1.0500,-0.0262,1001.2202,smooth_accel_decel2
460262,0.0747,0.0398,1.0270,0.8313,-0.7175,-0.1750,1001.2249,smooth_accel_decel2
460322,0.0268,0.0122,0.9210,1.5838,-1.2250,-0.0350,1001.2280,smooth_accel_decel2
460382,0.0525,0.0800,1.0235,2.1875,0.3413,-0.2537,1001.2256,smooth_accel_decel2
460442,0.0786,0.0180,1.0214,0.0350,-0.8662,-0.0875,1001.2271,smooth_accel_decel2
460502,0.0503,-0.0278,0.9243,3.7100,-0.7613,-0.4112,1001.2100,smooth_accel_decel2
460562,0.0439,0.0356,0.9848,1.0762,0.3762,0.3413,1001.2136,smooth_accel_decel2
460622,0.1084,-0.0085,1.0429,0.5425,1.1638,0.4200,1001.2246,smooth_accel_decel2
460682,0.1230,0.1684,1.1541,0.6475,0.7962,0.5075,1001.2278,smooth_accel_decel2
460742,0.0712,0.1142,1.0053,-2.2400,1.0938,0.4988,1001.2249,smooth_accel_decel2
460802,0.0634,-0.0510,0.9609,0.5075,-0.8750,0.4462,1001.2334,smooth_accel_decel2
460862,0.0301,0.1163,0.9845,-0.6650,0.6212,0.1488,1001.2214,smooth_accel_decel2
460922,0.0495,-0.0276,0.9722,-1.5400,1.1725,0.0262,1001.2234,smooth_accel_decel2
460982,0.0573,0.0656,1.0695,1.8112,2.9050,0.0875,1001.2207,smooth_accel_decel2
461042,0.0209,0.0083,0.9062,3.2025,0.6300,-0.2887,1001.2271,smooth_accel_decel2
461102,0.0105,0.1257,0.9480,1.5050,0.6212,0.2975,1001.2273,smooth_accel_decel2
461162,0.1421,0.0827,1.0136,-0.6212,-0.2625,0.2887,1001.2334,smooth_accel_decel2
461222,0.1283,0.0239,1.1642,1.9075,1.1550,-0.1838,1001.2292,smooth_accel_decel2
461282,0.0700,0.0917,1.0251,-0.8487,1.4612,0.1488,1001.2322,smooth_accel_decel2
461342,0.0462,-0.0073,0.8985,-0.6125,-2.4675,0.6737,1001.2437,smooth_accel_decel2
461402,0.0187,0.1191,0.9672,1.8200,-1.3212,0.0000,1001.2363,smooth_accel_decel2
461462,0.0163,0.0600,0.9836,-0.7262,-0.1925,0.4550,1001.2419,smooth_accel_decel2
461522,0.1005,-0.0617,1.0918,-1.2075,2.0912,0.2100,1001.2480,smooth_accel_decel2
461582,0.0388,0.0403,1.0360,-1.8813,1.5925,0.2887,1001.2402,smooth_accel_decel2
461642,0.0151,0.0054,0.9409,-2.5900,-0.5337,0.2800,1001.2380,smooth_accel_decel2
461702,0.0936,0.0859,1.0648,2.1525,1.4700,0.0437,1001.2402,smooth_accel_decel2
461762,-0.0061,0.0127,1.0587,1.8112,3.4650,-0.0700,1001.2422,smooth_accel_decel2
461822,0.0719,-0.0609,1.0024,0.8838,2.1962,-0.5075,1001.2444,smooth_accel_decel2
461882,0.0700,-0.0276,0.9807,0.4812,3.3512,0.4375,1001.2444,smooth_accel_decel2
461942,0.0468,0.0203,0.9767,1.1550,-0.4550,0.8750,1001.2468,smooth_accel_decel2
462002,0.0729,0.0687,0.9877,-1.8813,0.7875,0.7350,1001.2502,smooth_accel_decel2
462062,-0.0109,-0.0129,0.9440,-1.4000,0.4375,0.9887,1001.2622,smooth_accel_decel2
462122,0.0361,0.0598,0.9287,-0.3063,-0.4288,0.6300,1001.2432,smooth_accel_decel2
462182,0.0373,0.0102,1.0072,-1.9775,-1.0938,0.0175,1001.2512,smooth_accel_decel2
462242,0.0792,-0.0647,0.9752,-0.7437,1.2250,0.4112,1001.2456,smooth_accel_decel2
462302,0.0962,0.0798,0.9448,-1.4612,-3.3775,0.3762,1001.2502,smooth_accel_decel2
462362,0.1615,0.0000,1.1253,0.6125,-0.4288,0.5337,1001.2595,smooth_accel_decel2
462422,-0.0195,0.0572,0.9880,2.1788,-0.9362,0.1750,1001.2590,smooth_accel_decel2
462482,0.0746,0.0773,0.9421,0.5425,-0.4288,-0.2188,1001.2595,smooth_accel_decel2
462542,0.0200,0.0310,0.9023,-0.3938,-1.3038,0.3500,1001.2490,smooth_accel_decel2
462602,0.0647,0.0850,1.1578,2.6425,0.0962,0.2887,1001.2617,smooth_accel_decel2
462662,0.0024,0.0315,0.9263,-0.4112,-2.4325,-0.1050,1001.2576,smooth_accel_decel2
462722,0.1505,0.0082,0.9032,-0.5512,-3.1675,0.3150,1001.2639,smooth_accel_decel2
462782,0.1393,0.1008,1.0831,0.4725,1.7675,0.4200,1001.2476,smooth_accel_decel2
462842,0.0403,0.1234,0.9850,0.9450,0.3150,-0.1138,1001.2549,smooth_accel_decel2
462902,-0.0471,-0.0356,0.9745,2.8525,0.2975,-0.0525,1001.2517,smooth_accel_decel2
462962,0.0407,0.0188,0.9784,-0.0700,-0.2450,-0.0088,1001.2644,smooth_accel_decel2
463022,0.0767,-0.0503,1.0211,1.2337,-0.0525,0.2100,1001.2659,smooth_accel_decel2
