,timestamp,a_x,a_y,a_z,dps_x,dps_y,dps_z,pressure,target,time_sec,segment_id,segment_time_sec
0,1494662,0.0098,0.0406,1.0033,-1.5225,-0.0437,0.4375,1001.0608,bumps,4.8,0,0.0
1,1494722,0.0063,0.007,1.0226,-0.8925,0.2013,0.1488,1001.0654,bumps,4.86,0,0.06
2,1494782,0.0029,0.0178,1.0011,0.2362,0.7613,0.1225,1001.0605,bumps,4.92,0,0.12
3,1494842,0.0348,0.0478,1.0363,0.0088,0.0875,0.6562,1001.0586,bumps,4.98,0,0.18
4,1494902,0.0511,0.0766,1.1034,1.9162,-2.4325,0.5075,1001.0676,bumps,5.04,0,0.24
5,1494962,0.0966,0.0623,1.1178,0.3237,-7.805,0.4988,1001.0818,bumps,5.1,0,0.3
6,1495022,0.0569,0.0761,1.0019,-0.175,-8.1987,0.3938,1001.0708,bumps,5.16,0,0.36
7,1495082,0.0415,0.0511,0.9052,-0.6212,-6.3875,0.2975,1001.063,bumps,5.22,0,0.42
8,1495142,0.0571,0.0271,0.8539,-1.05,-3.395,-0.105,1001.0349,bumps,5.28,0,0.48
9,1495202,0.0354,0.0561,0.819,-0.8838,1.2687,-0.14,1001.0344,bumps,5.34,0,0.54
10,1495262,0.0195,0.0076,0.8337,-0.1225,5.39,0.0437,1001.0225,bumps,5.4,0,0.6
11,1495322,-0.0246,0.0091,0.8478,0.7875,8.3737,0.0088,1001.0364,bumps,5.46,0,0.66
12,1495382,-0.0473,0.0483,0.886,1.7675,11.235,-0.0088,1001.0383,bumps,5.52,0,0.72
13,1495442,0.0249,0.0367,1.0595,1.6625,11.3488,0.1663,1001.0579,bumps,5.58,0,0.78
14,1495502,0.0044,0.0972,1.1921,1.2687,7.63,0.245,1001.0725,bumps,5.64,0,0.84
15,1495562,-0.0512,0.0578,1.2739,0.3325,1.6013,0.0525,1001.0835,bumps,5.7,0,0.9
16,1495622,-0.0625,0.0276,1.1599,-0.1663,-3.57,0.2275,1001.0933,bumps,5.76,0,0.96
17,1495682,-0.0205,0.04,1.0341,-1.0588,-6.2825,-0.07,1001.0803,bumps,5.82,0,1.02
18,1495742,0.0088,0.0178,0.9751,-0.7613,-4.0512,0.1138,1001.0698,bumps,5.88,0,1.08
19,1495802,0.0262,0.0337,0.9038,-0.1138,-1.7413,0.21,1001.0659,bumps,5.94,0,1.14
20,1495862,0.0452,-0.0076,0.9058,0.6388,0.3587,0.28,1001.0452,bumps,6.0,0,1.2
21,1495922,0.0546,0.041,0.9536,1.0237,1.3737,0.105,1001.0618,bumps,6.06,0,1.26
22,1495982,0.0718,0.0253,0.9643,0.6737,0.665,0.2625,1001.0457,bumps,6.12,0,1.32
23,1496042,0.1014,0.0429,1.0138,0.385,0.4375,0.4025,1001.0605,bumps,6.18,0,1.38
24,1496102,0.0883,0.0564,0.986,0.49,-0.3938,0.42,1001.0662,bumps,6.24,0,1.44
25,1496162,0.1369,0.0469,1.0086,-0.14,-0.7437,0.2975,1001.063,bumps,6.3,0,1.5
26,1496222,0.1318,0.0275,0.9999,-0.3675,-0.3762,0.1488,1001.064,bumps,6.36,0,1.56
27,1496282,0.1259,0.043,0.9902,-0.1138,-0.7175,0.0175,1001.0723,bumps,6.42,0,1.62
28,1496342,0.1258,0.0386,1.0036,-0.2275,-0.2625,0.0088,1001.0569,bumps,6.48,0,1.68
29,1496402,0.1261,0.0398,0.9916,0.28,-0.105,0.175,1001.0625,bumps,6.54,0,1.74
30,1496462,0.1374,0.0127,1.0165,0.3938,-0.49,0.21,1001.0784,bumps,6.6,0,1.8
31,1504322,0.0187,0.0378,0.9922,0.7262,-0.2713,0.4025,1001.0669,bumps,14.46,1,0.0
32,1504382,0.0282,0.0381,0.993,0.3762,-0.28,0.4025,1001.0784,bumps,14.52,1,0.06
33,1504442,-0.0192,0.0747,1.0497,1.1287,0.525,0.35,1001.0618,bumps,14.58,1,0.12
34,1504502,-0.1206,0.0148,1.0804,-0.0875,2.0475,0.21,1001.0754,bumps,14.64,1,0.18
35,1504562,-0.1315,0.063,1.0933,-0.4288,6.51,-0.1925,1001.0784,bumps,14.7,1,0.24
36,1504622,-0.0076,0.0817,1.0319,-1.9863,7.6825,0.6737,1001.0742,bumps,14.76,1,0.3
37,1504682,-0.0786,0.0661,0.9236,-0.9712,7.1312,0.6388,1001.0679,bumps,14.82,1,0.36
38,1504742,-0.0029,0.0332,0.8674,-0.5863,3.8763,0.315,1001.0623,bumps,14.88,1,0.42
39,1504802,-0.0041,0.0007,0.8611,-0.0525,0.6388,0.0525,1001.0496,bumps,14.94,1,0.48
40,1504862,0.0016,0.0173,0.8373,1.1025,-2.2838,0.3325,1001.0466,bumps,15.0,1,0.54
41,1504922,0.0513,0.0295,0.8808,2.1962,-4.7688,0.455,1001.052,bumps,15.06,1,0.6
42,1504982,0.0651,0.0414,0.8935,2.6512,-6.5275,0.7262,1001.0518,bumps,15.12,1,0.66
43,1505042,0.0912,0.0395,0.9226,2.695,-8.4175,0.4375,1001.053,bumps,15.18,1,0.72
44,1505102,0.0178,0.0522,0.9922,0.6475,-9.0475,0.07,1001.0681,bumps,15.24,1,0.78
45,1505162,0.041,0.123,1.1129,-0.665,-7.0175,0.2362,1001.0662,bumps,15.3,1,0.84
46,1505222,0.0661,0.0423,1.2164,-0.735,-2.1962,0.4638,1001.0896,bumps,15.36,1,0.9
47,1505282,0.05,0.0285,1.198,-1.4262,2.4938,0.2275,1001.0784,bumps,15.42,1,0.96
48,1505342,0.0442,0.032,1.1014,-0.49,5.635,-0.2275,1001.084,bumps,15.48,1,1.02
49,1505402,-0.0532,0.0064,0.9708,0.2887,4.8387,-0.1663,1001.0752,bumps,15.54,1,1.08
50,1505462,-0.0334,0.0232,0.9227,0.8225,2.4237,0.1225,1001.0635,bumps,15.6,1,1.14
51,1505522,-0.0461,0.0452,0.9279,1.1812,0.5775,0.6212,1001.0608,bumps,15.66,1,1.2
52,1505582,-0.0619,0.0393,0.9333,1.4088,-0.595,0.6388,1001.0676,bumps,15.72,1,1.26
53,1505642,-0.0276,0.0526,0.9808,0.9975,-1.015,0.3587,1001.0667,bumps,15.78,1,1.32
54,1505702,-0.0544,0.0641,0.9864,0.7788,-0.315,0.0262,1001.0696,bumps,15.84,1,1.38
55,1505762,-0.0488,0.0341,0.9916,0.0525,-0.7088,0.0962,1001.0662,bumps,15.9,1,1.44
56,1505822,-0.0429,0.0525,1.0175,-0.4112,-0.315,0.3413,1001.0769,bumps,15.96,1,1.5
57,1505882,-0.0605,0.0404,0.9946,-0.3675,-0.14,0.3413,1001.0635,bumps,16.02,1,1.56
58,1505942,-0.0498,0.0284,1.0155,0.0088,-0.5425,0.315,1001.0762,bumps,16.08,1,1.62
59,1506002,-0.0581,0.0463,1.0033,-0.1225,-0.0262,0.1225,1001.0811,bumps,16.14,1,1.68
60,1506062,-0.0563,0.0312,0.9816,0.385,-0.1488,0.07,1001.0671,bumps,16.2,1,1.74
61,1506122,-0.0522,0.0569,1.0033,0.6125,0.0,0.28,1001.0688,bumps,16.26,1,1.8
62,1514822,0.0076,0.0488,1.0006,-0.3938,0.595,0.07,1001.0581,bumps,24.96,2,0.0
63,1514882,0.0144,0.0215,0.9862,0.1925,0.5337,0.175,1001.0542,bumps,25.02,2,0.06
64,1514942,-0.0092,0.0378,0.9712,0.2275,0.21,0.56,1001.0566,bumps,25.08,2,0.12
65,1515002,0.0756,0.0344,1.0314,0.0787,-0.6737,0.6212,1001.0532,bumps,25.14,2,0.18
66,1515062,0.0949,0.0878,1.1483,1.0325,-3.1762,0.3237,1001.0706,bumps,25.2,2,0.24
67,1515122,0.0803,0.0243,1.127,0.1225,-6.8688,0.4812,1001.075,bumps,25.26,2,0.3
68,1515182,0.0462,0.0778,0.9968,-1.0588,-8.015,0.7,1001.063,bumps,25.32,2,0.36
69,1515242,0.0303,0.0427,0.9101,-0.9975,-6.1163,0.595,1001.054,bumps,25.38,2,0.42
70,1515302,0.0544,0.0339,0.8638,-0.84,-2.4938,0.0175,1001.0388,bumps,25.44,2,0.48
71,1515362,0.0407,0.0231,0.8494,-1.505,0.5775,-0.0787,1001.0339,bumps,25.5,2,0.54
72,1515422,0.012,0.0052,0.8648,0.1225,4.62,0.2713,1001.0344,bumps,25.56,2,0.6
73,1515482,-0.0232,0.0068,0.8662,0.5688,7.28,0.2188,1001.0417,bumps,25.62,2,0.66
74,1515542,-0.0253,0.0127,0.8868,1.5925,9.905,0.2188,1001.0417,bumps,25.68,2,0.72
75,1515602,0.1291,0.0317,1.0865,1.1375,10.6313,0.28,1001.0464,bumps,25.74,2,0.78
76,1515662,0.0217,0.0122,1.1005,-0.1225,6.8425,0.4462,1001.0815,bumps,25.8,2,0.84
77,1515722,-0.0393,0.0681,1.2446,0.8225,3.0975,0.5425,1001.0813,bumps,25.86,2,0.9
78,1515782,-0.0293,0.063,1.2056,-0.0088,-2.2137,0.2887,1001.0955,bumps,25.92,2,0.96
79,1515842,-0.0431,0.0262,1.0646,-0.9625,-4.9175,0.0,1001.0857,bumps,25.98,2,1.02
80,1515902,-0.0176,0.0583,0.9518,-1.0325,-4.7425,-0.0787,1001.0793,bumps,26.04,2,1.08
81,1515962,0.0098,0.0182,0.9306,-0.5863,-2.5638,0.1925,1001.0703,bumps,26.1,2,1.14
82,1516022,-0.0005,0.0083,0.9103,0.6125,-0.21,0.2537,1001.0596,bumps,26.16,2,1.2
83,1516082,0.0095,0.0271,0.9572,0.4462,1.0675,0.3587,1001.0518,bumps,26.22,2,1.26
84,1516142,-0.0063,0.0198,0.958,1.1725,1.9688,0.1312,1001.0566,bumps,26.28,2,1.32
85,1516202,0.0199,0.0503,1.0077,0.9275,0.4812,0.2362,1001.0581,bumps,26.34,2,1.38
86,1516262,0.0115,0.04,1.0053,0.035,0.3762,0.4812,1001.0645,bumps,26.4,2,1.44
87,1516322,0.002,0.0625,0.9823,-0.3587,-0.42,0.4112,1001.0562,bumps,26.46,2,1.5
88,1516382,0.0302,0.0408,1.018,-0.455,-0.2625,0.2362,1001.0544,bumps,26.52,2,1.56
89,1516442,0.0288,0.029,0.9903,0.175,-0.315,0.0088,1001.0615,bumps,26.58,2,1.62
90,1516502,0.0517,0.0522,0.9938,-0.0525,-0.8575,-0.2013,1001.0654,bumps,26.64,2,1.68
91,1516562,0.0498,0.0357,0.998,-0.8313,-0.8138,0.0175,1001.0676,bumps,26.7,2,1.74
92,1516622,0.048,0.0625,0.9765,0.1225,0.1488,0.2887,1001.05,bumps,26.76,2,1.8
93,1577522,0.0392,0.0032,0.9931,1.3125,-3.3075,-0.0525,1001.1011,bumps,87.66,3,0.0
94,1577582,0.0392,0.0234,0.9518,2.1,-1.9863,1.155,1001.0862,bumps,87.72,3,0.06
95,1577642,0.0237,0.0591,0.9472,2.135,-0.2362,1.4612,1001.0815,bumps,87.78,3,0.12
96,1577702,0.0284,0.049,0.9559,1.505,-0.105,0.9538,1001.0857,bumps,87.84,3,0.18
97,1577762,0.0342,0.0767,1.0007,1.1638,0.7175,0.3413,1001.0818,bumps,87.9,3,0.24
98,1577822,0.0076,0.0641,0.9902,-0.4988,0.7262,0.1225,1001.0906,bumps,87.96,3,0.3
99,1577882,0.0234,0.0612,1.0002,-1.68,0.4025,0.4462,1001.0955,bumps,88.02,3,0.36
100,1577942,0.011,0.0468,1.0072,-1.575,0.1838,0.8138,1001.0923,bumps,88.08,3,0.42
101,1578002,0.0137,0.0315,0.9953,-1.1463,0.14,0.6562,1001.0876,bumps,88.14,3,0.48
102,1578062,0.0291,-0.0002,1.0226,-0.2013,0.42,0.5163,1001.0837,bumps,88.2,3,0.54
103,1578122,0.014,0.0388,0.9887,0.805,0.35,0.42,1001.0854,bumps,88.26,3,0.6
104,1578182,0.011,0.0264,0.99,1.0063,0.1838,0.6562,1001.0918,bumps,88.32,3,0.66
105,1578242,0.0165,0.0556,0.9801,0.8838,-0.1488,0.9275,1001.0854,bumps,88.38,3,0.72
106,1578302,-0.0451,0.1008,1.0285,0.14,0.875,0.4375,1001.0925,bumps,88.44,3,0.78
107,1578362,-0.0722,0.0454,1.0633,-4.9788,2.5812,-0.2713,1001.1018,bumps,88.5,3,0.84
108,1578422,-0.0695,0.1272,1.1843,-4.34,5.215,1.2162,1001.0925,bumps,88.56,3,0.9
109,1578482,-0.0905,-0.0117,1.0978,-2.2925,8.4875,1.5925,1001.0962,bumps,88.62,3,0.96
110,1578542,-0.0203,-0.1266,0.9803,-0.21,7.3238,0.5688,1001.0928,bumps,88.68,3,1.02
111,1578602,-0.0419,-0.0239,0.8557,2.52,4.4275,0.28,1001.074,bumps,88.74,3,1.08
112,1578662,-0.0056,-0.0046,0.8269,5.8275,0.9187,0.9013,1001.0818,bumps,88.8,3,1.14
113,1578722,-0.001,0.0192,0.8342,6.9037,-2.24,1.435,1001.0669,bumps,88.86,3,1.2
114,1578782,0.0285,0.0466,0.8638,6.755,-4.27,1.5662,1001.0659,bumps,88.92,3,1.26
115,1578842,0.0714,0.0662,0.8918,6.615,-6.3,1.1287,1001.072,bumps,88.98,3,1.32
116,1578902,0.0349,0.1344,0.9558,3.5787,-7.91,0.21,1001.0811,bumps,89.04,3,1.38
117,1578962,0.0766,0.2065,1.0139,-2.9925,-8.8025,-0.3413,1001.0828,bumps,89.1,3,1.44
118,1579022,0.0268,0.1786,1.0904,-7.6562,-6.6238,0.7525,1001.0872,bumps,89.16,3,1.5
119,1579082,0.0564,0.0605,1.1741,-7.2888,-2.1437,1.1463,1001.0942,bumps,89.22,3,1.56
120,1579142,0.0813,-0.0664,1.1678,-4.795,1.9075,0.3675,1001.1157,bumps,89.28,3,1.62
121,1579202,0.0178,-0.0601,1.0883,0.0875,4.2525,-0.2625,1001.1145,bumps,89.34,3,1.68
122,1579262,0.0154,-0.0313,0.9861,2.5812,3.9375,0.2362,1001.1089,bumps,89.4,3,1.74
123,1579322,-0.0339,0.0154,0.9269,3.6488,1.9688,1.3475,1001.0872,bumps,89.46,3,1.8
124,1588082,0.0102,0.0278,1.027,-1.2425,0.8662,0.0962,1001.0791,bumps,98.22,4,0.0
125,1588142,0.0137,0.0237,1.0243,-1.47,-0.245,0.245,1001.0818,bumps,98.28,4,0.06
126,1588202,0.0612,-0.0523,1.018,-0.0088,-0.4112,-0.1225,1001.0823,bumps,98.34,4,0.12
127,1588262,0.0439,-0.0004,1.0468,3.9462,-2.1613,-0.3587,1001.0906,bumps,98.4,4,0.18
128,1588322,0.0644,0.0127,1.1104,4.5675,-3.5175,0.3237,1001.0903,bumps,98.46,4,0.24
129,1588382,0.0612,0.1233,1.0512,0.4112,-6.3088,1.75,1001.0945,bumps,98.52,4,0.3
130,1588442,0.0486,0.1721,0.9841,-1.7325,-5.915,2.5812,1001.0894,bumps,98.58,4,0.36
131,1588502,0.0488,0.0883,0.8967,-3.8675,-4.445,1.3825,1001.0715,bumps,98.64,4,0.42
132,1588562,0.0235,0.0442,0.863,-5.6962,-1.5838,-0.4375,1001.0627,bumps,98.7,4,0.48
133,1588622,0.0297,0.0242,0.8709,-6.58,2.0213,-0.595,1001.0703,bumps,98.76,4,0.54
134,1588682,0.0145,-0.0085,0.8606,-4.8125,4.5237,0.5337,1001.0647,bumps,98.82,4,0.6
135,1588742,-0.0217,-0.0427,0.8845,-4.025,7.7525,1.4963,1001.0623,bumps,98.88,4,0.66
136,1588802,-0.0229,-0.1283,1.0025,0.3325,9.4587,0.3587,1001.0784,bumps,98.94,4,0.72
137,1588862,-0.0539,-0.0802,1.0144,6.5363,9.5112,-1.6013,1001.0881,bumps,99.0,4,0.78
138,1588922,-0.1067,0.0673,1.1507,9.17,7.9625,-0.7437,1001.0925,bumps,99.06,4,0.84
139,1588982,-0.0614,0.0632,1.168,5.7137,1.19,1.7675,1001.106,bumps,99.12,4,0.9
140,1589042,-0.0495,0.1154,1.1225,1.575,-4.27,2.9137,1001.0991,bumps,99.18,4,0.96
141,1589102,-0.022,0.1457,1.0236,-1.3563,-4.4012,1.3388,1001.0942,bumps,99.24,4,1.02
142,1589162,0.01,0.0866,0.9718,-2.38,-3.185,-0.8487,1001.0918,bumps,99.3,4,1.08
143,1589222,0.004,0.052,0.9508,-2.4413,-1.1375,-1.4175,1001.0867,bumps,99.36,4,1.14
144,1589282,0.0097,-0.0122,0.9609,-2.45,0.6125,-0.2887,1001.0774,bumps,99.42,4,1.2
145,1589342,0.0123,-0.0436,0.9638,-1.0938,1.1463,1.015,1001.0732,bumps,99.48,4,1.26
146,1589402,0.0022,-0.0156,0.9829,0.56,1.19,1.2687,1001.0879,bumps,99.54,4,1.32
147,1589462,-0.0054,-0.0105,0.9918,1.6537,0.5775,0.7,1001.0813,bumps,99.6,4,1.38
148,1589522,-0.0039,0.0585,0.9989,2.6075,0.0262,0.1138,1001.0752,bumps,99.66,4,1.44
149,1589582,-0.0119,0.0651,1.021,1.1988,-0.3938,0.2887,1001.0911,bumps,99.72,4,1.5
150,1589642,-0.0096,0.0506,1.0046,0.5775,-0.2362,0.6037,1001.0957,bumps,99.78,4,1.56
151,1589702,-0.0087,0.0625,0.986,-0.42,0.0437,0.63,1001.085,bumps,99.84,4,1.62
152,1589762,0.0279,0.0413,1.0369,-0.6037,-0.245,0.4375,1001.0874,bumps,99.9,4,1.68
153,1589822,-0.003,0.0249,0.978,-0.8138,-1.0762,0.35,1001.0903,bumps,99.96,4,1.74
154,1589882,-0.0007,0.0473,0.9965,-0.5075,-0.385,0.4812,1001.0918,bumps,100.02,4,1.8
155,1601522,0.0107,0.055,1.0319,0.9887,0.5163,0.2713,1001.0847,bumps,111.66,5,0.0
156,1601582,-0.0404,0.1454,1.0424,-3.4738,1.2775,-1.4262,1001.0942,bumps,111.72,5,0.06
157,1601642,-0.0705,0.0541,1.0343,-11.1562,1.9863,-0.9712,1001.0884,bumps,111.78,5,0.12
158,1601702,-0.0832,0.0454,1.0494,-6.195,5.915,1.3038,1001.0957,bumps,111.84,5,0.18
159,1601762,-0.1045,-0.1196,1.0108,-0.035,8.0588,1.2513,1001.0959,bumps,111.9,5,0.24
160,1601822,0.0056,-0.1435,0.9314,0.9975,5.705,-0.0613,1001.0962,bumps,111.96,5,0.3
161,1601882,-0.0102,-0.0574,0.9089,4.9175,1.7763,0.0613,1001.0786,bumps,112.02,5,0.36
162,1601942,-0.0142,0.0124,0.8395,9.0737,-0.9712,0.9362,1001.0801,bumps,112.08,5,0.42
163,1602002,0.0205,0.0368,0.8572,9.2137,-1.1812,1.6712,1001.0728,bumps,112.14,5,0.48
164,1602062,0.0313,0.0685,0.876,8.26,-4.165,1.3737,1001.0654,bumps,112.2,5,0.54
165,1602122,0.0878,0.1069,0.9389,7.3675,-5.4425,0.735,1001.0713,bumps,112.26,5,0.6
166,1602182,0.0303,0.1625,0.9959,2.6425,-6.6675,-0.42,1001.083,bumps,112.32,5,0.66
167,1602242,0.0495,0.2139,0.9958,-5.0138,-7.7087,-0.7962,1001.0859,bumps,112.38,5,0.72
168,1602302,0.0468,0.1537,1.0543,-10.57,-6.1512,0.0962,1001.0854,bumps,112.44,5,0.78
169,1602362,0.0634,0.0696,1.1583,-9.9838,-2.3537,0.9625,1001.0933,bumps,112.5,5,0.84
170,1602422,0.0444,-0.1325,1.1625,-6.2038,1.645,-0.0525,1001.1099,bumps,112.56,5,0.9
171,1602482,0.0203,-0.1363,1.0731,-0.5688,3.8325,-0.8925,1001.1196,bumps,112.62,5,0.96
172,1602542,-0.0027,-0.0439,0.9748,3.185,3.2375,-0.21,1001.0986,bumps,112.68,5,1.02
173,1602602,-0.0203,0.0254,0.9691,4.5675,2.0475,1.2075,1001.0964,bumps,112.74,5,1.08
174,1602662,-0.0325,0.074,0.918,4.2525,1.2162,1.6363,1001.0889,bumps,112.8,5,1.14
175,1602722,-0.0441,0.1008,0.9387,3.185,-0.07,0.7437,1001.0808,bumps,112.86,5,1.2
176,1602782,-0.0337,0.1086,0.9877,2.1525,0.3938,-0.1925,1001.0784,bumps,112.92,5,1.26
177,1602842,-0.0408,0.0727,0.9679,-0.945,-0.5775,-0.5775,1001.0791,bumps,112.98,5,1.32
178,1602902,-0.0129,0.0603,1.0028,-2.0825,-0.245,0.0262,1001.0913,bumps,113.04,5,1.38
179,1602962,-0.0373,0.0351,1.0192,-2.7213,-0.2275,0.6212,1001.0837,bumps,113.1,5,1.44
180,1603022,-0.0346,-0.001,0.9645,-1.5225,-1.1725,0.5512,1001.1001,bumps,113.16,5,1.5
181,1603082,-0.0319,0.0246,1.0119,0.3938,0.4462,0.175,1001.0928,bumps,113.22,5,1.56
182,1603142,-0.0495,0.0119,1.0026,0.875,-0.0437,0.0875,1001.0928,bumps,113.28,5,1.62
183,1603202,-0.0354,0.0442,0.978,1.4175,-0.35,0.245,1001.0942,bumps,113.34,5,1.68
184,1603262,-0.0288,0.0533,1.0109,0.875,0.0525,0.6562,1001.0925,bumps,113.4,5,1.74
185,1603322,-0.0461,0.0617,0.9848,0.7,0.1488,0.5775,1001.0884,bumps,113.46,5,1.8
186,1611422,-0.0125,0.0386,0.9704,0.2013,-0.49,0.49,1001.0771,bumps,121.56,6,0.0
187,1611482,0.0176,0.0714,1.0363,-0.35,0.0525,0.3325,1001.0808,bumps,121.62,6,0.06
188,1611542,0.1476,0.0274,1.0713,-0.4112,0.9887,0.2625,1001.1018,bumps,121.68,6,0.12
189,1611602,0.1293,0.06,1.1297,0.525,4.2438,0.49,1001.0913,bumps,121.74,6,0.18
190,1611662,0.1154,0.0534,1.1097,-0.77,6.9387,0.735,1001.1018,bumps,121.8,6,0.24
191,1611722,0.0195,0.0564,0.955,-1.5838,6.8075,0.6825,1001.0852,bumps,121.86,6,0.3
192,1611782,-0.0351,0.0584,0.8901,-1.0762,5.9412,0.2975,1001.0723,bumps,121.92,6,0.36
193,1611842,-0.0558,0.016,0.8718,-0.455,3.1325,0.0088,1001.0847,bumps,121.98,6,0.42
194,1611902,-0.0915,0.0346,0.855,-0.2537,-0.5163,-0.1925,1001.0764,bumps,122.04,6,0.48
195,1611962,-0.0898,0.0179,0.8797,0.1488,-3.325,0.385,1001.0693,bumps,122.1,6,0.54
196,1612022,-0.1322,0.0195,0.8664,1.5662,-6.0113,0.4025,1001.0791,bumps,122.16,6,0.6
197,1612082,-0.1113,0.0196,0.9196,2.3012,-8.2075,0.77,1001.0835,bumps,122.22,6,0.66
198,1612142,0.0576,0.0937,1.0187,2.8788,-9.835,0.9625,1001.0828,bumps,122.28,6,0.72
199,1612202,-0.0046,0.0612,1.077,1.4787,-8.6275,0.6037,1001.0918,bumps,122.34,6,0.78
200,1612262,0.0248,0.0878,1.1924,-0.21,-4.3837,0.5863,1001.104,bumps,122.4,6,0.84
201,1612322,0.0597,0.0817,1.2268,-1.0412,0.7088,0.4812,1001.1086,bumps,122.46,6,0.9
202,1612382,-0.0068,0.0339,1.1303,-0.7175,4.3488,0.0787,1001.1206,bumps,122.52,6,0.96
203,1612442,0.0188,0.0237,1.0016,-0.6475,5.0837,0.0525,1001.1018,bumps,122.58,6,1.02
204,1612502,-0.0466,0.0252,0.8871,-0.2975,2.8612,0.0437,1001.0947,bumps,122.64,6,1.08
205,1612562,-0.0161,0.0159,0.8993,1.3563,1.4088,0.3938,1001.0806,bumps,122.7,6,1.14
206,1612622,0.0092,0.0329,0.9737,0.7875,-0.315,0.49,1001.0896,bumps,122.76,6,1.2
207,1612682,-0.0081,0.0359,0.9472,0.8575,-1.0237,0.5163,1001.0803,bumps,122.82,6,1.26
208,1612742,0.0063,0.0451,0.9838,0.6212,-0.8487,0.5337,1001.0825,bumps,122.88,6,1.32
209,1612802,-0.0047,0.0467,1.01,0.6475,-0.2275,0.42,1001.0769,bumps,122.94,6,1.38
210,1612862,0.0071,0.0705,1.0092,-0.665,-0.1488,0.385,1001.0774,bumps,123.0,6,1.44
211,1612922,0.0127,0.0312,1.0379,0.0088,0.3325,0.4025,1001.0818,bumps,123.06,6,1.5
212,1612982,-0.0132,0.0317,0.9904,-0.2625,-0.1312,0.4025,1001.085,bumps,123.12,6,1.56
213,1613042,0.0087,0.0389,1.0216,0.1663,0.07,0.5688,1001.0854,bumps,123.18,6,1.62
214,1613102,0.0152,0.035,1.0349,-0.3413,1.2337,0.5075,1001.0967,bumps,123.24,6,1.68
215,1613162,0.0134,0.0359,0.9984,-0.3675,-0.0175,0.42,1001.0847,bumps,123.3,6,1.74
216,1613222,0.1252,0.0503,1.1239,0.945,-1.155,0.2275,1001.093,bumps,123.36,6,1.8
217,1623302,0.0361,0.032,1.0409,-0.2188,1.26,-0.0525,1001.0854,bumps,133.44,7,0.0
218,1623362,0.0303,0.0322,0.9811,0.7875,0.5075,0.175,1001.0854,bumps,133.5,7,0.06
219,1623422,-0.1862,0.0565,1.0411,-1.1113,2.5113,0.2013,1001.0825,bumps,133.56,7,0.12
220,1623482,-0.1146,0.1132,1.135,0.0962,6.5188,-0.56,1001.0898,bumps,133.62,7,0.18
221,1623542,-0.0403,0.0951,1.0809,-1.3825,8.225,-0.1312,1001.0938,bumps,133.68,7,0.24
222,1623602,-0.0795,0.0381,0.9335,-0.7788,7.4637,0.0525,1001.0781,bumps,133.74,7,0.3
223,1623662,0.0167,-0.0054,0.9033,-1.0675,3.8412,-0.0088,1001.0886,bumps,133.8,7,0.36
224,1623722,-0.0365,0.01,0.8671,-0.2362,0.9013,-0.035,1001.0769,bumps,133.86,7,0.42
225,1623782,0.0242,0.0248,0.8625,1.1725,-1.4787,0.1575,1001.0684,bumps,133.92,7,0.48
226,1623842,0.0337,0.0188,0.871,2.0563,-4.1213,0.2537,1001.0647,bumps,133.98,7,0.54
227,1623902,0.0622,0.0368,0.8803,2.3625,-5.9587,0.525,1001.075,bumps,134.04,7,0.6
228,1623962,0.0863,0.039,0.8896,2.135,-7.9975,0.2887,1001.0642,bumps,134.1,7,0.66
229,1624022,0.0127,0.0622,0.9904,0.8313,-9.1175,0.0,1001.0879,bumps,134.16,7,0.72
230,1624082,0.0564,0.099,1.0936,0.4375,-6.895,0.105,1001.0903,bumps,134.22,7,0.78
231,1624142,0.0496,0.0466,1.1814,-1.0588,-3.955,0.3063,1001.1101,bumps,134.28,7,0.84
232,1624202,0.0634,0.0541,1.1958,-1.1812,2.0475,0.0088,1001.1086,bumps,134.34,7,0.9
233,1624262,0.0674,0.0381,1.1338,-0.1312,4.83,-0.07,1001.1143,bumps,134.4,7,0.96
234,1624322,-0.0054,0.0098,0.9628,0.3675,4.06,-0.2713,1001.0891,bumps,134.46,7,1.02
235,1624382,0.0282,0.0656,0.9249,-0.0875,2.6775,0.14,1001.0837,bumps,134.52,7,1.08
236,1624442,-0.0035,0.0288,0.9126,1.1463,1.015,0.4288,1001.0769,bumps,134.58,7,1.14
237,1624502,0.0161,0.0295,0.9465,0.7875,-0.9887,0.2975,1001.082,bumps,134.64,7,1.2
238,1624562,0.0095,0.0534,0.9792,0.6388,-0.6562,0.1312,1001.0779,bumps,134.7,7,1.26
239,1624622,-0.0196,0.0583,0.9733,0.9625,-0.595,-0.14,1001.0781,bumps,134.76,7,1.32
240,1624682,-0.0154,0.0561,0.9811,0.3675,-0.1488,0.07,1001.0896,bumps,134.82,7,1.38
241,1624742,-0.0395,0.0403,1.0304,-0.14,0.0,0.2537,1001.0869,bumps,134.88,7,1.44
242,1624802,-0.021,0.0373,1.0285,-0.49,-0.4375,0.1575,1001.0833,bumps,134.94,7,1.5
243,1624862,-0.0378,0.0583,1.0077,-0.2275,-0.21,0.175,1001.0874,bumps,135.0,7,1.56
244,1624922,-0.0617,0.0476,0.9745,-0.1312,0.4025,-0.0525,1001.092,bumps,135.06,7,1.62
245,1624982,-0.0434,0.0346,0.9988,0.1488,0.2013,-0.0437,1001.0938,bumps,135.12,7,1.68
246,1625042,-0.0456,0.0342,1.0146,-0.1838,0.0437,0.1575,1001.0886,bumps,135.18,7,1.74
247,1625102,-0.0722,0.0195,0.9457,0.4112,-0.6562,0.2362,1001.0876,bumps,135.24,7,1.8
248,1633442,0.0184,0.0336,1.0057,0.0613,0.6212,0.315,1001.095,bumps,143.58,8,0.0
249,1633502,-0.0086,0.0647,0.9936,0.2188,0.1925,0.3413,1001.0913,bumps,143.64,8,0.06
250,1633562,0.0154,0.0471,1.0097,0.5425,0.7788,0.3587,1001.0969,bumps,143.7,8,0.12
251,1633622,0.0042,0.0262,0.9989,0.1575,0.0088,0.2887,1001.093,bumps,143.76,8,0.18
252,1633682,0.0749,0.0506,1.1422,0.84,-2.3625,0.105,1001.1003,bumps,143.82,8,0.24
253,1633742,0.0803,0.031,1.1234,-0.3413,-6.8775,0.455,1001.1135,bumps,143.88,8,0.3
254,1633802,0.0451,0.058,0.9855,-0.5075,-8.505,0.7,1001.0903,bumps,143.94,8,0.36
255,1633862,0.0398,0.0644,0.9218,-0.385,-5.9412,0.7788,1001.0864,bumps,144.0,8,0.42
256,1633922,0.0559,0.0344,0.8608,-0.175,-2.7037,0.245,1001.0691,bumps,144.06,8,0.48
257,1633982,0.0303,0.0285,0.8306,-0.3413,1.225,0.0262,1001.0623,bumps,144.12,8,0.54
258,1634042,0.0144,-0.0045,0.8501,-0.1663,4.3663,0.1488,1001.0647,bumps,144.18,8,0.6
259,1634102,-0.0222,0.0278,0.8665,0.4112,7.21,0.3938,1001.0654,bumps,144.24,8,0.66
260,1634162,-0.0503,0.0198,0.8719,0.8225,9.4237,0.315,1001.0776,bumps,144.3,8,0.72
261,1634222,0.1032,0.0353,1.026,1.26,10.4475,0.2713,1001.0732,bumps,144.36,8,0.78
262,1634282,0.0129,0.0893,1.1212,0.3325,7.0613,0.5425,1001.0989,bumps,144.42,8,0.84
263,1634342,-0.0432,0.0279,1.2249,-0.0088,3.0013,0.7525,1001.1138,bumps,144.48,8,0.9
264,1634402,-0.0268,0.0615,1.2146,-0.4462,-2.2313,0.5425,1001.1213,bumps,144.54,8,0.96
265,1634462,-0.0502,0.0261,1.0797,-0.5337,-4.4713,0.2188,1001.1177,bumps,144.6,8,1.02
266,1634522,-0.0098,0.0483,0.9909,-0.525,-4.41,0.2625,1001.0957,bumps,144.66,8,1.08
267,1634582,0.0071,0.0498,0.9189,-0.945,-2.8087,0.4288,1001.0891,bumps,144.72,8,1.14
268,1634642,0.0122,0.0305,0.927,0.1925,-0.3587,0.3325,1001.0762,bumps,144.78,8,1.2
269,1634702,0.0303,0.0407,0.934,-0.0437,0.6388,0.3325,1001.084,bumps,144.84,8,1.26
270,1634762,0.0386,0.0176,0.9619,0.525,0.8313,0.3063,1001.0825,bumps,144.9,8,1.32
271,1634822,0.0576,0.0576,0.9884,0.7437,0.5863,0.2625,1001.0933,bumps,144.96,8,1.38
272,1634882,0.0495,0.0183,0.9894,0.4638,0.2625,0.2625,1001.0845,bumps,145.02,8,1.44
273,1634942,0.0664,0.0634,1.0111,0.0262,-0.21,0.2713,1001.1013,bumps,145.08,8,1.5
274,1635002,0.07,0.0141,1.0194,0.2362,-0.7437,0.5075,1001.092,bumps,145.14,8,1.56
275,1635062,0.0693,0.0448,1.0072,-0.0962,-0.315,0.5688,1001.0935,bumps,145.2,8,1.62
276,1635122,0.0652,0.0464,0.9834,0.0875,-0.1838,0.3413,1001.0962,bumps,145.26,8,1.68
277,1635182,0.1102,0.0383,0.9945,0.2362,-0.3762,0.1312,1001.1016,bumps,145.32,8,1.74
278,1635242,0.1204,0.031,0.9989,0.2713,-0.3587,0.1838,1001.0889,bumps,145.38,8,1.8
279,1643162,0.0005,0.0335,0.9862,0.3587,0.7,0.0437,1001.0962,bumps,153.3,9,0.0
280,1643222,0.006,0.0234,0.9486,0.28,0.0613,0.1663,1001.0898,bumps,153.36,9,0.06
281,1643282,-0.1202,0.026,1.0258,0.9538,2.7562,0.0525,1001.0903,bumps,153.42,9,0.12
282,1643342,-0.0603,0.0183,1.1543,-1.015,4.3925,-0.1575,1001.1025,bumps,153.48,9,0.18
283,1643402,-0.0846,0.085,1.1878,-0.9712,7.0613,0.4638,1001.1118,bumps,153.54,9,0.24
284,1643462,-0.0447,0.0644,1.0373,-0.9275,7.9275,0.2275,1001.0889,bumps,153.6,9,0.3
285,1643522,-0.0102,0.0258,0.9382,-0.35,5.46,-0.0875,1001.0864,bumps,153.66,9,0.36
286,1643582,-0.0395,0.0151,0.8631,-0.035,2.4938,-0.2537,1001.0762,bumps,153.72,9,0.42
287,1643642,0.0292,0.0026,0.8489,0.4025,-0.805,-0.0962,1001.0767,bumps,153.78,9,0.48
288,1643702,0.0044,0.012,0.853,1.68,-3.5438,0.2713,1001.0776,bumps,153.84,9,0.54
289,1643762,0.0722,0.0256,0.8908,2.1525,-5.775,0.5337,1001.072,bumps,153.9,9,0.6
290,1643822,0.0718,0.0312,0.8879,2.3012,-7.5075,0.4812,1001.0723,bumps,153.96,9,0.66
291,1643882,0.0564,0.0754,0.9642,1.1287,-8.7063,-0.035,1001.0767,bumps,154.02,9,0.72
292,1643942,0.0512,0.0735,1.0782,0.5512,-8.435,0.245,1001.0896,bumps,154.08,9,0.78
293,1644002,0.0321,0.0634,1.1636,-0.8138,-5.145,0.3762,1001.1091,bumps,154.14,9,0.84
294,1644062,0.0891,0.0568,1.2262,-0.7962,0.5863,0.14,1001.115,bumps,154.2,9,0.9
295,1644122,0.052,0.0232,1.1309,-0.8662,4.2,-0.0437,1001.116,bumps,154.26,9,0.96
296,1644182,0.0224,0.0317,0.9995,-0.105,4.9788,-0.1925,1001.1106,bumps,154.32,9,1.02
297,1644242,0.0076,0.05,0.9179,-0.2188,3.0275,-0.21,1001.0908,bumps,154.38,9,1.08
298,1644302,0.0032,0.0212,0.9334,0.5425,1.0675,0.35,1001.0789,bumps,154.44,9,1.14
299,1644362,0.0107,0.0548,0.9338,0.8138,-0.5688,0.3063,1001.0825,bumps,154.5,9,1.2
300,1644422,0.0092,0.0515,0.9498,1.5488,-0.2188,0.0875,1001.0867,bumps,154.56,9,1.26
301,1644482,0.0043,0.0617,0.9806,0.805,-0.455,-0.0962,1001.0828,bumps,154.62,9,1.32
302,1644542,0.0046,0.0598,0.9896,0.2713,-0.7788,0.0437,1001.093,bumps,154.68,9,1.38
303,1644602,0.0147,0.0569,1.0348,0.1312,-0.4462,0.1925,1001.0916,bumps,154.74,9,1.44
304,1644662,-0.0193,0.0442,1.0192,0.0175,0.0175,0.1138,1001.0986,bumps,154.8,9,1.5
305,1644722,-0.0224,0.0522,1.0269,-0.0962,0.0962,0.0875,1001.0906,bumps,154.86,9,1.56
306,1644782,-0.0246,0.0354,1.018,-0.0787,0.5512,0.0525,1001.0996,bumps,154.92,9,1.62
307,1644842,-0.0364,0.0285,0.974,-0.21,-0.455,0.0787,1001.0947,bumps,154.98,9,1.68
308,1644902,-0.0198,0.0431,1.0155,-0.35,-0.0875,0.2362,1001.0974,bumps,155.04,9,1.74
309,1644962,-0.049,0.0332,0.9892,0.525,0.2887,0.1488,1001.0923,bumps,155.1,9,1.8
310,1651202,-0.0185,0.0503,0.9914,-0.1663,-0.14,0.3762,1001.0974,bumps,161.34,10,0.0
311,1651262,0.0112,0.0583,1.0168,0.0,0.5425,0.1838,1001.0894,bumps,161.4,10,0.06
312,1651322,0.1551,0.0351,1.0829,-0.1838,1.0063,0.035,1001.1008,bumps,161.46,10,0.12
313,1651382,0.1555,0.0378,1.1399,0.2713,3.9813,0.455,1001.1072,bumps,161.52,10,0.18
314,1651442,0.0698,0.0317,1.0577,-0.805,7.315,0.5688,1001.1072,bumps,161.58,10,0.24
315,1651502,0.0209,0.0669,0.9733,-0.9975,7.805,0.5775,1001.0925,bumps,161.64,10,0.3
316,1651562,-0.0593,0.0476,0.8926,-0.6212,5.6788,0.3237,1001.0898,bumps,161.7,10,0.36
317,1651622,-0.0539,0.0206,0.8586,-0.7262,2.52,-0.1138,1001.0769,bumps,161.76,10,0.42
318,1651682,-0.0917,0.0371,0.851,-0.4988,-0.5688,-0.1838,1001.0771,bumps,161.82,10,0.48
319,1651742,-0.1016,0.0244,0.8623,0.175,-3.3775,0.21,1001.0735,bumps,161.88,10,0.54
320,1651802,-0.1188,0.0032,0.8904,1.4875,-5.8275,0.595,1001.0801,bumps,161.94,10,0.6
321,1651862,-0.1403,0.024,0.8933,2.0213,-8.19,0.63,1001.0874,bumps,162.0,10,0.66
322,1651922,0.0293,0.0364,0.9723,1.68,-9.345,0.84,1001.0938,bumps,162.06,10,0.72
323,1651982,-0.0468,0.0656,1.0897,1.2862,-8.54,0.5688,1001.1023,bumps,162.12,10,0.78
324,1652042,0.0429,0.0961,1.2002,-0.63,-4.6112,0.5337,1001.1179,bumps,162.18,10,0.84
325,1652102,0.0684,0.0639,1.222,-0.3325,0.3237,0.28,1001.1267,bumps,162.24,10,0.9
326,1652162,-0.0195,0.041,1.0724,-0.4812,3.9637,0.245,1001.1182,bumps,162.3,10,0.96
327,1652222,0.0168,0.0266,0.9872,-1.1113,4.4187,0.0262,1001.1116,bumps,162.36,10,1.02
328,1652282,-0.0378,0.0138,0.9052,-0.0962,2.9662,0.0875,1001.1018,bumps,162.42,10,1.08
329,1652342,0.0046,0.0134,0.9115,0.0525,1.155,0.455,1001.0989,bumps,162.48,10,1.14
330,1652402,-0.0149,0.049,0.9264,0.8225,0.2713,0.595,1001.0952,bumps,162.54,10,1.2
331,1652462,-0.0013,0.0608,0.9803,0.4725,-0.7525,0.5863,1001.092,bumps,162.6,10,1.26
332,1652522,0.0134,0.0381,0.9873,0.4112,-0.6737,0.2887,1001.0896,bumps,162.66,10,1.32
333,1652582,0.0002,0.0539,1.0007,0.42,-0.455,0.35,1001.092,bumps,162.72,10,1.38
334,1652642,0.0024,0.0471,0.9997,-0.3587,-0.245,0.385,1001.1006,bumps,162.78,10,1.44
335,1652702,-0.001,0.0215,1.0017,-0.2362,0.1663,0.3675,1001.0977,bumps,162.84,10,1.5
336,1652762,0.0,0.0284,0.9877,-0.455,-0.2625,0.5337,1001.1016,bumps,162.9,10,1.56
337,1652822,0.021,0.0114,1.011,0.0525,0.1575,0.4988,1001.1047,bumps,162.96,10,1.62
338,1652882,0.0051,0.0583,1.0024,-0.3938,0.14,0.42,1001.0964,bumps,163.02,10,1.68
339,1652942,0.0115,0.0263,1.0011,0.0875,0.6037,0.4112,1001.1025,bumps,163.08,10,1.74
340,1653002,0.1599,0.052,1.1026,0.0262,-0.9013,0.2362,1001.1055,bumps,163.14,10,1.8
341,1663322,0.0207,0.0425,1.0072,0.42,0.0875,0.0787,1001.095,bumps,173.46,11,0.0
342,1663382,0.0257,0.0698,0.998,-0.3325,0.2887,-0.0175,1001.0918,bumps,173.52,11,0.06
343,1663442,0.0188,0.0193,0.9679,0.9625,0.5512,-0.07,1001.0981,bumps,173.58,11,0.12
344,1663502,-0.1735,0.0586,1.0624,-0.84,2.0825,0.245,1001.1069,bumps,173.64,11,0.18
345,1663562,-0.108,0.0932,1.1453,0.035,6.405,-0.3675,1001.1035,bumps,173.7,11,0.24
346,1663622,-0.0358,0.1163,1.0731,-1.6888,8.4175,-0.105,1001.1016,bumps,173.76,11,0.3
347,1663682,-0.0756,0.019,0.9665,-0.9187,7.9887,0.07,1001.0955,bumps,173.82,11,0.36
348,1663742,0.0137,0.0004,0.9104,-0.5425,4.0687,0.0,1001.0852,bumps,173.88,11,0.42
349,1663802,-0.0361,0.01,0.8682,-0.4988,0.3587,-0.35,1001.0864,bumps,173.94,11,0.48
350,1663862,0.0151,0.0195,0.8281,0.9187,-2.135,0.035,1001.0757,bumps,174.0,11,0.54
351,1663922,0.0403,0.0166,0.8458,1.9075,-5.075,0.2713,1001.0718,bumps,174.06,11,0.6
352,1663982,0.0605,0.0268,0.8518,2.2487,-6.7638,0.4025,1001.0752,bumps,174.12,11,0.66
353,1664042,0.1013,0.0615,0.9158,2.2225,-8.7238,0.1312,1001.075,bumps,174.18,11,0.72
354,1664102,-0.0012,0.0578,0.9995,1.0938,-8.5138,0.07,1001.0986,bumps,174.24,11,0.78
355,1664162,0.0451,0.0764,1.1056,0.7088,-6.8513,0.0613,1001.0974,bumps,174.3,11,0.84
356,1664222,0.0691,0.0749,1.2185,-0.9538,-3.1937,0.35,1001.1008,bumps,174.36,11,0.9
357,1664282,0.0601,0.0462,1.2093,-0.4462,2.3537,0.1312,1001.115,bumps,174.42,11,0.96
358,1664342,0.039,0.0309,1.0992,-0.105,5.7575,-0.0875,1001.1282,bumps,174.48,11,1.02
359,1664402,-0.0114,0.0195,0.9433,-0.1575,4.3313,-0.35,1001.0967,bumps,174.54,11,1.08
360,1664462,0.011,0.0224,0.9145,0.2362,2.5025,0.105,1001.0906,bumps,174.6,11,1.14
361,1664522,0.0077,0.0514,0.8945,0.8487,-0.14,0.1663,1001.0894,bumps,174.66,11,1.2
362,1664582,0.0142,0.0151,0.9453,0.9538,-0.6562,0.0525,1001.0874,bumps,174.72,11,1.26
363,1664642,0.0029,0.0523,0.9513,1.1287,-0.7613,-0.0613,1001.1035,bumps,174.78,11,1.32
364,1664702,-0.0046,0.0447,0.966,0.4638,-1.3125,0.07,1001.0928,bumps,174.84,11,1.38
365,1664762,-0.0339,0.092,1.018,0.8225,-0.1488,0.1225,1001.0828,bumps,174.9,11,1.44
366,1664822,-0.0296,0.0549,1.0241,-0.1488,0.0088,0.1312,1001.092,bumps,174.96,11,1.5
367,1664882,-0.0422,0.048,1.0116,-0.0787,-0.5688,0.21,1001.0969,bumps,175.02,11,1.56
368,1664942,-0.0412,0.062,1.0238,-0.175,0.2188,-0.0962,1001.0916,bumps,175.08,11,1.62
369,1665002,-0.0445,0.0386,1.0056,0.0525,0.2362,-0.0525,1001.0981,bumps,175.14,11,1.68
370,1665062,-0.0422,0.054,0.9898,-0.3413,-0.2625,0.0,1001.0925,bumps,175.2,11,1.74
371,1665122,-0.0498,0.0146,0.9841,-0.0962,-0.1838,0.2362,1001.0952,bumps,175.26,11,1.8
372,1672982,0.0113,0.0129,1.0075,-0.3938,0.3413,0.5337,1001.0981,bumps,183.12,12,0.0
373,1673042,-0.0049,0.0525,0.9664,0.3675,0.5163,0.385,1001.0999,bumps,183.18,12,0.06
374,1673102,0.0043,0.0605,0.9999,0.0613,0.1838,0.28,1001.0889,bumps,183.24,12,0.12
375,1673162,0.1002,0.0367,1.1111,0.0787,-1.5312,0.3675,1001.0972,bumps,183.3,12,0.18
376,1673222,0.0642,0.0585,1.1431,0.8575,-5.2238,0.2188,1001.1138,bumps,183.36,12,0.24
377,1673282,0.0364,0.051,1.0277,-0.1575,-9.0913,0.315,1001.1079,bumps,183.42,12,0.3
378,1673342,0.0751,0.0303,0.9435,-0.455,-7.35,0.56,1001.0898,bumps,183.48,12,0.36
379,1673402,0.0586,0.0415,0.8798,-0.9712,-4.2962,0.5163,1001.0852,bumps,183.54,12,0.42
380,1673462,0.0293,0.0205,0.823,-0.1312,-0.0613,0.2362,1001.0713,bumps,183.6,12,0.48
381,1673522,0.0315,0.0317,0.8469,0.2362,3.9813,0.1663,1001.0676,bumps,183.66,12,0.54
382,1673582,-0.0232,0.0037,0.852,0.56,6.6937,0.3063,1001.0684,bumps,183.72,12,0.6
383,1673642,-0.0405,0.0239,0.8693,1.4088,9.5638,0.14,1001.073,bumps,183.78,12,0.66
384,1673702,-0.0271,0.0448,0.9296,1.3475,10.1675,0.0962,1001.073,bumps,183.84,12,0.72
385,1673762,-0.0861,0.0551,1.082,1.3475,8.4175,0.3237,1001.1016,bumps,183.9,12,0.78
386,1673822,-0.0605,0.0298,1.1888,-0.1225,3.9375,0.6212,1001.1165,bumps,183.96,12,0.84
387,1673882,-0.0254,0.0612,1.2437,-0.1838,-1.1812,0.28,1001.1277,bumps,184.02,12,0.9
388,1673942,-0.0363,0.0446,1.1168,-0.4375,-4.3313,0.2887,1001.126,bumps,184.08,12,0.96
389,1674002,-0.0127,0.0325,0.985,-0.1225,-4.2875,0.21,1001.0979,bumps,184.14,12,1.02
390,1674062,0.012,0.0264,0.9401,-0.3413,-3.3512,0.2625,1001.0918,bumps,184.2,12,1.08
391,1674122,0.0188,0.0268,0.9274,-0.28,-0.5775,0.4462,1001.0959,bumps,184.26,12,1.14
392,1674182,0.0005,0.0205,0.929,0.3587,0.4988,0.28,1001.0876,bumps,184.32,12,1.2
393,1674242,0.0077,0.0268,0.9517,0.5775,0.805,0.3413,1001.0881,bumps,184.38,12,1.26
394,1674302,0.0118,0.0552,0.9834,0.3587,1.0762,0.5163,1001.0869,bumps,184.44,12,1.32
395,1674362,0.0173,0.0286,0.9966,-0.2362,-0.4812,0.5775,1001.0979,bumps,184.5,12,1.38
396,1674422,0.0034,0.0669,1.0143,-0.0787,0.3063,0.4288,1001.0913,bumps,184.56,12,1.44
397,1674482,-0.0005,0.0491,0.9939,-0.245,-0.3938,0.3938,1001.0957,bumps,184.62,12,1.5
398,1674542,0.0032,0.0239,0.9777,0.5163,-0.0437,0.385,1001.0947,bumps,184.68,12,1.56
399,1674602,0.0587,0.071,0.9942,0.1488,-0.8138,0.3762,1001.093,bumps,184.74,12,1.62
400,1674662,0.0764,0.0273,0.9981,-0.175,-0.525,0.2537,1001.0916,bumps,184.8,12,1.68
401,1674722,0.0927,0.0747,1.0209,0.7175,-0.2625,0.2362,1001.1016,bumps,184.86,12,1.74
402,1674782,0.0979,0.0505,1.0214,0.175,-0.5075,0.4375,1001.095,bumps,184.92,12,1.8
403,1676282,0.0944,0.0393,0.9928,0.4725,0.21,0.1575,1001.1069,bumps,186.42,13,0.0
404,1676342,0.0974,0.0401,0.9916,0.2887,0.0,0.2537,1001.1033,bumps,186.48,13,0.06
405,1676402,0.0871,0.0457,0.9973,0.2537,0.2188,0.315,1001.0994,bumps,186.54,13,0.12
406,1676462,0.0176,0.0404,1.0063,0.2013,0.2188,0.1312,1001.0979,bumps,186.6,13,0.18
407,1676522,-0.0212,0.0347,1.0049,0.3938,0.35,0.1225,1001.1084,bumps,186.66,13,0.24
408,1676582,-0.0295,0.0464,0.9967,0.1925,0.07,0.1488,1001.1045,bumps,186.72,13,0.3
409,1676642,-0.0295,0.0353,0.9818,0.3675,0.5337,0.3413,1001.0989,bumps,186.78,13,0.36
410,1676702,0.0074,0.0429,0.9672,0.1225,0.3413,0.315,1001.0984,bumps,186.84,13,0.42
411,1676762,0.0283,0.0332,0.9784,0.3938,0.2537,0.14,1001.103,bumps,186.9,13,0.48
412,1676822,0.0149,0.0449,0.987,0.14,0.1488,0.0875,1001.1045,bumps,186.96,13,0.54
413,1676882,0.0023,0.0339,1.0047,0.1312,0.2275,0.1663,1001.1042,bumps,187.02,13,0.6
414,1676942,-0.0082,0.0405,1.0089,-0.0088,-0.0262,0.315,1001.0994,bumps,187.08,13,0.66
415,1677002,-0.0005,0.0347,1.0057,0.1838,-0.2013,0.2188,1001.0969,bumps,187.14,13,0.72
416,1677062,0.0066,0.0397,0.9897,0.28,-0.105,0.1838,1001.1145,bumps,187.2,13,0.78
417,1677122,0.0124,0.0371,0.9877,0.175,-0.105,0.1838,1001.1033,bumps,187.26,13,0.84
418,1677182,0.0761,0.064,1.219,0.7613,-1.5312,0.1838,1001.1023,bumps,187.32,13,0.9
419,1677242,-0.0064,0.032,0.9912,-0.1925,0.1838,0.2362,1001.1028,bumps,187.38,13,0.96
420,1677302,0.0035,0.0637,1.0676,0.4375,0.4988,0.28,1001.104,bumps,187.44,13,1.02
421,1677362,0.0005,0.0389,0.9902,-0.0787,-0.0262,0.2013,1001.1021,bumps,187.5,13,1.08
422,1677422,0.0081,0.0514,0.9862,0.2537,0.1488,0.1838,1001.1035,bumps,187.56,13,1.14
423,1677482,0.0456,0.0326,1.039,0.6037,-0.1575,0.105,1001.1067,bumps,187.62,13,1.2
424,1677542,0.0039,0.0415,0.9977,0.175,0.2275,0.2713,1001.0984,bumps,187.68,13,1.26
425,1677602,-0.0015,0.039,0.995,0.2362,0.14,0.1925,1001.1018,bumps,187.74,13,1.32
426,1677662,0.0001,0.042,0.9929,0.35,0.035,0.2188,1001.1077,bumps,187.8,13,1.38
427,1677722,0.0068,0.0429,0.9882,0.1838,0.0437,0.1925,1001.1047,bumps,187.86,13,1.44
428,1677782,0.0105,0.0442,0.9909,0.1663,0.0262,0.1838,1001.0933,bumps,187.92,13,1.5
429,1677842,0.0076,0.041,0.9916,0.0787,0.1225,0.175,1001.0952,bumps,187.98,13,1.56
430,1677902,0.0056,0.0407,0.9958,0.2362,0.105,0.2275,1001.0957,bumps,188.04,13,1.62
431,1677962,0.0054,0.0402,0.9936,0.1225,0.0525,0.1925,1001.0989,bumps,188.1,13,1.68
432,1678022,0.001,0.0392,0.9851,0.3413,0.2188,0.2188,1001.0999,bumps,188.16,13,1.74
433,1678082,0.0057,0.042,0.9953,0.2362,0.0962,0.2013,1001.1008,bumps,188.22,13,1.8
434,1683662,0.0253,0.0448,1.0066,0.0262,0.0262,0.0,1001.0989,bumps,193.8,14,0.0
435,1683722,0.017,0.0381,0.9784,0.2275,0.1575,0.0875,1001.0964,bumps,193.86,14,0.06
436,1683782,0.0224,0.0344,1.007,0.98,0.8838,0.0787,1001.0955,bumps,193.92,14,0.12
437,1683842,-0.1749,-0.0095,1.0487,-0.315,2.1788,0.6037,1001.106,bumps,193.98,14,0.18
438,1683902,-0.1171,0.0869,1.1375,-0.63,7.385,-0.1838,1001.1089,bumps,194.04,14,0.24
439,1683962,-0.0464,0.0761,1.0324,-1.6888,8.715,0.0088,1001.1079,bumps,194.1,14,0.3
440,1684022,-0.0989,0.0298,0.9353,-0.8575,7.49,0.14,1001.0955,bumps,194.16,14,0.36
441,1684082,0.0061,0.0332,0.896,-0.1575,3.9113,-0.1925,1001.0881,bumps,194.22,14,0.42
442,1684142,-0.0237,-0.009,0.8665,-0.3237,0.3587,-0.2013,1001.0916,bumps,194.28,14,0.48
443,1684202,0.0179,0.0109,0.8535,1.1725,-2.1525,0.2275,1001.0784,bumps,194.34,14,0.54
444,1684262,0.0507,0.0148,0.8564,1.6975,-5.355,0.4375,1001.0808,bumps,194.4,14,0.6
445,1684322,0.0666,0.0474,0.8933,2.3888,-7.14,0.6125,1001.0752,bumps,194.46,14,0.66
446,1684382,0.1005,0.0724,0.9131,1.3563,-9.1088,0.175,1001.082,bumps,194.52,14,0.72
447,1684442,-0.011,0.0381,0.9986,1.1812,-9.1088,0.1312,1001.0886,bumps,194.58,14,0.78
448,1684502,0.0567,0.0844,1.1477,0.595,-6.3088,0.245,1001.0962,bumps,194.64,14,0.84
449,1684562,0.0756,0.0625,1.2217,-0.7875,-1.9425,0.28,1001.1145,bumps,194.7,14,0.9
450,1684622,0.0581,0.0552,1.2122,-0.665,3.4562,0.0787,1001.1216,bumps,194.76,14,0.96
451,1684682,0.0654,0.0383,1.0885,-0.4112,5.1887,-0.0262,1001.1204,bumps,194.82,14,1.02
452,1684742,0.0026,0.0281,0.9784,-0.455,4.3837,-0.1575,1001.106,bumps,194.88,14,1.08
453,1684802,-0.0051,0.0512,0.9055,0.4725,2.0213,0.1925,1001.0955,bumps,194.94,14,1.14
454,1684862,0.0012,0.0307,0.9058,1.0412,0.0,0.385,1001.0955,bumps,195.0,14,1.2
455,1684922,0.0066,0.032,0.9288,1.085,-0.7437,0.2362,1001.0923,bumps,195.06,14,1.26
456,1684982,-0.0064,0.0491,0.9517,0.84,-0.4375,0.0,1001.0996,bumps,195.12,14,1.32
457,1685042,0.0022,0.0545,0.9779,0.6125,-0.8925,0.0875,1001.1062,bumps,195.18,14,1.38
458,1685102,-0.0188,0.0683,1.019,-0.0088,-0.2887,0.1575,1001.0974,bumps,195.24,14,1.44
459,1685162,-0.0341,0.0422,1.0053,0.035,0.0,0.2625,1001.0977,bumps,195.3,14,1.5
460,1685222,-0.033,0.0628,1.0125,-0.2887,-0.245,0.1663,1001.1082,bumps,195.36,14,1.56
461,1685282,-0.0327,0.031,1.0224,-0.21,-0.3762,0.175,1001.0964,bumps,195.42,14,1.62
462,1685342,-0.0243,0.0567,0.9996,-0.1663,-0.07,-0.0088,1001.1094,bumps,195.48,14,1.68
463,1685402,-0.0405,0.0326,0.9904,-0.4375,-0.0875,0.2188,1001.0994,bumps,195.54,14,1.74
464,1685462,-0.0346,0.049,0.9753,0.3587,-0.2188,0.1925,1001.1021,bumps,195.6,14,1.8
465,1693862,-0.0077,0.0489,0.9887,-0.4025,0.1838,0.2975,1001.0984,bumps,204.0,15,0.0
466,1693922,0.0063,-0.007,0.9967,-0.3587,0.385,0.4112,1001.0984,bumps,204.06,15,0.06
467,1693982,0.0144,0.0869,1.0124,0.6037,0.6825,0.4112,1001.0996,bumps,204.12,15,0.12
468,1694042,0.1017,0.0308,1.1029,0.0525,0.175,0.0787,1001.0994,bumps,204.18,15,0.18
469,1694102,0.0858,0.021,1.1326,0.5688,-4.9,0.0262,1001.1145,bumps,204.24,15,0.24
470,1694162,0.0082,0.0259,1.065,-0.0875,-8.4525,0.6475,1001.1125,bumps,204.3,15,0.3
471,1694222,0.0412,0.0578,0.9099,-1.3825,-8.1287,0.525,1001.1042,bumps,204.36,15,0.36
472,1694282,0.0515,0.043,0.8829,-0.4025,-5.18,0.42,1001.0803,bumps,204.42,15,0.42
473,1694342,0.0327,0.0131,0.8453,-0.2625,-0.5688,0.2887,1001.0813,bumps,204.48,15,0.48
474,1694402,0.0424,0.0135,0.8345,0.105,3.15,0.0613,1001.0696,bumps,204.54,15,0.54
475,1694462,-0.016,0.0145,0.8557,0.7088,6.7725,0.105,1001.0774,bumps,204.6,15,0.6
476,1694522,-0.0181,0.0361,0.8742,1.015,8.8287,0.1925,1001.0857,bumps,204.66,15,0.66
477,1694582,-0.0393,0.0351,0.9151,1.3475,10.7975,0.0962,1001.0835,bumps,204.72,15,0.72
478,1694642,-0.1108,0.0417,1.0885,0.7262,8.7325,0.4812,1001.0994,bumps,204.78,15,0.78
479,1694702,-0.0664,0.0652,1.2058,0.0962,4.2787,0.6037,1001.1179,bumps,204.84,15,0.84
480,1694762,-0.0332,0.0498,1.2532,-0.0088,-0.6913,0.2188,1001.1331,bumps,204.9,15,0.9
481,1694822,-0.0583,0.0276,1.0807,-0.525,-4.1737,0.0525,1001.1287,bumps,204.96,15,0.96
482,1694882,-0.0237,0.0132,0.9901,-0.7088,-4.7162,0.175,1001.1208,bumps,205.02,15,1.02
483,1694942,-0.0017,0.0121,0.9453,0.1138,-2.8263,0.2275,1001.1052,bumps,205.08,15,1.08
484,1695002,0.0167,0.0178,0.9262,-0.4375,-1.085,0.2975,1001.092,bumps,205.14,15,1.14
485,1695062,0.0223,0.0245,0.9473,0.6125,0.5688,0.2188,1001.0872,bumps,205.2,15,1.2
486,1695122,0.0256,0.049,0.9636,0.7262,1.1988,0.3237,1001.1023,bumps,205.26,15,1.26
487,1695182,0.0518,0.0237,1.0019,0.4462,0.6388,0.5337,1001.0994,bumps,205.32,15,1.32
488,1695242,0.0695,0.0428,0.9962,-0.1312,-0.3413,0.4112,1001.1042,bumps,205.38,15,1.38
489,1695302,0.0605,0.0742,0.9941,-0.0175,0.245,0.28,1001.1003,bumps,205.44,15,1.44
490,1695362,0.0661,0.0443,0.9899,0.0525,-0.2975,0.105,1001.104,bumps,205.5,15,1.5
491,1695422,0.0856,0.0278,1.0106,0.0613,-1.1025,0.315,1001.0999,bumps,205.56,15,1.56
492,1695482,0.0773,0.0647,1.0126,-0.07,0.0525,0.3063,1001.1028,bumps,205.62,15,1.62
493,1695542,0.0883,0.0264,0.9923,0.2362,-0.2275,0.1225,1001.1025,bumps,205.68,15,1.68
494,1695602,0.1035,0.0439,1.0089,0.56,0.07,0.2188,1001.105,bumps,205.74,15,1.74
495,1695662,0.0832,0.0553,0.9665,0.175,-0.2975,0.4638,1001.1096,bumps,205.8,15,1.8
496,1704482,0.0119,0.0451,1.0143,0.3237,0.7525,-0.14,1001.104,bumps,214.62,16,0.0
497,1704542,0.0407,0.0195,1.0363,0.49,0.3325,0.0,1001.104,bumps,214.68,16,0.06
498,1704602,0.0004,0.0671,1.0131,0.3587,0.9975,0.07,1001.1018,bumps,214.74,16,0.12
499,1704662,-0.1494,-0.0335,1.0691,0.7962,2.5463,0.5425,1001.1074,bumps,214.8,16,0.18
500,1704722,-0.1435,0.131,1.1214,-0.2975,7.0963,-0.2362,1001.1206,bumps,214.86,16,0.24
501,1704782,-0.0407,0.0587,1.0393,-2.2838,8.7063,-0.0437,1001.1089,bumps,214.92,16,0.3
502,1704842,-0.0776,0.0405,0.9665,-0.8575,7.875,0.1488,1001.1067,bumps,214.98,16,0.36
503,1704902,0.0081,0.0459,0.9069,-0.6562,4.6375,-0.0262,1001.0996,bumps,215.04,16,0.42
504,1704962,-0.0229,-0.0098,0.8489,-0.5688,0.0787,-0.2537,1001.0859,bumps,215.1,16,0.48
505,1705022,0.022,0.013,0.8458,0.7525,-2.415,0.0088,1001.082,bumps,215.16,16,0.54
506,1705082,0.0432,0.0195,0.8506,1.7237,-5.1013,0.4288,1001.085,bumps,215.22,16,0.6
507,1705142,0.0713,0.0256,0.8947,2.0387,-7.0262,0.5775,1001.0938,bumps,215.28,16,0.66
508,1705202,0.1027,0.0583,0.9089,1.7062,-8.6012,0.2975,1001.0872,bumps,215.34,16,0.72
509,1705262,-0.0222,0.0454,0.9762,1.2775,-9.0387,0.0175,1001.0964,bumps,215.4,16,0.78
510,1705322,0.0509,0.068,1.114,0.8575,-6.6588,0.0962,1001.1155,bumps,215.46,16,0.84
511,1705382,0.0664,0.0576,1.2261,-0.5512,-2.1175,0.1488,1001.1194,bumps,215.52,16,0.9
512,1705442,0.0554,0.0484,1.2192,-0.3325,3.3512,0.245,1001.1331,bumps,215.58,16,0.96
513,1705502,0.0518,0.0276,1.0727,-0.0437,4.8825,0.1488,1001.1245,bumps,215.64,16,1.02
514,1705562,-0.001,0.0193,0.9585,-0.1838,4.1213,-0.2537,1001.1064,bumps,215.7,16,1.08
515,1705622,0.017,0.0418,0.9048,-0.3587,2.17,-0.07,1001.1016,bumps,215.76,16,1.14
516,1705682,-0.0052,0.0332,0.8935,0.875,0.07,0.2537,1001.0923,bumps,215.82,16,1.2
517,1705742,0.0107,0.0427,0.9252,0.6388,-1.0325,0.2537,1001.0898,bumps,215.88,16,1.26
518,1705802,0.0241,0.0559,0.9811,1.4875,-0.35,0.0962,1001.0957,bumps,215.94,16,1.32
519,1705862,0.0188,0.0422,0.9787,0.49,-0.9887,0.2625,1001.0999,bumps,216.0,16,1.38
520,1705922,0.0119,0.0445,1.0027,0.0525,-0.7525,0.2362,1001.0979,bumps,216.06,16,1.44
521,1705982,0.0132,0.0509,1.0091,-0.5075,-0.35,0.0962,1001.1077,bumps,216.12,16,1.5
522,1706042,-0.0077,0.0598,1.0123,-0.0262,-0.6388,0.1488,1001.0994,bumps,216.18,16,1.56
523,1706102,-0.0212,0.0306,1.0308,0.0787,0.0613,0.0962,1001.0991,bumps,216.24,16,1.62
524,1706162,-0.0237,0.0271,0.9914,-0.1838,-0.21,0.1488,1001.1077,bumps,216.3,16,1.68
525,1706222,-0.0393,0.0532,1.0058,-0.175,-0.0787,0.1312,1001.1016,bumps,216.36,16,1.74
526,1706282,-0.0456,0.0505,0.9931,0.2975,0.245,0.1312,1001.105,bumps,216.42,16,1.8
527,1714442,0.0166,0.0242,1.0141,-0.7962,0.1838,0.1925,1001.1069,bumps,224.58,17,0.0
528,1714502,0.0137,0.0588,0.9933,0.8575,0.8662,0.3587,1001.1018,bumps,224.64,17,0.06
529,1714562,-0.0032,0.0481,0.9955,0.3762,0.6737,0.3063,1001.0984,bumps,224.7,17,0.12
530,1714622,0.008,0.0487,1.0304,-0.385,-0.1138,0.2188,1001.1099,bumps,224.76,17,0.18
531,1714682,0.0981,0.0279,1.1427,-0.245,-1.6888,0.2713,1001.1133,bumps,224.82,17,0.24
532,1714742,0.0896,0.0401,1.119,-0.1575,-6.9913,0.35,1001.1255,bumps,224.88,17,0.3
533,1714802,0.0286,0.026,1.0033,-1.0412,-8.8375,0.2188,1001.1174,bumps,224.94,17,0.36
534,1714862,0.05,0.0558,0.9478,0.1488,-5.9675,0.1925,1001.1023,bumps,225.0,17,0.42
535,1714922,0.0605,0.0447,0.8535,-0.5163,-3.6137,0.2713,1001.0916,bumps,225.06,17,0.48
536,1714982,0.0285,0.0218,0.827,0.3587,0.4638,0.0787,1001.0845,bumps,225.12,17,0.54
537,1715042,0.0265,0.0361,0.8533,0.8838,4.1737,-0.0088,1001.0762,bumps,225.18,17,0.6
538,1715102,-0.0163,0.0234,0.8621,1.3825,7.2625,-0.0875,1001.0857,bumps,225.24,17,0.66
539,1715162,-0.0436,0.0151,0.8637,1.3475,9.3713,0.035,1001.0825,bumps,225.3,17,0.72
540,1715222,0.0102,0.0879,0.9597,1.6275,10.9113,0.56,1001.0876,bumps,225.36,17,0.78
541,1715282,-0.0398,0.0678,1.1392,0.1925,9.0037,0.6475,1001.0981,bumps,225.42,17,0.84
542,1715342,-0.0888,0.0498,1.2118,-0.5688,4.3837,0.3413,1001.1311,bumps,225.48,17,0.9
543,1715402,-0.0425,0.0449,1.1946,-0.5075,-1.6363,-0.0875,1001.1301,bumps,225.54,17,0.96
544,1715462,-0.054,0.012,1.087,-0.35,-4.795,-0.1838,1001.1279,bumps,225.6,17,1.02
545,1715522,-0.0035,0.0342,0.9933,-0.735,-4.6375,0.2975,1001.104,bumps,225.66,17,1.08
546,1715582,0.0165,0.0442,0.9403,-0.1488,-2.8175,0.4462,1001.1008,bumps,225.72,17,1.14
547,1715642,0.0122,0.0368,0.9288,0.4812,-0.2537,0.1838,1001.1003,bumps,225.78,17,1.2
548,1715702,-0.001,0.0278,0.9313,1.0412,0.3587,0.0437,1001.0828,bumps,225.84,17,1.26
549,1715762,0.018,0.0584,0.9874,0.7525,1.1375,0.2013,1001.1018,bumps,225.9,17,1.32
550,1715822,0.0366,0.0666,1.0036,0.5075,1.19,0.2713,1001.0928,bumps,225.96,17,1.38
551,1715882,0.0552,0.0039,0.9941,0.1838,-0.2188,0.315,1001.0962,bumps,226.02,17,1.44
552,1715942,0.0491,0.0495,1.0066,-0.315,-0.0088,0.2013,1001.0955,bumps,226.08,17,1.5
553,1716002,0.0618,0.0013,1.0094,0.2887,-0.14,0.0962,1001.0972,bumps,226.14,17,1.56
554,1716062,0.0925,0.0661,1.0426,0.3413,0.3325,-0.0088,1001.1096,bumps,226.2,17,1.62
555,1716122,0.0805,0.0526,0.9994,-0.0875,-0.8925,0.2713,1001.1011,bumps,226.26,17,1.68
556,1716182,0.078,0.0307,0.9819,0.0,-0.4725,0.2013,1001.1045,bumps,226.32,17,1.74
557,1716242,0.0824,0.0121,0.9819,0.3413,-0.56,0.245,1001.0906,bumps,226.38,17,1.8
558,1724462,0.0057,0.052,1.006,0.0437,0.7088,0.0787,1001.1155,bumps,234.6,18,0.0
559,1724522,0.0071,0.0388,0.9719,0.2188,-0.1838,-0.0262,1001.1104,bumps,234.66,18,0.06
560,1724582,0.0256,0.0329,0.9997,0.1312,0.84,0.175,1001.1001,bumps,234.72,18,0.12
561,1724642,-0.1034,0.0237,1.02,1.9775,1.995,0.3587,1001.0957,bumps,234.78,18,0.18
562,1724702,-0.0617,0.0532,1.1214,1.47,4.1737,-0.1575,1001.1157,bumps,234.84,18,0.24
563,1724762,-0.1142,0.0545,1.0989,-1.7325,7.3762,-0.3063,1001.1206,bumps,234.9,18,0.3
564,1724822,-0.0426,0.0611,0.9952,-1.435,8.645,0.2625,1001.104,bumps,234.96,18,0.36
565,1724882,-0.0378,0.0854,0.9184,-1.2862,6.195,0.4638,1001.106,bumps,235.02,18,0.42
566,1724942,-0.0317,0.0056,0.8549,-2.1962,2.4588,0.0262,1001.0867,bumps,235.08,18,0.48
567,1725002,0.017,-0.0015,0.8603,-0.9013,-0.35,-0.3237,1001.0977,bumps,235.14,18,0.54
568,1725062,0.021,0.0259,0.8799,0.2975,-3.535,-0.07,1001.0796,bumps,235.2,18,0.6
569,1725122,0.0634,0.0163,0.8835,1.365,-6.1337,0.4025,1001.0874,bumps,235.26,18,0.66
570,1725182,0.0859,0.0332,0.9069,1.5312,-7.9713,0.4988,1001.0896,bumps,235.32,18,0.72
571,1725242,0.0159,0.0403,0.9201,1.9688,-9.695,0.3587,1001.0989,bumps,235.38,18,0.78
572,1725302,0.0418,0.0425,1.0619,3.0538,-7.6125,0.21,1001.0984,bumps,235.44,18,0.84
573,1725362,0.0303,0.0584,1.2214,2.0387,-4.1038,0.0787,1001.1199,bumps,235.5,18,0.9
574,1725422,0.052,0.0661,1.1976,-0.2188,-0.07,0.0875,1001.1323,bumps,235.56,18,0.96
575,1725482,0.0344,0.0686,1.118,0.1838,4.6025,0.1225,1001.1304,bumps,235.62,18,1.02
576,1725542,0.0207,0.0359,1.0172,-0.245,5.4338,0.0437,1001.1204,bumps,235.68,18,1.08
577,1725602,0.0285,0.0251,0.9582,-1.575,2.5375,-0.175,1001.105,bumps,235.74,18,1.14
578,1725662,-0.0166,0.03,0.8889,0.245,1.085,-0.105,1001.0886,bumps,235.8,18,1.2
579,1725722,0.0252,0.032,0.9643,0.8138,-0.07,0.2362,1001.0889,bumps,235.86,18,1.26
580,1725782,0.019,0.0496,0.9614,0.455,-1.4438,0.1838,1001.0913,bumps,235.92,18,1.32
581,1725842,0.0166,0.0354,0.9926,0.7875,-0.91,0.315,1001.1021,bumps,235.98,18,1.38
582,1725902,0.0017,0.0681,0.9675,0.9625,-0.4288,0.2188,1001.0974,bumps,236.04,18,1.44
583,1725962,0.0288,0.0271,1.0336,0.455,-0.665,0.0875,1001.1069,bumps,236.1,18,1.5
584,1726022,0.0219,0.0551,1.0311,-0.28,-0.7525,0.21,1001.1074,bumps,236.16,18,1.56
585,1726082,0.0141,0.0534,1.016,0.2188,-0.0613,0.1838,1001.0947,bumps,236.22,18,1.62
586,1726142,0.0026,0.0502,0.9975,-0.4375,0.0,0.07,1001.1082,bumps,236.28,18,1.68
587,1726202,-0.008,0.0693,1.0123,-0.2275,0.2362,0.0088,1001.104,bumps,236.34,18,1.74
588,1726262,-0.0419,0.0395,0.9567,-0.2188,-0.6562,0.0875,1001.1042,bumps,236.4,18,1.8
589,1732622,-0.0083,0.0273,0.9821,-0.35,-0.6475,0.2887,1001.1011,bumps,242.76,19,0.0
590,1732682,0.0332,0.0822,1.043,-0.7175,1.155,0.315,1001.1028,bumps,242.82,19,0.06
591,1732742,0.156,0.0287,1.109,-1.5488,2.0475,0.4462,1001.1084,bumps,242.88,19,0.12
592,1732802,0.1323,0.0497,1.1085,-0.6825,4.4713,0.1925,1001.1187,bumps,242.94,19,0.18
593,1732862,0.0544,0.0085,1.0294,-0.1838,7.245,0.1925,1001.1118,bumps,243.0,19,0.24
594,1732922,0.0107,0.0197,0.9446,-0.385,7.4288,0.21,1001.1006,bumps,243.06,19,0.3
595,1732982,-0.0592,0.0427,0.8884,0.3938,5.3025,0.3413,1001.0964,bumps,243.12,19,0.36
596,1733042,-0.0476,0.0366,0.896,0.91,2.73,0.2975,1001.0884,bumps,243.18,19,0.42
597,1733102,-0.1013,0.0349,0.8252,1.3038,-1.155,0.1138,1001.0916,bumps,243.24,19,0.48
598,1733162,-0.0979,0.0464,0.863,1.68,-3.4125,0.1225,1001.094,bumps,243.3,19,0.54
599,1733222,-0.1279,0.0139,0.8926,2.3363,-5.4075,0.28,1001.0994,bumps,243.36,19,0.6
600,1733282,-0.1363,0.0306,0.9126,2.9137,-8.0938,0.4812,1001.1013,bumps,243.42,19,0.66
601,1733342,-0.0071,0.1081,0.996,0.6388,-9.3188,0.7437,1001.1018,bumps,243.48,19,0.72
602,1733402,-0.0054,0.0883,1.0716,-1.435,-8.5225,0.7788,1001.1074,bumps,243.54,19,0.78
603,1733462,0.0349,0.0966,1.1879,-1.3825,-4.48,0.21,1001.1172,bumps,243.6,19,0.84
604,1733522,0.0329,0.0334,1.2146,-0.4462,1.33,-0.2975,1001.1243,bumps,243.66,19,0.9
605,1733582,0.021,0.039,1.0868,-1.3825,3.955,-0.2537,1001.1316,bumps,243.72,19,0.96
606,1733642,0.0076,0.0254,0.9792,-0.7437,4.8738,0.2887,1001.1042,bumps,243.78,19,1.02
607,1733702,-0.0312,0.0251,0.9338,0.9712,3.4125,0.4462,1001.1099,bumps,243.84,19,1.08
608,1733762,-0.0134,0.0107,0.9367,0.9538,1.19,0.3413,1001.0977,bumps,243.9,19,1.14
609,1733822,-0.0098,0.0495,0.9426,1.4787,0.1312,0.35,1001.0908,bumps,243.96,19,1.2
610,1733882,-0.0168,0.0507,0.9445,0.4025,-0.665,0.35,1001.0952,bumps,244.02,19,1.26
611,1733942,-0.0029,0.0697,0.988,1.0762,0.3237,0.455,1001.0928,bumps,244.08,19,1.32
612,1734002,-0.0027,0.0571,1.0108,0.315,0.1838,0.315,1001.0972,bumps,244.14,19,1.38
613,1734062,0.0093,0.0129,0.9765,-0.4988,-0.9712,0.245,1001.0991,bumps,244.2,19,1.44
614,1734122,0.0193,0.0517,1.0141,-0.3587,-0.1312,0.3237,1001.1069,bumps,244.26,19,1.5
615,1734182,-0.0049,0.0095,1.0094,-0.5775,0.8575,0.2537,1001.0959,bumps,244.32,19,1.56
616,1734242,0.0098,-0.014,1.0102,-0.5775,0.035,0.4725,1001.104,bumps,244.38,19,1.62
617,1734302,0.019,0.0424,1.0148,0.0088,0.14,0.595,1001.0989,bumps,244.44,19,1.68
618,1734362,-0.0056,0.0364,0.9692,-0.0175,-0.3413,0.6737,1001.1033,bumps,244.5,19,1.74
619,1734422,0.0508,0.0376,1.0114,-0.6212,0.0962,0.525,1001.0947,bumps,244.56,19,1.8
620,1743962,-0.0081,0.0149,0.9856,0.5337,0.77,-0.0437,1001.1187,bumps,254.1,20,0.0
621,1744022,0.0251,0.0633,0.9715,0.35,0.4462,0.175,1001.1155,bumps,254.16,20,0.06
622,1744082,-0.1319,0.0132,1.0104,1.8637,1.5838,0.5688,1001.1177,bumps,254.22,20,0.12
623,1744142,-0.0805,-0.0525,1.145,2.1875,5.5563,-0.5075,1001.1257,bumps,254.28,20,0.18
624,1744202,-0.0733,0.0723,1.1344,-0.3762,7.9012,-0.1838,1001.1326,bumps,254.34,20,0.24
625,1744262,-0.0961,0.1476,0.9797,-0.63,8.8725,0.3762,1001.114,bumps,254.4,20,0.3
626,1744322,-0.0203,0.0412,0.8766,-1.9075,5.215,0.3675,1001.1074,bumps,254.46,20,0.36
627,1744382,-0.0393,-0.0044,0.8259,-1.5838,2.0213,-0.3675,1001.0957,bumps,254.52,20,0.42
628,1744442,0.0293,0.0229,0.8615,-0.9013,-0.98,-0.4988,1001.0977,bumps,254.58,20,0.48
629,1744502,0.0288,0.0139,0.8683,0.2537,-4.445,0.0,1001.0959,bumps,254.64,20,0.54
630,1744562,0.0434,0.0206,0.8395,1.0762,-6.545,0.4725,1001.0964,bumps,254.7,20,0.6
631,1744622,0.0872,0.0396,0.8923,1.1988,-8.1462,0.4725,1001.1038,bumps,254.76,20,0.66
632,1744682,0.02,0.0305,1.0038,2.4675,-8.96,0.5425,1001.103,bumps,254.82,20,0.72
633,1744742,0.0839,0.0212,1.0695,2.4413,-9.03,0.2975,1001.1101,bumps,254.88,20,0.78
634,1744802,0.0587,0.081,1.2124,1.1725,-4.0075,0.1488,1001.1304,bumps,254.94,20,0.84
635,1744862,0.0636,0.0959,1.2174,0.6825,1.96,-0.0088,1001.137,bumps,255.0,20,0.9
636,1744922,0.0554,0.0899,1.1464,-0.0262,4.5062,0.175,1001.1318,bumps,255.06,20,0.96
637,1744982,0.0043,0.0554,0.9967,-0.595,4.6462,0.175,1001.1299,bumps,255.12,20,1.02
638,1745042,0.014,0.0437,0.9084,-0.5775,3.1588,-0.2975,1001.1187,bumps,255.18,20,1.08
639,1745102,-0.0151,0.0369,0.8896,0.0,1.0063,-0.2013,1001.1003,bumps,255.24,20,1.14
640,1745162,0.0225,0.0317,0.9536,0.6037,0.0613,0.1838,1001.1047,bumps,255.3,20,1.2
641,1745222,-0.0154,0.0246,0.9277,0.4462,-1.2513,0.0437,1001.1147,bumps,255.36,20,1.26
642,1745282,-0.0265,0.0237,0.9689,1.1025,-0.7525,0.3938,1001.1125,bumps,255.42,20,1.32
643,1745342,-0.0401,0.0295,0.9728,0.6037,-0.2275,0.1838,1001.1182,bumps,255.48,20,1.38
644,1745402,-0.0247,0.0508,1.0385,0.4375,0.3413,0.0262,1001.1135,bumps,255.54,20,1.44
645,1745462,-0.042,0.0593,1.0267,-0.0175,-0.1312,0.14,1001.1184,bumps,255.6,20,1.5
646,1745522,-0.0603,0.041,0.9894,0.035,-0.7088,0.0787,1001.1221,bumps,255.66,20,1.56
647,1745582,-0.0725,0.0446,1.0104,-0.6388,0.0262,0.28,1001.1157,bumps,255.72,20,1.62
648,1745642,-0.0994,0.0271,0.9863,-0.3938,0.4112,0.1138,1001.1223,bumps,255.78,20,1.68
649,1745702,-0.0778,0.0752,1.0009,-0.2537,0.21,0.0875,1001.1177,bumps,255.84,20,1.74
650,1745762,-0.0869,0.0373,0.9958,-0.1575,-0.28,0.175,1001.1167,bumps,255.9,20,1.8
651,1750142,-0.0748,0.0312,1.0214,-0.1312,0.6212,4.2175,1001.1055,bumps,260.28,21,0.0
652,1750202,-0.1027,0.0142,0.9775,-0.14,0.0962,4.62,1001.1067,bumps,260.34,21,0.06
653,1750262,-0.0844,0.0227,0.9857,-0.07,0.3325,4.8038,1001.103,bumps,260.4,21,0.12
654,1750322,-0.075,0.0244,0.9789,0.2537,0.5075,5.1188,1001.1067,bumps,260.46,21,0.18
655,1750382,0.0488,-0.0023,1.035,1.715,0.07,4.6025,1001.0989,bumps,260.52,21,0.24
656,1750442,0.0419,0.0021,1.1424,4.2175,3.255,4.8125,1001.1211,bumps,260.58,21,0.3
657,1750502,0.0295,0.0376,1.1549,-1.2687,7.3325,5.3375,1001.1243,bumps,260.64,21,0.36
658,1750562,-0.0996,0.1035,0.9529,-4.62,9.7913,5.53,1001.1179,bumps,260.7,21,0.42
659,1750622,-0.0912,0.0554,0.8184,-3.15,5.425,4.9525,1001.083,bumps,260.76,21,0.48
660,1750682,-0.0835,-0.0041,0.7554,-3.2375,-0.6562,4.1562,1001.0791,bumps,260.82,21,0.54
661,1750742,-0.1064,-0.0185,0.6952,-3.3425,-6.2387,3.43,1001.0698,bumps,260.88,21,0.6
662,1750802,-0.0698,0.038,0.8882,4.97,-10.815,3.5,1001.0791,bumps,260.94,21,0.66
663,1750862,-0.0015,-0.0915,0.946,4.9525,-12.355,4.4187,1001.0874,bumps,261.0,21,0.72
664,1750922,0.0589,-0.0271,1.077,2.8788,-10.1587,5.5825,1001.1157,bumps,261.06,21,0.78
665,1750982,0.0745,0.0644,1.2753,3.99,-4.9612,5.4513,1001.1394,bumps,261.12,21,0.84
666,1751042,0.0869,0.0663,1.3235,1.7062,2.2487,4.7775,1001.1365,bumps,261.18,21,0.9
667,1751102,0.0761,0.0692,1.1517,-0.5163,6.405,4.0163,1001.1353,bumps,261.24,21,0.96
668,1751162,0.0102,0.0468,1.005,-1.8375,6.3438,3.9025,1001.1067,bumps,261.3,21,1.02
669,1751222,0.0242,-0.0195,0.916,-1.8288,4.13,4.4625,1001.1045,bumps,261.36,21,1.08
670,1751282,-0.0125,-0.0366,0.8511,-1.1113,1.5137,4.7688,1001.0867,bumps,261.42,21,1.14
671,1751342,0.0026,-0.0038,0.8884,-0.4025,-0.035,4.8738,1001.0847,bumps,261.48,21,1.2
672,1751402,0.0044,0.0135,0.9689,1.2162,-0.35,4.8475,1001.0908,bumps,261.54,21,1.26
673,1751462,0.0029,0.0361,0.9589,1.1638,-0.595,4.4275,1001.0938,bumps,261.6,21,1.32
674,1751522,0.0332,0.0388,0.9673,0.385,-1.1113,4.8125,1001.0933,bumps,261.66,21,1.38
675,1751582,0.0278,-0.0225,1.1111,2.52,-0.7,4.0775,1001.1123,bumps,261.72,21,1.44
676,1751642,0.1501,0.0168,1.137,4.9525,-4.6462,3.4037,1001.1243,bumps,261.78,21,1.5
677,1751702,0.062,0.0911,1.1234,1.925,-7.595,5.2325,1001.1313,bumps,261.84,21,1.56
678,1751762,0.0656,0.1871,1.0191,-2.94,-6.9037,6.6675,1001.1196,bumps,261.9,21,1.62
679,1751822,0.0724,0.0905,0.8563,-4.8387,-4.445,5.9675,1001.0908,bumps,261.96,21,1.68
680,1751882,0.0418,0.0049,0.7796,-6.265,0.49,4.0338,1001.0793,bumps,262.02,21,1.74
681,1751942,0.0725,0.0027,0.7337,-6.7288,6.6937,3.0013,1001.0601,bumps,262.08,21,1.8
